BSCJ,BSCK,BSCL,BSCM,BSCN,BSCO,BSCP,IBCD,IBCE,IBDC,IBDD,IBDK,IBDL,IBDM,IBDN,IBDO,IBDP,IBDQ
0.0,-0.002379661350075797,-0.002909845933684788,0.0019572241961921056,0.0009912692369052458,-0.0014996746254468455,-0.002496868423772328,-0.0004084285147970095,-0.003932591803513499,-0.001818579871184137,0.0019281586817530144,-0.0009298760510141547,-0.0027866282420553217,-0.002451156587354245,-0.0028581554917577645,-0.0006546079296591908,-0.0066115973293647936,-0.0020647891067850027
0.0031157813695643567,0.003435309697258381,0.00902980816525234,0.007948522439324486,0.0024749864065404287,0.008907960030904966,0.004254734844267233,0.0035307730888202494,0.008790397692193256,0.01042119004440724,0.013555828370028692,-0.0020237263576766253,0.0019960536257601306,0.0036855479510328865,0.003685520808197037,0.0031136898278656317,0.006655601486377443,0.003599666848547107
0.006217277553281325,0.01048105327477539,0.01014447079431373,0.013113177661707208,0.012839519164359471,0.01094023319623418,0.010465829338260606,0.013740538262808093,0.014554448134548072,0.002295243515747809,0.009498230066482876,0.010746332286557818,0.007370485647390225,0.01183203713189109,0.0106078360699435,0.01143824886668014,0.013801695771494113,0.013728229889466795
0.002851724247754304,0.0018858250131339128,0.0009569734691806631,0.00047921563315737236,0.0019503728892984265,0.006394258082792132,0.006165090599200033,0.002225397689350991,0.0016397973435155436,0.0053436082669392725,-0.0005701773499240376,0.0022064693184196296,0.004746030641057689,0.0004028770380749288,0.002220543262860989,0.002422949327109839,0.003749760668140372,0.0036597795117127453
0.003317576007243823,0.004706141551477882,0.008122268210733388,0.006708454826701895,0.006812830494716114,0.006353738983811835,0.0063726942790361535,-0.0009083981243567443,0.005933113858001283,0.0014236554352723633,0.005800876610218027,0.0020016823248710553,0.004920424141041515,0.0052400414138770186,0.007452284550327378,0.004432366037481237,0.006050561196986622,0.006685667532713852
0.005011721195124078,0.0052514068102672345,0.0069337513957243935,0.006053939999558285,0.008620611098407711,0.007592138849872546,0.008253775693239145,0.015360817268634357,0.01605425314178557,0.01143696748828684,0.014288729184910628,0.0015981127990066493,0.004700106420668951,0.007510490531919775,0.006210213314094592,0.010525789296969457,0.007891175248844445,0.007789187782948122
0.0018832419868776609,0.0009338796833561881,-0.00047197970461877774,0.0023709136465669663,0.0,0.0014499606440770238,0.0009685911187179555,-0.002003544762711038,0.0002020295432638093,-0.004342890854880298,0.00197777003840344,0.0011967572425205634,-0.0015595398868960696,0.0,0.001992074911453982,-0.0017915830275189407,0.0,0.003004285550314832
-0.0014098014101495734,0.0,0.0,0.0004733988821829369,0.0014410871895832293,-0.0014478613021707944,0.0009682371651305693,0.0003009783147893952,-0.0010099881296055167,0.0014226128870845226,0.0015971220144564966,-0.0011953267266033227,-0.0015616832047753613,-0.0007979685507727074,-0.0023859012019982594,0.003190090315875902,-0.0012046202618880824,-0.004393008099004426
0.0018825550447109612,0.00373138602491531,0.005190924072327072,0.005673290620575258,0.003836792219518773,0.0055096699522637635,0.005802691022927073,0.001505554918540233,0.0026285528213279533,-0.003124771041156813,0.006098772168713901,0.0019946662878644046,0.0027373354270971624,0.002794582172745128,0.004384563025132282,0.002384644886574453,0.010052213855828362,0.006017139190867754
0.001878719386352745,-0.0009293910402259204,-0.0004693594884046245,-0.002350595155720364,-0.0014335133528619107,0.0007692896976265484,0.0005287116275210252,-0.0007014303624188056,0.00010078705324398314,0.0019946529151851407,-0.0012122861142394288,0.0009950506385824518,-0.0003896821422228979,-0.00039803986297750585,-0.0003969544132093865,0.0003964664526955471,-0.00043804284259242745,-0.0011964498431522956
0.00014331447169976715,0.0018153666844033906,0.0011288941396115726,0.0016005108583917668,0.004265114404328867,0.004864993759040898,0.0030815738183988853,0.008619099606967922,0.010290159803934641,0.009070140609802324,0.013313669407230142,0.001077214446580366,0.001875272235297677,0.001875110115526902,0.0012723688764905699,0.002424506058711909,0.005030230503460914,0.006681260298366476
-0.003286085201244369,-0.00511618178951007,-0.005642199514251544,-0.0070718659590236375,-0.006112481476361742,-0.005750004278745764,-0.009069215166090673,-0.005004838384682949,-0.007251431524348107,-0.0057721330710679185,-0.007631945893578657,-0.003183393811673834,-0.00546247173343489,-0.0069314859202531465,-0.005961753851925279,-0.007530573636827621,-0.008343497405577513,-0.007952027941857998
0.0,0.0009350890910793765,0.002837031044140644,0.002848411523725618,0.0018258399870491058,0.0028912065900544605,0.002421200556607017,-0.003722672781349509,0.0013187490174975008,-0.0030455409664160407,0.0017821337663456343,-0.0003991790865512957,0.0007848727546899436,0.0,0.002399021114941754,0.0027955008565102852,0.002404032570763924,0.0016028805645441546
0.0028259947109110896,0.0037364140242441947,0.0033003961032823425,0.006155502917070662,0.007673672953744637,0.00648743517829947,0.008212335880876286,0.0055542291874067975,0.005674031127105943,0.00343653659281585,-0.002527665471556371,0.0035941739769968905,0.003920322550442402,0.006418227604077255,0.004387578544051671,0.0067704325996117976,0.007993435446086798,0.008803627745568171
0.003578470936365775,0.004760471880045432,0.005569434562440005,0.005628717697779506,0.005355794427520639,0.007150941958140645,0.007270094711464938,0.0060172628807107185,0.014681013452539284,0.011190168170664816,0.02091475415143446,0.0021547791443505392,0.005483051088279248,0.005763219022783493,0.007298303139686069,0.006442956513167181,0.0067340595289524605,0.007256123586930805
0.0009376759811851623,0.0009283519790232267,0.0014048289544766213,0.0,0.0,-0.0025669538338382817,-0.0030041992717710986,0.002010113161847662,0.0019039511424572039,0.0011375150896401312,0.0035284054918764064,0.0019888143037735807,0.0014008978096591868,0.0,-0.00039534066203687215,-0.00019679196140156655,0.0011845791915739215,-0.0011846570472646798
0.001404875142580281,0.002317716369058519,0.002806920312187481,0.005628129696138732,0.003322475533016857,0.004002737021021639,0.0052605232511934285,0.0007024118213082201,0.0020998312303759496,0.0009471004801858148,-0.0008325441960436164,0.000595451595155234,0.002875208062816461,0.0031768593587741586,0.003163378717199373,0.0039414094490808115,0.002366958558229729,0.0043494871897961146
0.0014032990184605235,0.003237752434476954,0.0051300491034208225,0.0009329727968501427,0.006622689074635193,0.008068110819862407,0.01041927184799157,0.006414546315199186,0.000998247438740167,0.0024597209481640892,0.008889426819396374,0.0017851652577371567,-0.0003875349134741593,0.003760884555898251,0.00630646630595156,0.006282000425723389,0.0035419249669596873,0.008661258973806787
0.0029923872611545537,0.0036007689814398897,0.005303937607924132,0.010125756135572185,0.009421907711405627,0.010054651264078462,0.007698964141985316,0.0022481632498683717,0.01582423307551953,0.007952337658465609,0.016136283235959104,0.0020585083313702664,0.003492225544293017,0.0054883196642417035,0.00553301341420749,0.008050200292916417,0.010529623946653204,0.007083578147762709
-0.0032645898858341344,-0.003221246170439289,-0.003237772804797681,-0.004622939796002125,-0.006999548306732841,-0.009345836762610691,-0.007962497013776885,-0.007066567078653181,-0.010918537379916634,-0.0034708477729711944,-0.01131821341590086,-0.002771236423826688,-0.002321888318663168,-0.006289452560549565,-0.009371391028834688,-0.005044570420659213,-0.00933873960463977,-0.0062186042468134394
0.002339614137176838,0.001846688660440345,0.0018562650659496996,0.004644410626717352,0.002819371247964659,0.004716951298842979,0.006137862004791348,-0.0005014697603599475,0.0025855896868355378,0.0010353769160285527,0.001648498054514254,0.0015878199086102978,0.0019396440129315683,0.005142685476367775,0.009657293519365551,0.0023402239363580603,0.00549894424549816,0.003128587526810117
0.0023338088781810627,0.002764682356117936,0.004168585229190526,0.0032365149640125037,0.003795776035272999,0.006572902584589654,0.003753946519133409,0.0073211603127124394,0.004265582180816903,-0.002162556414016289,0.003199857826372365,0.0031711941108677434,0.004451918456432043,0.004722310035563454,-0.00019536204289514705,0.0023347600749451703,0.005468700990295624,0.008577006363288136
-0.003725978775320154,-0.003216415420913601,-0.006918783982849538,-0.007373316804451739,-0.007048717305891003,-0.01119413078043518,-0.00981751058743903,-0.00597337524516297,-0.01066749018810152,-0.0007537837267424584,-0.008020430899242243,-0.003951231264217975,-0.00481769772876331,-0.00861740151806452,-0.005466707826270604,-0.009705170463191918,-0.012431980233918885,-0.013142422107360541
0.002429222690106212,0.0021648062949265728,0.006548250970219497,0.004404064951451328,0.008088162363364806,0.00706555433124811,0.006602276912669165,0.0044118873822063896,0.006603933232790364,0.006317235600243554,0.00496183715340155,0.003211665071858907,0.00422058175523953,0.0031611543908194,0.004593600890052224,0.01019196905253986,0.0048779733038863725,0.00520949971930687
0.0009339039661785263,0.00046067271699777156,-0.0013869698817332466,0.0018525549277766987,0.000280687561474749,0.0023476472468413638,0.0,0.0,0.0007952497650922303,-0.005257420419185691,-0.0007331543617671143,-0.0007919988403144356,-0.0011593413459903858,0.00039357202551650554,0.0008990263325174846,-0.0007758872376092826,0.003758463185311901,0.0013246083704012673
-0.0009330326033297029,-0.000920921190728643,-0.0009259143397922789,-0.0036985561232363625,-0.00046741133549175166,-0.0014053197884441278,0.00047004788699001005,-0.0011987931409673778,-0.0023837253376816315,0.00037764901592341306,0.0,-0.0027743190325001713,-0.0005804462448699912,-0.0011808422157018913,-0.003514092967370516,-0.002330058196754873,-0.0011702121828101346,-0.003502346454217328
-0.0009341496010986935,-0.0004611294058629786,-0.0004635099869249122,0.0018562924107449735,-0.0019167103165144805,-0.0010317529020665189,-0.001409940401313969,0.0004004558660706437,-0.001194710530603659,-0.0026417058095624703,-0.0018345082919322946,-0.0003975000475670277,-0.0017419388137617775,-0.002168232304811348,-0.0015673221412528012,-0.0011677078485807075,-0.0023429961966834217,-0.001054170408169238
0.0007377413019621961,-0.0008695333706350364,-0.00016170691980307332,-0.0014701121651620466,-0.0014363352579532065,-0.005583633610363451,-0.010399948530689698,-0.0032013134369774906,-0.00019414591942129743,0.002910711854033471,-0.003886497953765867,-0.0011926374587207364,-0.0027143651615025442,0.0010643326725579864,-0.0007851236456712635,-0.005845871616810704,-0.005753382645808002,-0.006254942295539313
0.00046787935965078185,0.0018500088286755,0.0,0.0013947700079626408,-0.005361087507598029,0.0007104872717457061,-0.00042792756390030886,0.002812333421430173,0.0,0.0007558146179142247,0.0011095353106412651,0.0011940615412428402,-0.00038860350309924413,-0.0007905821604138415,0.0017673136414005648,-0.0004312699144850456,0.0006693313827250756,-0.0015733307951663938
0.00046761143724252766,0.0013849200374887651,0.0023230120057952585,0.0018570699934360663,0.007565167245784073,0.007568480682396381,0.008325558424436556,0.0008016249023835294,0.003597265489714656,-0.0007552437936149216,0.0033246379201004,0.0007951477877041061,0.0038896120496313257,0.0015827115875360512,0.0009803479576732566,0.006706263964212908,0.0031470878465087826,0.009061985310367835
0.0004677365141248787,0.000921970603381885,0.0013910414302713506,0.003243426953051529,0.0032848273773241022,0.0023474572921975503,0.003066609441734776,-0.0020015954935501752,0.003583986886439228,0.0007558146179142247,0.0018407904307647515,-0.001589074138040376,-0.0030993862729422105,0.0011853163752769142,0.002741813567810628,0.0010515744641049231,0.004705864860327704,0.0
-0.0032709565680932953,-0.004606045412062597,-0.004629409602219825,-0.005080576152519343,-0.008418964441041251,-0.010210767222076388,-0.00893664438434807,-0.0016047995503917615,-0.007539637974212168,-0.006419871707976436,-0.008452513493484646,-0.002785569204800201,-0.004663905146780162,-0.005130374348305525,-0.005859165705405372,-0.006887842129489303,-0.009679915910612956,-0.007809402170672542
0.0014972449835721196,0.00175323492603782,0.0024138741264177377,-0.0006619618442709951,0.000972328844306344,0.0036756909592138187,0.00045451286852760564,0.0012107749778120054,0.0014082762167859206,0.006380497946721661,0.0038798766895108243,0.0035927484212679244,0.004176998425800085,0.002454102551300337,0.001167545953693221,0.000886317057977351,0.0018710154876333321,0.0015568605130979955
0.0009376848082329037,0.002313955857172863,0.006973658672473491,0.009310887912717685,0.0014175611887857732,0.005670717551836073,0.00713233714592162,-0.001205772068215415,0.0016009694690524575,0.0011349732484852715,0.004811231029403754,0.001592778002675819,0.0043241808611864,0.0031717492955042103,0.005586141069731499,0.0035322452321836853,0.007375918443010623,0.006698015072317556
-0.0009368063791229445,-0.004616886308363928,-0.008771963432665845,-0.010608941280862628,-0.0056606418729864575,-0.009069212944562515,-0.010009430467196687,0.002816836537015241,-0.00639235836498624,-0.002645733943475885,-0.00552468671612154,-0.0034989344268912216,-0.004654569125522536,-0.003952351753906766,-0.007119802947029244,-0.005083821209880293,-0.00783074101310924,-0.009393053373143636
-0.0009378322738665582,0.0,0.0009314707684085912,0.001864483686514468,-0.004981162874779904,-0.0010433383954585736,-0.002289305987246267,0.0,0.0036186030297747696,-0.00037876467128208685,0.0014812084308014454,0.0025135474358981423,0.0,0.0,-0.00011833001309586611,-0.003301876752281913,-0.002959693838912016,-0.0011852918648688991
-0.0004722345936293123,-0.00766679835112245,-0.007971597791561697,-0.008296900031099827,-0.009473987496367737,-0.021741767377417648,-0.017537796215678927,-0.009724276728501584,-0.013426234031986272,-0.0024047127521069547,-0.01687888309791439,-0.0014351826950829438,-0.004411042232043737,-0.0058858590310907795,-0.009007562673653786,-0.01001108065476244,-0.016281110982221913,-0.0218190358651149
-0.0061120216021169176,-0.003277409967864176,-0.01174780831827254,-0.013164294164989071,-0.01157734270131933,-0.005350018964286599,-0.014042155826842326,-0.002435011326873751,-0.010988876227972476,-0.003806597160646322,-0.006410450482071841,-0.005588950511612756,-0.0074510339513988565,-0.01000007881155572,-0.009964070303349424,-0.0107829309578185,-0.010408014126280108,-0.006893649153594189
0.0009460707012274935,-0.002817943364454997,0.0,-0.004287701359493288,0.0019516942164095649,-0.002445406306839957,-0.000593358162887509,0.0012204562518057839,-0.005349817472159939,-0.006113933006514647,-0.0022767761540542315,-0.0004012879529271519,-0.0011853372514722634,-0.006060723157509278,-0.006038801149200968,-0.003229578653981807,-0.0004079817020603959,-0.0014701097596375426
-0.0009451764974357807,0.0,0.0004755004167194373,0.0009569935228547927,-0.00048693383724928487,-0.0004902378516339583,-0.0004947497894812903,-0.002438064681920217,0.00041377184779443996,-0.0003845499230778686,-0.0022822574955447075,-0.0004016186520656528,-0.003164399272904168,0.0012196657816167644,0.001620185596732759,-0.00040471057255274216,-0.0012232954419383805,-0.0034348912028670502
0.0024606158820220155,-0.0004216036296059044,0.0010931917443580152,0.00219855277988715,-0.0007840130734192572,0.002161504305744991,0.002577087167392455,0.0023985813214428852,-0.0006215057699508063,0.006822855996254044,0.0017050710743649858,0.0011659340430938208,0.00285410157382214,0.0012561021967065185,0.001170415129476714,-0.00028635648311087854,-0.0006175304111820642,0.0019644715872729605
-0.0033079615081834236,-0.0014161580658796026,-0.004757436582890235,-0.005736492992752058,-0.003618617066117811,-0.011285415541027044,-0.008514828377978168,-0.0036626424209145344,-0.007880456253603325,-0.00803666688265098,-0.009538248425618463,-0.003617189767032604,-0.004955372618654119,-0.003250825122416636,-0.0068825307436385045,-0.008939634362884901,-0.009012508090333963,-0.010677471504965428
0.0018963391127823851,0.00047293777310301443,0.0019120509261505128,0.0024042856190500967,0.005594846377067749,0.009428911719961476,0.003744866664096649,0.0008166944397124668,-0.0004183039579460228,0.006558516644833121,-0.00038556872521234,0.001210263023636806,0.0023904899694094533,-0.00285349988851856,-0.0008151133156994312,0.006273039659674125,0.0080609128772138,0.0029058457523704266
0.00047343483379038586,0.0018900610196252625,0.0014313267555104404,0.003357232840853778,-0.0009763444330384127,0.004425095029575082,0.0028352355769767435,0.005776722475208291,0.012940792353845484,0.0018644910012522915,0.012855515187995705,0.0037103222062458033,0.003979184087731984,0.011047822218081746,0.01282655720067715,0.008936917786929005,0.005668995957068812,0.00965542354278392
0.0026067886784675127,0.0032180633327294644,0.004494608272642246,0.0007299216645629705,0.008992373580465658,0.0036636196068327094,0.009252247500094408,-0.00203166019708292,0.0008272778531181147,-0.0007665039850604168,0.0007625805523830925,0.004975664140512513,0.0003963705740274699,-0.0012145617100148946,-0.0004033049559957261,0.002427371041597716,0.00531046869778858,0.008422200341808307
0.0009454899331142198,0.003299041126944298,0.0009510870043292203,0.005747343621175911,0.001947513586887353,0.003917783478650961,0.0004941945521794707,0.002035796243279763,0.0008269898453617358,0.001150154789350331,0.0022857134483075976,-0.00020066847950385997,0.0023772811598670065,0.001216038664014104,0.0012105753595547967,0.0008068178032277849,0.0012188843060886255,0.0014260283041282755
0.0018879617198059551,0.0009391526171091336,0.0,0.00047614103147862756,-0.000972045513772175,-0.005561091070373538,-0.005928623657540735,0.0,-0.0024783921773505802,0.0011491551875484481,-0.0030407626027424807,0.002409431542775071,0.00197657781361595,-0.0012145617100148946,-0.0011287738534804142,-0.001007720038499274,-0.0032463865650140125,-0.004881893890003365
-0.000942521717519335,0.0009387642007734834,0.00047511675789675917,-0.0019036577163658575,0.0009729913056057283,0.0024034316159366096,0.002484801499097749,-0.00081257079199182,0.0,-0.0026780968769047147,0.001906349535165744,-0.000200226323804366,-0.00039474388648636183,0.0024322494434755285,0.0011300494237230533,0.00044389781978312453,-0.0008146683355732832,-0.0008175594873540777
-0.00047128698911169073,-0.0014066040879148472,0.0,0.0,-0.000972045513772175,-0.0012233958247832065,-0.00297441360072122,0.0008132316002372978,0.0041410045484442815,0.0007675071894137095,-0.0007611295733746888,-0.0010017523101865085,-0.00039448329768041216,-0.0008087826533333292,-0.00028215043295486125,0.0009681809221882767,-0.00020366825343527963,0.0001634685339016019
0.002549932420954348,0.0038539393754147633,0.004516460089945873,0.005681456110009368,0.004478582827344297,0.006327350980338412,0.008362672348833913,0.003177901059636734,0.001463305000361724,0.0060115468838192005,0.005154223657701407,0.0032102519434933537,0.004224661902889842,0.005346272874540761,0.004278473481844812,0.004963050595456966,0.007018750575847334,0.006802872608373689
0.00047134165136222264,-0.00046880630795438866,0.0,0.0,-0.0003396045843416314,-0.0024412257142998315,0.0015827411007557936,0.0008113915724751482,0.000825621704489258,0.0,0.0011391139120388706,0.0,-0.00039401598542407204,-0.00040325011818266257,0.0,-0.0006831957526554978,0.002029493713137469,0.001629883884517674
0.0014138989413607984,0.004688050906783926,0.004263498104179146,0.00570306859337401,0.008109767475798555,0.012481488840542327,0.008789715433279619,0.0024319900772541525,0.008659666059031575,0.0030534637608266137,0.007208106949859755,0.002402898353848325,0.003940218778557997,0.004035410384136882,0.004024263443427151,0.005109913223035386,0.008140758271117574,0.007323157331805539
-0.0028233639805407213,-0.005599704189454515,-0.00660376978273652,-0.008506617107822299,-0.010116019613734008,-0.013294424118267749,-0.011013334575235505,-0.006874138926222492,-0.012673873527968015,-0.005327085481574262,-0.009792898673035282,-0.004195065176889287,-0.005886800846021252,-0.006832710358682093,-0.008417187399617821,-0.008006377392015018,-0.010084049670996818,-0.010096937187990727
-0.00019188145718933728,-0.0003814845675794977,-0.0025767539081561195,-0.003878365939089943,-0.003380643247604937,-0.002234256528780623,-0.00626550264550256,0.0020705723798193475,-0.0030928335737854546,0.0006833662472169827,-0.002493662151512573,0.0006775932000423593,-4.878124448057146e-05,-0.0011080373972804018,-0.0028965170289999872,-0.00394479218289416,-0.0053492407511647536,-0.008659728913829606
0.0009453278817127043,0.0018805997964573887,0.004291941832507825,0.005752382312147199,0.00587081504965906,0.005413386343619677,0.00648688699386451,0.0016278198433144436,0.0004160585093685849,0.0011489719259832262,0.001911422208924589,0.0020078973546216877,0.0015822862460041036,0.0028421547708954113,0.0052823525094282476,0.0052803222095059495,0.003682579006603743,0.005365415694339524
0.0018880839515324087,0.0028154819045807405,0.00284923320165207,0.003336737660856467,0.0043776060222765435,0.004894748824546396,0.00495778117563514,0.0016255970243880572,0.009155518031700541,0.0019128222168836645,0.00228928209079188,0.0008015746470002473,0.003159407050616559,0.00242900221541228,0.005658821994401471,0.002827881108066789,0.005707370091230253,0.009441553057494223
0.0004715728620040499,0.0009361202362880386,0.0014201701860791095,0.0,0.0019370198531420367,0.0017534682934449786,0.002466687740019681,-0.0008115637709694965,0.0045358126395743,-0.0007634683796013349,0.005329538531791898,0.0004006128191582044,0.0007874469433613617,0.002019555440801251,0.0008038176684265406,0.0036264366569543744,0.003242628725470311,0.0032531290516115184
-0.0009421619250791136,-0.0004677446727571229,-0.0009455038280707731,0.0014252029833031784,0.0004829851056408161,0.0006807654977400107,-0.0004919661027005896,0.00040615370373178934,-0.0016420930175943178,0.0,0.00037861721055179137,-0.002402003073663526,-0.001573820156015508,-0.0020154850569885567,-0.0024095588655739237,-0.0012043729109358927,-0.002424186927045609,-0.0028372743144675157
0.003303743300288909,0.004918536359168208,0.00663625299892254,0.008178369488530174,0.010508435947836823,0.011839677395337393,0.011746540226217158,0.004796763909928989,0.011741728904711276,0.005205794415278122,0.011952797010361971,0.0031711114261340637,0.0061946822004585655,0.010599741708993986,0.010001406015960416,0.012206151756234304,0.00965937707044698,0.015116659766189972
0.0,0.0009323203696706598,0.002355349601707136,0.002828974579580675,0.0019164612777336511,0.0,0.0006341708580811348,-0.0008087315615379437,-0.0016293205917768364,-0.00038058433635935676,-0.0033745028863178,0.0004008584256923855,-0.00039189612015022655,-0.0008008953942072202,0.003196266022675712,-0.00039780162749595763,0.0012065571207446502,-0.00401604833222657
-0.001411996191703744,-0.0018630498964245282,0.0,0.00047022349020293513,-0.0014349133393932235,-0.003370165168325866,0.0004872231704221836,-0.002024369380807648,-0.003263786783288775,-0.001905078539678789,0.002257325713700177,0.0008009358976711504,0.0003920497629312251,-0.0004009589192136475,-0.0015931256608735821,0.0,0.0020090640916296974,0.003225819573592656
-0.0014136499104617645,-0.0009330930366884068,-0.003759555770135494,-0.006109239791165786,-0.004549550500533245,-0.0038648621662745225,-0.004872971058493834,-0.0028400935920111546,-0.0016376694862492653,-0.0007631510612559764,-0.003378302782790844,-0.0016005063091968695,-0.0023536410644885795,-0.002405661151425249,-0.002393057659179942,-0.003982908980634915,-0.006415488241117873,-0.005627064813929372
0.0032114544540336075,0.003881027560053328,0.003679346488014636,0.0061468916890601065,0.00664350846500297,0.008206231060082112,0.0065658219599018346,0.0032148164486174692,0.003078358540329716,0.004054444046477985,0.004711115013824734,0.003008144097806496,0.0033441960486755564,0.00450601186682479,0.005925681974766697,0.006564288547531889,0.0075897602173520375,0.006510058333370996
0.0014135638279019198,0.0013981068904558693,0.003766133311823082,0.004237104911785448,0.004789506579531986,0.005303885674880693,0.006826175030447654,0.0036553468060191545,0.008193581669885387,0.0015244784319360574,0.004509653110244196,8.010502974516992e-05,0.0036520909459689813,0.002806794991443958,0.003984221040270385,0.005575226257749393,0.007229095056732631,0.007249637968486059
-0.0009408503789642436,0.0,-0.00046893268087311085,0.00046905515866709597,0.0009531840991091092,0.0009593615486831977,0.0,0.0,0.0,-0.0011414994334754554,0.0,0.0001200853756986104,0.0,0.0007995465266043486,0.0,0.001188275029797223,0.0007973543393234166,0.00039973284393216414
0.0,0.0004651099124328512,0.0018771030695800784,0.0014054211651557795,0.0019049052985764226,0.003354013004876739,0.003873652221756912,-0.0016183693333257688,0.0,-0.0007620281673985657,0.0022448026814920518,-0.0012007512606304555,-0.001565223620234508,0.001877771780350695,0.0019838482770297037,0.0015819818189798686,0.0027887293461806343,0.003197397633553776
0.0010821759329957322,-9.48515086289556e-05,0.0006562908016433988,0.0007976243966925432,0.0005254174855058754,0.0007684396486869383,-0.0004322970908730787,0.0011350941997883928,0.0006088883042083357,0.0017542080742065113,-0.0024704310740090787,0.0019623478984194974,0.0006652008742873722,-0.0006003769576474513,-0.0008723461495658184,-0.00027378210822386344,-0.0007910689641092911,-0.00035643166876631293
0.0004712866359461635,0.00046600526978010187,0.0018760896833924711,0.002342906724332696,0.002809110538080296,0.0033492023940087266,0.005080944428720618,-0.0012163498989965682,0.00040704848025317384,0.00038127179000608174,0.006001422048980868,0.0004008077311024305,0.000784650674176147,0.002398834427041589,0.0015893018617105373,0.0024553934752825613,0.004106698980042763,0.004796312397676025
0.0004705279426950238,0.0009316734188336186,-0.0014045549657738135,0.0,4.7588195202146255e-05,0.0,0.0004813949520232534,0.0028422366949177715,0.002440912011581681,0.001143339768205859,-0.002982711529387345,0.0,0.0,-0.00039889086551239314,0.001189823395752585,-7.919596868649742e-05,0.0010723222034507943,0.0011934392928808814
0.0004707455511302494,-0.00046520928869979314,-0.0014063341683636249,-0.0032725202621628753,-0.003798659619540912,-0.0061990479139037045,-0.006256040664009554,-0.002429388063064319,-0.0040583234692044175,-0.0015227252530998273,-0.0022438938045272407,0.0016012560190248257,0.0,-0.002793392217526415,-0.0031693286279115165,-0.0039904359210100205,-0.005870600173809253,-0.007548887904727549
-0.0014112309553644966,-0.0023280016280450627,-0.002817415952366821,-0.003283363286606997,-0.004289812655319536,-0.004798457908197586,-0.007215544629310682,0.0004056949741894038,-0.0044824066375314725,-0.0003811527541679628,-0.003748299585910683,-0.0019987027328713896,-0.0021951354061651085,-0.003601342680896178,-0.003974812195921774,-0.0043236184485880465,-0.005666233880667741,-0.00440333219088851
0.003300129143765165,0.004903937965439842,0.005136066245794921,0.006688984523359439,0.009873233652811259,0.008736615206716081,0.010495304665503587,0.002398320956919073,0.009261493412529588,0.00523365959472376,0.00885379731581168,0.002805112541944997,0.0056241627421777796,0.007317014521391481,0.007110387450409769,0.008895577471536697,0.00835393895020408,0.00889864860168201
0.0004699310535879129,0.0013954619153010545,0.004223764989880653,0.003747100708980768,0.0038008327629083993,0.006708521958843989,0.007984621997400944,0.0008105031283124217,0.0,0.0,0.003738358077924577,0.0015999510123273556,0.0027398042484651198,0.0029965090983105013,0.0039714047154065305,0.005146658458402686,0.006384906319483704,0.007593869922123528
0.0,0.0004642643445368037,-0.0009346340723003822,0.0009331680929648175,-0.00047329268791441835,-0.0009523617989392732,-0.00240055588082928,0.0004051955124869536,0.0,0.00038022109526974124,-0.0022344726388087615,0.0,-0.002341928864816985,-0.0009959775501074482,-0.0007912639397231606,-0.0007878867513789715,-0.0019826690684939317,-0.0019830968879775163
-0.0009396637906979742,-0.0013926776027121475,-0.0004676564506845615,-0.0018646450463507191,-0.001894166877068882,-0.001905683775966359,-0.0019247303572509234,-0.000809686134567508,0.0008131258824240958,-0.001899869773739866,0.00037289236416903417,-0.0011980568128204289,-0.00039130577684343777,-0.0015949103972074743,-0.00039575772392306966,-0.0017736636908734801,-0.0005958305523691425,-0.0013516743188939937
0.000986983567066772,0.0030221918836662452,0.002293649993314711,0.003411584118799344,0.0026558974715422284,0.004395268398020239,0.0014909957215637245,0.002758732247244848,0.003861852774562375,0.0028934318259151736,0.0020153906631707815,0.0011594207713221806,0.0021930524122453967,0.0036766782112838572,0.0026557868586267745,0.004230051007547373,0.0040620799432387715,0.0033492866937485906
0.0,-0.000928422830393478,-0.00046758526051045995,0.0,0.0009482597583328488,0.0019058365919319808,0.0019306577721270714,0.0,-0.0012166422321945908,-0.0003801351766998029,0.001119775249731689,0.0007999117338776409,0.0007823866055999332,0.0007977009861337048,0.0007917689955636827,0.0,0.0015876411000741676,0.0007955047880339124
0.0009413707727787949,0.0004647392591381416,0.0009358520776711852,0.0009330585476804508,0.0007578493278913839,0.0014263578320783518,0.002890076274335015,0.0016186901762761169,-0.002030065374482253,-0.0011411942361585095,0.0007458776774710818,0.0,0.0005862192260358866,0.0003982616852670724,0.0003956336208304415,0.0007885359471564683,0.0019820244591914125,0.001987413120528305
-0.0014105581063708194,-0.0018579006792520355,-0.001870051695634095,-0.001863987749851975,-0.0012306720014016706,-0.0037985034942948867,-0.0014409751470893482,-0.0020201240923838283,0.0004070519893362357,0.0007616653655643503,-0.0011178065129373133,-0.0003995325800376274,-0.0009765138905875797,-0.001194850988363207,-0.0003954771567709524,-0.0007879146481331242,-0.0011867115440515755,0.00039658479125529724
0.002873215958576793,0.0053539424175536475,0.006092475181401681,0.00616702027256413,0.004978829694775406,0.009108618451868227,0.007506317070795451,0.002347973716233184,0.007121639860640827,0.002852867648558757,0.006495822597115204,0.002360464795672823,0.0033651019051446768,0.004030506755140632,0.004631431258845293,0.006393315576825996,0.0062215711400796896,0.004362638750176797
-0.0009402798815858225,-0.002781733305444821,-0.003264938012946644,-0.004648788797071398,-0.004253452366930537,-0.006628896565900422,-0.004306268848826103,-0.002427101190317715,-0.00687995249478091,-0.0011400335953981589,-0.0078009481898071,-0.0011989004068004125,-0.001952359409536716,-0.003581205727985008,-0.00394657554698891,-0.005889319026339753,-0.005130274825110605,-0.0035627816314847656
0.0,-0.00046482717018621816,-0.0009357628182086664,0.0,0.0004746909348158639,0.00047658787133975566,-0.0019219219886957852,0.003244189546656375,0.0008151486690504396,0.00038028733538760906,0.00037434951328084215,0.0007999088232324027,-0.0005868454354490463,0.0,0.0,0.000394894597179362,0.0,-0.00039733610337677863
0.0,0.00046504333496362335,0.00046839280110890196,0.0,0.0009488817017722467,-0.0009529220070297412,0.00048136774667992033,-0.0028294396013408465,0.00040698712709105717,-0.0007607974940900035,0.0007486149623057843,0.0011989249111669007,0.0005871900252350966,0.0003992816515760064,0.0007927747177404191,0.0015792456668577825,-0.0011900050132143908,-0.0007951563178652394
-0.0014117715380253734,-0.0013946260313909007,-0.0014044717882561487,-0.0014015158401508823,-0.0018957159997388712,0.0009538309335172754,-0.001443712081492044,0.0004053645130938615,-0.001627839028275131,0.0,-0.001495953146919919,-0.002794237933042667,-0.0011736501883721961,-0.0015966975329017405,-0.0031672592519941764,-0.0027591459911834033,-0.0011913808844477508,-0.003181977805709052
0.002922645111984781,0.002609011986558281,0.003801864109902017,0.0053394334605147776,0.005564676543875983,0.006779528262540868,0.007001182355459462,-0.0004865409543719434,0.002651995223478173,0.0009915750799683873,0.005402684385945397,0.002401399185251005,0.0021952832731249464,0.004484189253849445,0.004649737427620693,0.005223408683534788,0.007850832379735419,0.009594942647260444
-0.00047043199406885246,-0.0013952009552245426,-0.0023397069041851183,-0.0041958058254237636,-0.004732630643732708,-0.0033206273755273623,-0.0034067986898042558,0.0012181142164850425,-0.003260177509031693,0.0,-0.004854424838339688,-0.0011999938970747106,-0.001174690651044867,-0.003191246306868475,-0.002773193648996927,-0.003547356851934797,-0.004035139534483626,-0.003567290591539332
0.0,0.0009314174462086596,0.0,0.0009362161947119543,0.0019019147440162078,-0.0011897184133455162,-0.0019739510377119285,-0.0008109768783131153,0.002044435466032811,0.0,0.0011256683091652288,0.00040039574267394817,-0.00039199693140516787,-0.0012004600234847525,-0.0003974027986448848,0.0,-0.0011120263574210774,-0.0003975840890137893
-0.001883389713436384,-0.003257144122477803,-0.0009382043265419019,-0.0014030351246836698,-0.0014236786167987926,0.0011911355292174165,0.001640344178283677,-0.0012175361621519804,-0.0016321263577304822,-0.002666529443048939,-0.0014990989770930308,-0.0012009547553062429,-0.001568602613032731,0.0,-0.0007550163996942309,-0.0015822387975168509,0.0011928519980982679,-0.0003979941731940397
-0.0014190954723074206,0.0006515001866360812,-0.0005659298243114728,-0.0027202153032681287,-0.0018604040403338317,-0.003908582831661577,-0.004300942073833585,0.0010950110893390957,-0.00185035874397821,0.0013370465400283664,-0.0006066855975806,0.0007203123568701664,-0.0005944908368625418,-0.0003645026279624994,-0.003154815413789445,-0.002351022312087529,-0.002909705502660604,-0.0036381942723571867
-0.0004732336119866177,-0.0014018163621048276,-0.001411793422875404,0.0009413615442144274,-0.0009066649032644012,0.002394585647046669,0.0012122520820695144,-0.0024388404225302355,0.0012312497748598662,-0.0015285190967706446,-0.0011294053228011456,-0.0008022228241894398,-0.0015746530825217948,-0.0008031752227207633,0.0013999669305064706,-0.0003978601427386532,0.0007985482283331009,0.0028046236299734037
0.0014199347978094009,0.0,0.0014137894014537072,-0.0014105921653011322,0.0023875877533818517,0.0,0.004842427771266029,0.0012223805200180947,0.00040952823472737327,0.001913662645511318,0.0018845098487618368,0.0004015370362083616,0.002365806931621343,0.001607516301441303,0.0015971659491418838,0.0015928246572960527,0.003990351482314258,0.002796443367008144
-0.0014179214418136095,-0.0004678475176677428,-0.0009411793422875765,-0.000470926825487297,-0.0023819007563063233,0.00047775306704397284,-0.0019277274430926094,-0.0032559665121136326,-0.006964285919729864,-0.003437982036407869,-0.0037622049764668296,-0.002407841039748681,-0.0031469097846458767,-0.00401265375216295,-0.0043860552238043134,-0.003181041212552109,-0.004372091307130471,-0.002191027365809768
-0.0004730681512710369,-0.0004680181474410658,-0.0023551405559143128,-0.00047114870204988585,-0.00047776675094298945,-0.0028652494897882237,-0.0009658011695621904,0.0019597097634307093,0.005951246149570386,0.001723932636998005,0.003179025802998313,0.002252523891678793,0.002999582516733021,0.0036689992185730672,7.47467280862234e-05,0.0016780295214234304,0.004239701826559052,0.002168022340668193
0.0014218246577657294,0.0015941547112319392,0.0023134344112299646,0.0019824119529913017,0.0011481157587904592,0.003833631813116424,0.004988036188475102,0.0,-0.003699267517390713,-0.001149929187906225,0.00037735149740343967,0.0,-0.0011824572509394815,-0.0008045713408082444,0.0036131848052638033,0.002396213329914973,0.00035875345489074395,0.0018777221940516546
0.0,-0.0023419037469687887,-0.0014161220948520645,-0.0018849300572702688,-0.0019126766151553358,-0.0028693470065592783,-0.006218819404669246,0.0,-0.0020626509515245376,-0.0007673307671062247,-0.006789804072987628,-0.001608495574048202,-0.002367836669595563,-0.0036233610804957328,-0.0047600093112969855,-0.005577909775001475,-0.005139718451575564,-0.008414139722008569
-0.0014204383079287307,-0.0004694608616961707,-0.0014175920392477932,-0.0004721591626450948,-0.00239600132160836,0.0019185694223743453,0.004171874060763767,0.000816257111736875,0.003306968453225891,0.0015359982432172495,0.004937083882177065,0.0027398851701163664,0.0024528268693635425,0.003437749572314599,0.0055117337921460905,0.0061397332419460045,0.005017240130354207,0.008660769275278207
0.0024182920381373807,0.0029124894071040283,0.002179833814931053,0.0012736827452516312,0.004029221447209332,-0.00034223112611576824,-0.000584846283313456,-0.0020390412025720725,-0.0037081999543310865,-0.0019171914365764394,-0.006046673505779779,-0.000844388825848052,0.0001974095314807792,-0.0014113971658005525,-0.0028024289658924962,-0.002791953963631652,-0.003193586233443483,-0.004115166071727554
-0.0004740943587729462,-0.0004696696515118576,-0.00047388370705078015,-0.0009456668054459488,-0.0012012900116961545,-0.0019210486872743766,-0.0019386861490666809,0.0012259495848146774,0.0008272450589235683,-0.00038420647849669664,-0.0011406632462461338,-0.0008048495883755047,-0.0005926421623033858,-0.0006055780706019482,-0.0008029620619302403,-0.0008000834231546031,-0.0004004406018969352,-0.0014844152157790149
-0.0014232494017771395,-0.002349789948144464,-0.0028451395011679656,-0.004261757364607031,-0.005051815564961131,-0.0052936780263814365,-0.006799744680313162,-0.0004081913609808978,-0.003719054073207551,0.0007687874663654977,-0.0019033952264853788,0.0,-0.0007903587178469363,-0.0018182118062285923,-0.004419360202654738,-0.004403669418508005,-0.0052083158806889495,-0.0068300625419691905
0.0004751900175820302,0.000471093952126066,-0.0004754611325365503,0.0009510067473616166,0.0006288363189146605,0.0014514686045220887,0.0017119689490747265,-0.0020414970358332693,-0.0045623686351328645,-0.0003841379960376825,-0.0015255248029126384,0.0008054978930231418,-0.0007911881829835442,-0.0010119576234249627,0.0008070487231239999,-0.00020113979496559728,0.00040269839927841545,0.0028319786975211487
0.0,-0.0032956692108541555,-0.004281480243073223,-0.006650673205586139,-0.006910597823227758,-0.010628022432004388,-0.012936609293208504,0.0,-0.006250177833362279,-0.003073374851110128,-0.005729458441883026,-0.0016096163519926658,-0.0023752803994283108,-0.002836225672567414,-0.0064517280592914115,-0.005831544586915771,-0.01046695389115917,-0.013715393978230263
0.00028541657096005905,0.0009900757834166356,0.0021473570008619684,-5.595412770784491e-05,-7.81999600218905e-06,0.0025807189797517555,-0.004680675296917018,0.0002877239582639528,0.00520337566924189,0.001694688146105371,0.002410354282747727,0.00032092414206917185,0.0013883907399080794,0.001623572017575179,-0.0005802388666166807,-1.0541796917645783e-05,0.001813985655868436,-0.002568552597801855
-0.001426529706452204,-0.00141836001831759,-0.002866599878537913,-0.001917636951185276,-0.002438899244718731,-0.003906317701001476,0.0024912096177388985,0.0,-0.0016722926335058124,0.0003850559004645732,-0.0011526743884060994,0.000403586993958206,-0.0027787032207995314,-0.0036585797444205572,0.0,-0.002433114545168028,-0.002035892368070006,0.0008222154312649724
0.0,-0.0014203746208908948,0.0,0.0,0.0009777728506167411,0.0,-0.0006958383182569393,-0.00204806406774412,-0.0016750505192720665,0.0003852641588440758,-0.0011537650522206804,0.0,0.0007961625915394818,0.0,0.00040698110362890916,0.0004065152168870341,-0.0032638944077256547,-0.0006572834498190221
-0.001428713760547576,-0.001896721241438536,-0.0052706649754889045,-0.003362101682359597,-0.005373533377603847,-0.004901855292449522,-0.005769576412551488,-0.0012315958081761725,-0.008389348540380369,-0.002695414588211406,-0.005390882549286796,-0.002420296368589738,-0.0027845163337373237,-0.003263698484798516,-0.003336267016762905,-0.004916721272020511,-0.0032745396157702056,-0.0050975761985042976
0.0013332760867539215,0.0020443857175464174,0.002742780184753465,0.0019268577913295905,0.00156440281553875,0.0007826386733426298,0.0013423550031468519,0.0032504024430073373,0.002319382957931516,0.0014285056408960845,0.004420524055141947,0.0025092262084193324,0.0015153805948036868,0.0019223918463600466,0.0007782242453862485,0.0009342931178523528,0.002706843921478211,-4.87247515479528e-05
-0.00047686897972399695,-0.0009492946189269002,0.0,-0.0014457398059531765,-0.002260418214141325,-0.0015786638941197395,-0.0005008412442168547,-0.0020518333290461873,0.004230140921958283,-0.0007724801699631024,-0.0007728585580823708,-0.0008079834316771242,-0.0003987645608611775,-0.00020441217706869988,-0.0004087479503928706,-0.00020439133380745556,-0.001642954860509213,-0.0004143316274091309
0.0,-0.0019014646283800813,-0.002887509822370529,-0.0014476341380756036,-0.00044332730640008416,-0.001383706888484064,-0.0020039537353397532,0.0020560520050764554,-0.0004211060236351113,0.0023191923971975035,-0.005800361944571169,0.0004042561796214738,-0.00039917014023299553,-0.00040979521689258925,-0.0008178724916776789,-0.0022500372333044217,-0.0012338803419256546,-0.0016582725416647965
0.0009542417324642382,0.0028570939269019287,0.004826353597920801,0.0038662695032353023,0.004680827799455925,0.002968975094118746,0.005521938481430222,0.0004103498808666975,0.0021069395572123253,-0.0007715260803287496,0.00388956225419908,0.0012126930920818167,0.0011979886219850755,0.0024582153686964338,0.003315490786883304,0.0036900081830074775,0.004530316862627155,0.007890245758988047
-0.0004766903623855047,0.0004749392204778347,-0.002401659940787952,-0.0009628819545406954,-0.0019615779568672967,-0.0009867287914997573,-0.0009981650495692162,-0.0008204470161104784,-0.004205540708435936,-0.0015434909522870175,-0.0007749545970797071,-0.0008074966366040147,-0.0007977034416764883,-0.0012258617747559146,-0.0016729449223690563,-0.0012254806938807221,-0.0034848825689271865,-0.002472292961502235
0.0015759528231524724,0.0003364622523538814,9.34712670363495e-05,-0.00019514484006470314,0.000985075112864883,0.0006407927072665607,0.0007481295596424027,-0.00012459541124500427,-0.0010677573278799796,0.0032883757468582285,0.0013197453055762884,0.0016579927776766842,0.002278055280545181,0.00130935120349703,0.0010613129288018072,0.0017189149967920044,0.0007330184103914793,0.0024369950404062183
-0.0004766537679558181,-0.0014261415038434493,-0.0014470117421396256,-0.002898498769692093,-0.004625681854974975,-0.007421761154194625,-0.00901351289915603,-0.00041111532918577546,0.0008474761326613067,-0.0003857858248858759,-0.0042703181813645965,-0.00040404710796203183,-0.0011969201277572644,-0.002457045965188357,-0.00450077309930258,-0.005730457955967971,-0.006472148622768489,-0.009090938739442849
0.0009542488629053334,0.0,0.00048295362485760066,-0.0009691408174754463,-0.0003953799745615791,-0.0014954099230346564,-0.0020213603457638397,0.000411284414513237,-0.0029637639278250554,0.0003859347130274933,0.00039005500270805984,0.00040421042801647996,0.0,0.001231401026253467,0.0012331180070858188,0.0016466310020849062,0.0004147586606370462,-0.0004170372040058008
0.0,-0.0004761081112026551,-0.0004827204932455947,0.0009700809625324924,-0.00123621027175387,0.0,-0.001721557896150491,-0.0008223985976398834,-0.0021229044655789427,-0.0007716507366568036,-0.0003899029191238852,-0.001616353940135808,-0.0015980385071507153,-0.0024601107923673915,-0.002052566650907348,-0.0028772391975215696,-0.004894213715103225,-0.003337516276327389
0.002528590327667985,0.0022396507111196455,0.002466744973828864,0.0012178248809053163,0.001090027346031652,-0.00039548878778978923,0.004367816272598822,0.0019347820660976281,0.0018676443931041886,0.00019201294987253558,0.0020703879559454148,0.0040904458593446135,0.002884106944612451,0.002508368386661867,0.0023059751036533307,0.0029278894789209523,0.0041669924932579115,0.0036074646859553658
0.0009524866872306637,0.0014280467982979075,-0.0019316082180539527,-0.0009698022412135119,-0.0022308547586220727,0.0005007723851781394,-0.00405088834598178,0.0012340324898002994,0.001703062851481399,0.00038699878740908536,-0.0019498619666493812,0.0,0.00019997563731932174,-0.0004106765952837704,-0.0016454229922980676,-0.002472351614042437,-0.0029129308870803807,-0.0041823842110815775
0.0009513864953608849,0.0023762634150691613,0.004838168282641549,0.0038835223094807634,0.006210997180694431,0.008508560195188941,0.009151361284630509,-0.00041099076083387693,0.005099802835127204,0.0015466052876151027,0.003907664801287848,0.0012110151361207947,0.002397998496159443,0.003698959204525161,0.005768387203516017,0.00660910758760455,0.007930075384459381,0.006719911326172764
0.0,-0.00047409698756936317,0.0009628661979209587,0.0009671867165288094,0.0004938715537239238,-0.0004961967028837317,-0.0010079833757216019,0.0008222775836143237,-0.00422826509383731,0.0,-0.001167760380927658,-0.002419471732387813,-0.0021531910172322187,-0.002457039154851331,-0.003277195915501,-0.003693076539116143,-0.0033127902359127073,-0.0020859143535144537
-0.0004749506496212001,-0.0014230140211925312,-0.0024050715118204627,-0.0033816101051854204,-0.0034552422355926433,-0.004170765970277349,-0.004538449965880112,0.0015578324194024122,0.002763509552333673,0.0029362790135996873,-0.0002481350522802294,0.002222143336840828,0.001356401666471537,0.001843258769144212,0.0007718031752096126,0.0014720547619842836,0.002398904374700948,0.00040840014988661316
0.0016661442358509241,0.0009491710165690276,0.0011546233896275837,0.001303843120848371,0.0025237116650135205,-0.0006608784120345492,0.0033909149072296856,-0.0016427801574128314,-0.0016977868808699939,-0.0015426490953477626,0.0015631568877458595,0.00040408986777239523,0.00039976586019195066,-0.0004108053510955,-0.0016468617718204323,-0.00041245057479301605,-0.002701596331183115,0.00041892288521205764
-0.001902233946295812,0.00047561343593659943,0.00048248553356840615,0.00048530084556506223,-0.0009904178569587396,0.0015005133199787661,-0.0022784201552807468,0.0008226788528823963,-0.0008503589413290346,0.0023176473956467193,-0.0023408753698192985,0.0,-0.0003996061113111244,-0.0004107635982840628,0.0020618247549340873,-0.0016500584475310828,0.0010419431894416662,-0.000837711219810515
0.000476501167611948,0.0009502418881192844,0.0014473498587019168,0.001454650474991931,0.0009913997569814383,0.002447722375239184,0.004313591592796993,0.0004108967079060672,0.002553204344795569,-0.003083077331528624,0.0031285977467344623,0.0008077708562061308,0.0011994203210915586,0.00164394024715189,0.0016460151824632346,0.0033058264585284205,0.002081502622523981,0.003354346997923114
0.0,-0.0009493397856888649,-0.0014452580646462632,0.0009685730813090674,0.0014858805565404788,0.001096215611629695,0.002020990018841224,-0.0012323929304272967,0.0,0.0011596999358801108,-0.0003897348168499424,-0.0008071188890900307,-0.0019966799235163306,-0.002462010441491909,-0.00041063767207130447,-0.001647594157729833,-0.00041540150915066654,0.0016713507321289905
0.00109616671883283,0.0027137521152677353,0.0029474237955984,0.002134273917429193,0.003322459157987033,0.003496858779546746,0.0035964852438743968,0.004901067288363423,0.0057434045667327524,0.002593599233296855,0.0044562209907228175,0.0017787610506395726,0.0024017021846707604,0.004282054230610588,0.0032126569056777983,0.005869082370576394,0.004374782791449236,0.006281069875066259
0.0019056711407220781,-0.00047487360251992263,-0.00048186735785414543,-0.0009673533675212821,0.0,4.973664041213469e-05,0.0,-0.0012301457119721466,-0.002538090516496883,-0.0007716161633239666,-0.001167703481370107,0.0008078177536157468,0.00019999250845050776,0.0004106086426002901,0.0,0.0,0.0,-0.002078880503092548
0.0009509990945739004,0.0004750992145955119,0.0,0.0009682900461581703,-0.000988047559228203,-0.00029835404367314065,0.0007554710098774572,0.0008210515960421571,-0.0008481250615291856,0.001930707104212849,-0.0015587181907026938,0.0004034595235830666,0.000999803437198429,0.0,-0.0008213381617705202,-0.0008225369553832401,-0.0008297050545160626,0.0004165478725901412
-0.00047487897000939033,0.0,0.000964445100482772,0.000967699150781057,0.0009890247627310355,0.0017409604749726512,0.0003021768959744017,-0.0020508616866413785,0.0008488449882370629,0.0007705668821107202,0.0019513694578567704,-0.001210136993112788,-0.0007991336211633284,-0.00041044011234289235,0.00041088030937819285,0.0008232140793857267,0.0012455696938004498,-0.001457610681414737
0.002997366610020231,0.002712155735355869,0.0029945056860742865,0.004119281554974349,0.004804716524149604,0.005130304148512156,0.005097559370985443,0.0015592063791161508,0.0023358056098574643,0.00254455053082493,0.003986032870533985,0.0021819390399179478,0.002402298961806245,0.002221670302548394,0.0036230265711769674,0.0038763415349376685,0.004489950659484274,0.003133078225522573
-0.00047469507684868515,0.0,0.0014436271104220793,0.0009648126235688721,0.0019715220900556763,0.0019810706580011624,0.0008031688877909362,0.0020550467592579283,0.002968860483477752,-0.0011543188021857734,0.0027228200891782984,0.0012110590766844086,0.0012790055830370452,0.0020526398169726182,0.00082072292241459,0.0024640954619704666,0.0033125554184633425,0.005838140336436179
0.0004749205192810823,0.0004743117505750092,0.0,0.0004819167786924577,0.0009837963340403766,0.0004943768610813561,0.0032104048403846512,0.002050873824165589,0.0046511168017056076,0.0015408703919128608,0.001551400249006278,0.0004031570576390511,0.0007184428260271128,0.00040965357556327256,0.002869923138449845,0.0016386784316624874,0.0012380117229435744,0.0024876469934047725
0.001235255983902641,0.0013291863169646505,0.0005289808153034662,0.0005791503328213661,-0.00034328108350311075,-0.0003457160549101458,-0.001297750910814276,-0.0012281304169168466,-0.0016835593486581948,-0.0003846249407949878,-0.0007745777836150622,0.00040319952781761066,0.00039896579480127556,0.0008190134492564151,-0.00040864261152805684,-0.0026584593892199733,0.0,-0.002605358733872186
0.0,-0.0004738903488420449,-0.0009613369943039787,-0.0019277324244809761,-0.002214569853060446,-0.0026225109787400515,-0.003007583341889712,0.0,-0.006323703789676088,-0.0015389351653691625,-0.005426247536095854,-0.0020144886012469056,-0.001993748967324765,-0.003682481830312661,-0.004499122238229949,-0.0034859137735058477,-0.005564692825970745,-0.005266213928969418
0.0009487474107652652,0.0,-0.0004813755779123158,-0.0009657524485353344,-0.0011837354141054045,-0.0012405021207360359,0.0005027674789181958,0.00032853627400203486,0.00104835390500775,0.0017729579630784305,0.0020570841448008517,0.0017758833343549222,0.0011970186019980935,0.0013910904824934328,0.0006075862819138099,0.0012291264240229395,0.001356084678943377,-0.0013941510101753505
0.0004739480733791874,0.00047411502737776016,0.00048160741195857424,-0.0004830970629114637,-4.9454130539359945e-05,-0.0004967765812743383,-0.002512779303979541,0.0020514301371944623,-0.0004247796404221814,-0.001926707022348864,-0.0015593933913171992,0.001614833584932243,0.0003997763367303027,0.0004112225888230038,0.00041149919473498596,0.0,-0.0012454955885549115,-0.0007534983530721438
-0.0014211226773187015,-0.0009478287839700001,-0.0019251110289201009,-0.0009672024708177893,-0.0014814332566143796,-0.0009939962444179893,-0.002720354191061673,0.0008190995953415787,0.0004249601548439498,0.001930426388427575,0.0015618288969775145,-0.00040309844079619057,0.0006795514488864922,0.000821605058489908,0.0008226179102803407,0.001235950058174076,0.0016627458823687046,0.0015920564338870588
0.002326052844149629,0.0006635945995808317,0.00047882473446571913,-0.0013127732358005086,-0.0017397962379104035,-0.0033967438572957073,-0.004315316072412772,-0.00245495602772094,-0.004672922273591918,-0.0015413577911454065,-0.0038985829116463563,-0.0016128802511319346,-0.002675978492234211,-0.0041050709205345025,-0.006165129178207422,-0.007818833628058455,-0.008298825110248372,-0.012128820567132484
-0.0004740158944892833,-0.0004749873809682088,0.0004831018439717354,0.00048601288651846565,0.0014904062416969265,0.003004557236259902,0.003511331879685522,0.002543278876194979,0.002341930048645126,0.002626356129877689,0.004541724994628612,0.0021819554282685844,0.003244841783463339,0.0034609201788843337,0.004130436451504533,0.004719975100858361,0.0040883225948307325,0.007606985229886632
0.00047424069211515947,0.000475213101194547,-0.0009657371385510447,-0.0014570838660871678,-0.004960291460718687,-0.003494850271946545,-0.004513434421688336,-0.0016394183979711267,-0.0017072716297532708,-0.0011568712578279366,-0.003124985839603722,0.0004037694145281872,-0.001199922822951919,-0.001235009757430518,-0.001775231645465926,-0.003311288574620901,-0.002507434040408827,-0.0021071258896635608
-0.0014225750069751,-0.001900286223788292,0.0004833353441677595,0.0,0.003988116185679803,0.0010021908393455976,-0.0019867648186193826,0.0004106210433611743,0.004275391568690388,0.00038612256859404503,0.004702113173767964,0.0,0.0024028506884948096,0.002060950664171597,0.004260095196397933,0.0037375864145791967,0.0054463662159481615,0.0033783393510519893
0.0009967170553977411,0.0017132583527187009,-9.60521865586148e-05,-0.0008773331363624099,-0.0027779888238731896,-0.006068603854378215,-0.0011306541210628848,0.0,-0.005959971385075866,-0.0023158412130066483,-0.008580294983209016,-0.0012106966750312636,-0.0035956159788210883,-0.0037022318550597533,-0.006589713001214316,-0.006619794909298665,-0.008750017957887747,-0.007996599999407166
0.0004749379014975903,0.0009519355991777613,-0.0004839810122689458,-0.00048770351145055116,0.0012475445606372794,0.004189859105040154,0.0020491800082267308,0.001642142025862374,0.0024377019629243557,0.003521115990962353,0.0064954986329774245,0.002708382770571845,0.002487019015117465,0.002228553185616067,0.003813969662536772,0.005253077868582895,0.003447091216900353,0.004709611557949354
0.0009498563111636877,0.0,0.0014529401478444587,0.0029280938698747912,0.002242580131287791,-0.00040213718563066405,-0.000869137382963611,0.0008204707153441674,0.004282765616881214,0.001545056884711108,-0.003918537251239529,0.0008075599831121535,0.0004007943946273672,0.0008258646924720443,0.0008281550530821585,0.000830941162840647,0.0008401920314396546,-0.0012707620041902802
-0.001897574645494756,-0.0019021566859755055,-0.0029013707197733077,-0.003406111380083625,-0.0036300393736136928,-0.0032688833033320125,-0.0022002331626021273,0.0004101474460818556,0.00042619507247241287,0.0007713171760397118,0.0035405413606845906,0.0008067043648201952,0.0008012270628308963,0.0008250577314563434,-0.0004137768763931841,-0.00041512563644132886,-0.0010494651164925607,0.00212030061494288
0.002615199228529561,0.002383094016689854,0.0030554854243322613,0.0018516598505850558,0.0015920972554563596,0.0022676897264891772,0.0006624727409226287,-0.0020491515803984454,-0.002557550504880281,-0.00038540033664643836,-0.0011759901929333126,-0.0008060541174453709,-0.0004003130811626433,-0.0010304406234814462,-0.00041386415082513743,-0.00041529803730322733,-0.000630297849605977,-0.0016927290815205412
