BZF,CEW,CNY,CROC,CYB,DBV,DRR,EUFX,EUO,FXA,FXB,FXC,FXCH,FXE,FXF,FXS,FXSG,FXY,INR,UDN,ULE,URR,USDU,UUP,YCL,YCS
0.020145454763799663,0.014395885676044743,-0.0009367915471478264,-0.004507383558703657,0.0027602440138836345,-0.0077911568506398516,-0.01544395142522417,-0.011048202006588046,-0.017690417690417837,0.0033964426413684357,0.004649656050955413,0.004176983005683057,0.0038783685725008524,0.007946128144877513,0.009013510390387391,0.006807261265087993,-0.00038497110072628496,0.01928280333784389,0.0,0.009244482578942444,0.01784042337278983,0.027196610878661136,-0.006859709301862331,-0.009532093045642185,0.030516342105848457,-0.03771595575060152
-0.0016456126786587035,0.0005068884925971238,-0.005860290670417253,-0.02263904651489765,-0.00039325219646036487,-0.005496654813209699,-0.029411828783798333,-0.011431618008229704,-0.023011455727863925,0.009434830593215955,0.0026627655528501533,-0.005977128888684676,0.01021934222879708,0.011423095670872777,0.01285949701994227,0.0069792219488355785,0.0002566430154236096,0.007522967225610767,0.0,0.009159643416054141,0.02260147601476024,0.014256660458519732,-0.0072908302578658215,-0.008748962956216213,0.019362187339470014,-0.015485884397891088
-0.009340657690424468,0.005065903460102181,0.005659089837302619,-0.006397551008270498,0.002753808537781414,0.005132178289482313,0.023344579648587733,0.007884336606684266,0.013824781678198641,0.003761197927428803,-0.00012639266998632425,0.004765149681972752,-0.012583234951473716,-0.007317306752947452,-0.005911998449312014,-0.009385517629973092,0.0007695380029485949,-0.011309970352476002,0.0,-0.006708754773541714,-0.010825439783491294,-0.022088353413654505,0.005411662789327707,0.005295790107158215,-0.027374288474142083,0.02171500677700485
-0.008874087234094875,-0.007056578907859684,-0.0018757795134452828,-0.002442295682897452,-0.000784653024979868,0.01099766800595616,0.0186444176354463,0.011212542957629286,0.022727324380167915,0.001022473484583877,-0.005881287362256234,-0.0036134250866080905,0.005747113871225417,-0.010576075804439908,-0.01091940138442037,-0.01953216138236925,-0.0032032016213213443,-0.037649921838628184,-0.00027764511400425686,-0.014302820718951966,-0.026447788417692585,-0.027515400410677685,0.011918423840378051,0.013608389083426138,-0.071797818377338,0.07656668728701127
-0.027420345506187147,-0.015228362786854762,0.009631195677707226,0.034275561985310565,-0.001177864067012084,-0.001942403712500571,0.011627928760291244,0.008509592792924011,0.009876592592592609,-0.019852679494722927,-0.008587729171521476,-0.005779513329497978,0.009316770186335404,-0.00664021389003499,-0.0034499656022660783,-0.003493651999506789,-0.0071978902102847785,-0.019503784893161392,-0.013888888888888888,-0.008867312691239032,-0.009836112412178074,-0.008023648648648702,0.008738607060707894,0.00779557580468707,-0.04022274195889153,0.040369553544781736
-0.015535024322636344,-0.0020618854844583305,-0.007910679385760675,-0.02883580742767798,0.0015723506767872355,0.015181015325711254,-0.008088590889740262,-0.00920483228829365,-0.01173603854591501,0.01622848302510422,-0.012062912593022366,0.005126459036235475,0.0004923200000000458,0.006195500223290132,0.006726023871929297,-0.0009697523641616887,-0.011004614870846844,-0.01483053218962491,0.03943667605633805,0.0008133089101523957,0.012772044123559352,0.00681140911025969,0.0007533162551800732,-0.000859494310051155,-0.02643454180473008,0.02907187725424985
0.036236050280813656,0.004648761827462361,0.004924929759027346,0.017504918734657232,0.001569882271335284,0.004601203418535825,0.01995710386081985,0.012645212903225728,0.02127659679745653,-0.010380063112771542,-0.0004546794800631581,0.0037430554232369866,-0.008488165721636593,-0.010937357206513922,-0.01070934378767283,-0.008138557880757766,0.00261819466443242,-0.011827933518324977,-0.05609755793509172,-0.01015847047506037,-0.021018262494161617,-0.01564477801268499,0.006774511347512558,0.009032214269505194,-0.02450337667207364,0.02434995329432515
-0.023124601345257845,-0.015424204432306843,-0.004900793694319339,0.03941642157737021,-0.0027430175357149845,-0.01717559117453325,-0.01346518016968596,-0.010448521383867327,-0.007267393762955178,-0.017749857124703592,-0.0028589149912503914,-0.01740305336260025,0.0,0.0031126883500542787,0.0030787366555022322,0.010915364676764728,0.0,-0.008463269356344645,-0.01981059317768621,0.0,0.0009542462287331504,0.011168384399983557,0.005981318780338821,0.0004262451433971444,-0.017651001956924702,0.017078178302415058
-0.0011548133049875749,-0.012532659356539359,-0.0028142355256621826,0.042111921223549134,-0.0015717328948395438,0.0003883377129110455,0.03007037812050277,0.017512128894559487,0.023914104441190926,-0.02276456419898125,-0.0030627002382454635,0.00022997362731874354,0.0018610670436989421,-0.011677282473275152,-0.01217824752475244,-0.02010572001444641,-0.015276337002951718,-0.023045957247995227,0.050087845638191034,-0.012725812787859305,-0.01954242135367017,-0.021240440898876767,0.01040514798122942,0.010225869712322677,-0.04768489896881654,0.04504200187249825
-0.02196524053376037,-0.01374935024217712,-0.006820319849482743,0.014274205296574041,-0.0023612509769375648,-0.02600931263594946,-0.029192547188251424,-0.012908074558748471,-0.02669208770257382,-0.006648591801391332,0.009085560850854373,-0.011677816791929004,-0.004334340557275535,0.013219846428322279,0.014232785834402734,0.0003799908923165813,-0.0013259742471824366,0.023714352581839102,0.011436541781676074,0.013305631745601362,0.02333490520175009,0.0026041231508627644,-0.005884563650323942,-0.011809362849970272,0.04571843334031996,-0.04668334549252697
-0.0017730810437491292,-0.0016085067955966307,-0.00544636514326301,0.022596610057549912,-0.007889505502374591,0.006377010291246655,0.03241631547059733,0.017948743589743597,0.03672869735553379,-0.012833442912250113,-0.005117301298182998,-0.002792282448404586,-0.01865671595381304,-0.01826631374703532,-0.020456556567713183,-0.0246885447028908,0.002257014235238268,-0.008168727438505078,0.007446249721249115,-0.015182585922077222,-0.04037995441234935,-0.0021645454545455296,-0.005549465227766972,0.014511279085061246,-0.016655083564453273,0.013665915355105772
-0.002368187393301006,0.002685255070743895,0.008095238095238176,0.008141073851521605,-0.0011928105731861538,0.0015842306129804403,0.011981036975831449,0.0012594206231883894,0.007557864903164694,-0.0028202514794694604,-0.005338837302919217,-0.002450391202043089,0.00012676805762311725,-0.003987000614561035,-0.0035311338721407564,-0.015188075513576272,-0.008875175928199282,-0.006883798571205812,-0.033397153939150034,-0.006666591190934389,-0.002970395892554697,-0.01995657353390774,0.0211801262933026,0.005048362101008415,-0.012702911079745877,0.013481597270383122
-0.008902054155213791,-0.006427517000227647,-0.003306542276806875,0.004229994394539177,0.0011942350694038085,0.0,0.034292629749229295,0.014591245283018875,0.029067088607595038,-0.004058852857458111,-0.014138920883971366,-0.011112659793510223,-0.001900925008190351,-0.014260753423042203,-0.013769292713454298,-0.005457149549871146,0.0017373220995895112,-0.0008664438560906488,-0.0031152647092816408,-0.01216453542055508,-0.026315691475456333,-0.02877374944665786,0.011102841345764928,0.012976231705531105,0.001429628331480014,0.0021062299313405865
0.028143663466026557,0.0028528279417223386,0.009241682245457841,-0.027378920160827058,0.003180881823909437,0.012257756735970037,0.03078748888050079,0.014381303526838312,0.025512481753417745,0.015385750342714131,-0.011154690849514136,-0.008177970957047134,0.0159979046216886,-0.013451743150213441,-0.012627080889966844,-0.019403594433399656,-0.00720442157798595,0.01672446708715969,0.04261363515302173,-0.008917172115155093,-0.02702707664318845,-0.043755740940941534,-0.0025622101894130747,0.007437968261920686,0.027837205070713737,-0.0328540036979202
0.007571243459549506,-0.002691065750540325,0.0021131721061281123,-0.008070866300607538,0.00039636953412178216,-0.04960941058937268,0.04135552364541464,0.025421681740405863,0.04797867614393595,0.0042637653074747645,-0.0003356476354630919,-0.008826145268798612,-0.015121207765104146,-0.02315407749632037,0.18351010605115392,-0.01119129042561485,0.003762804934505079,0.0077982088461070204,0.005449618380119399,-0.010282703431106629,-0.04874213836477986,-0.050047664442326056,-0.0007339246983264395,0.008613659063663274,0.015972257499036784,-0.016813462198330208
0.012138827219967178,0.004856999823780656,0.0009372305529522898,0.0779916864058679,-0.0035657520755065647,-0.01890666696957199,0.06453397802048125,0.03098924836735998,0.0635862653666808,-0.038209632958153376,-0.01108281128819153,-0.03730450138081963,-0.002157074030124833,-0.03142833705808673,-0.025300930768673773,-0.020667563356024,-0.006426782328014457,-0.0016926490350943312,0.015718102129100055,-0.027272910412652708,-0.05785123966942134,-0.05970898143502264,0.017994861754659742,0.02521347055352998,-0.002734090909091016,0.0030246859356059326
-0.03083954553124992,-0.018260001613052947,0.0030430008650981985,0.0311118924889544,-0.0047713227358640135,0.0012568119547223249,-0.013989671364778144,-0.008554890173410403,-0.01713830211239536,-0.016647769958202645,0.004618678383988998,-0.02225001324413049,0.014750814022772313,0.00806669975407055,-0.042902164296588385,0.003935960005495036,-0.01617015726928662,0.0029066004602155736,-0.014407710779082088,0.0022253785379226735,0.015204736842105203,0.019743916755603098,0.003246790938958097,-0.0031733323541328017,0.009595561864366706,-0.007422860039168576
-0.032999458494284734,0.006564585448460416,-0.005600863738663476,-0.003749312756626118,0.005193693641628292,0.015899564647365052,-0.0040287090558768,-0.0027985773601077336,-0.004866139497161394,0.0011540034833406366,0.011358204006268751,0.015085631309444257,-0.015288232507960959,0.0016184229309618894,-0.00762788383787773,-0.0114280533390404,0.0010956789812988704,-0.012075836543312077,0.004331321178433142,0.0035523123863128976,-0.0005760944368608642,0.008372527034404609,0.00035955480063879457,-0.002785515208192361,-0.032586525206603024,0.023486725321646727
-0.015234575262422825,0.0005434672167451737,0.0,0.00591401444290349,0.0007949446154141692,0.005766054360413938,-0.016531885041648122,-0.00818517344177627,-0.0154849626941743,-0.003101412336329784,0.010829674733061921,0.00489251422346542,-0.05179434838904713,0.0068222799493307005,-0.007781353419473051,-0.002700194030880138,-0.0030100740481358245,0.0007334678091546202,-0.0239891926678809,0.0070796557044468435,0.015562017291066519,0.010897768552153651,-0.004313396902681363,-0.005985582329542637,0.005614035087719303,-0.0013699623870287992
-0.014232675011640168,-0.003802259484923439,-0.0058671671939176905,-0.02013185426453137,-0.0003971565902141461,0.01392308888749605,0.005007206902975938,0.002593727894364691,0.0041390728476821785,0.010297350806932866,-0.0010581574802786913,-0.0063927863537431425,0.048852501708428364,-0.0019615013565797822,-0.008320543387921509,0.004061223385037254,-0.001646772935003533,-0.002565029831500022,0.02181720579445464,-0.0039542944675825704,-0.005675425330566438,-0.0010267453798768276,0.002527024076616305,0.0020071271921363342,-0.006978401953942788,0.004344312285991663
0.010043929682007359,0.0005452451842323028,-0.003777148163901049,0.006181818181818244,-0.002383765748646567,0.011308545288149776,0.0352312983054929,0.014816603951081784,0.0329760511129431,-0.0033124056756990475,0.0033763322732274525,0.0032800174361596163,0.0051183747890371535,-0.016258700799380098,-0.01340533294617935,-0.003876287248273236,-0.006735430650038239,-0.004653502098775271,0.006756756756756757,-0.011468883541997509,-0.03139275114155261,-0.03854059807505643,0.006481817472121655,0.009615430994638043,-0.012649280135252277,0.009220330318049651
-0.06463637153477347,-0.01525887864181738,0.001184810398464201,0.02096132996024569,0.002389461665522544,0.00039934888101459103,0.06032999312478516,0.03337191038832403,0.06264964336191714,-0.013038443787320051,-0.025336480936084538,-0.008298617810217401,0.009675301985666242,-0.030603004978123707,-0.0327468807601111,-0.008459521262664083,-0.009133599072646102,-0.009104306214373845,-0.013422818791946308,-0.02855862663215202,-0.06599876641124129,-0.06520572235198951,0.02289801312724096,0.023809476971243443,-0.01779359398943783,0.017595273286926488
-0.051827217676627985,-0.01770894502247261,0.0101775147928994,0.02265484955752206,0.0011919029691231224,0.0003991086412031275,0.07780838187402142,0.032967055393585916,0.07097262752431939,-0.010286356128022384,-0.020579528699028377,-0.01419462571115571,-0.009582587557245802,-0.03437937236533964,-0.020515402340032303,-0.01646617196882659,-0.007961063837255611,-0.005959808716665034,-0.012244925170068036,-0.030776377643259568,-0.062460567823343874,-0.06975414522584328,0.018887730755361026,0.02674423661361788,-0.00869565201638306,0.011970760230871728
-0.002102349677422723,0.020281738388144014,0.006794775070290622,-0.04136379441612648,0.007142783740790962,0.0019953530229709603,-0.06482174958104225,-0.030829395770095545,-0.06486676016830288,0.019651139940598212,0.014031062332164,0.01646303451867992,0.015531431615604137,0.03143187754303691,0.029199360899697838,0.011970897050406784,0.008869567865409822,0.011491444204133049,0.013774105062647523,0.024170594867029625,0.059219380888290776,0.06023355869698835,-0.02403020372344976,-0.025292633055491384,0.019736805194868257,-0.0238773267072073
-0.0007022596210954089,0.0022087358622845947,-0.006283453426030945,-0.0003610760130182188,0.001576067905278025,-0.00876154577816451,-0.015760678674815044,-0.0107526660114846,-0.01687292838395202,-0.0019271155209463888,-0.00456692773520278,-0.00202445987403925,-0.010906293502806613,0.00790071482317539,0.01814534335839592,-0.009086284619019912,0.006279609052752073,0.0075326374092626654,0.0027174728999313546,0.006015700695913397,0.014612452350698885,0.017970956521738995,-0.002462173039714316,-0.006196724491085386,0.017204283462442415,-0.014474876083655153
0.04286715881438395,0.013774105456388118,0.002107728287875129,0.044428445808713135,0.00196699472860216,-0.008035315121497955,0.0026143790422486525,0.0013587182971016047,0.0030511061422999397,-0.02407346511083073,-0.0036975693363663275,0.003296337752435048,0.01039288947039565,-0.0015864687724349168,-9.841473214669932e-05,-0.006228382460698627,-0.00013848443339270155,-0.0055153452881649394,0.004064959129270482,-0.0013799409195013586,-0.004383218534752679,0.0011390091764811947,0.0017630511726988945,0.0019485411805515089,-0.01198019774419306,0.00967776364163108
0.013477123330579318,0.004347848476135063,0.00958167773821748,-0.025938093517617382,0.0015704986614243058,0.025921417159326898,0.05410689286005732,0.028041564268621342,0.05019019202244072,0.015451416412286844,-0.012302357388315827,-0.0013898569668333394,-0.005268414384490444,-0.02486209972636888,-0.0200886355463722,-0.02245816562825989,0.01525645354840484,-0.0035740818779157702,-0.004588340204813492,-0.019345822329492814,-0.04905660377358498,-0.06769061433447092,0.009503699481336579,0.017891983700303676,-0.008559272162650797,0.0072169598556606485
0.016622298136198727,0.002164513262378127,0.0004629629522463003,-0.028759150407983245,0.0015679567549905413,-0.002763477543162973,-0.04452691713048867,-0.01935761151248602,-0.03837805798776029,0.012747421814822468,0.02184955011518411,0.02923293409921942,0.0023959015487048105,0.019457480696684005,0.02884127165428057,0.007569002469216291,0.003961744088242757,0.011873840738994128,0.007321068131207495,0.02113657453286804,0.03835978835978837,0.04636980148687008,-0.014644333509345644,-0.02063441168572769,0.023021637518763956,-0.02351096059113297
0.02877702557008147,0.007019350579692233,0.0025451410794737573,-0.010784134724623251,0.002739796967349877,0.001979313808223773,-0.011488657143829344,-0.006953835488836389,-0.00978915699507374,0.006549948065215486,0.014300244563830585,0.0047953340066482384,0.009309410222906241,0.0042308856315260495,-0.0028325943396931693,0.01378698163876299,-0.007756337259598397,-0.0009778144720159595,-0.00942134538781454,0.004599880790639365,0.009554140127388559,0.013994110787172071,-0.004953968622271479,-0.00429183990288884,0.0,0.0011465145477354082
-0.027336333364908986,-0.0016084918580616602,-0.00461576253792927,-0.008684349753960626,0.00039025681456940185,-0.025286401362836584,-0.0612211818628254,-0.030268805059860026,-0.06121665632002499,0.0005104120862136417,-0.002484021533749939,0.0007341763898127081,-0.0021189703806941567,0.03127051832731995,0.021843511483730437,0.0295527768246254,0.03209025378098531,-0.010767220943329674,-0.008695625236294241,0.01739923279543724,0.062460567823343874,0.07533076913920471,-0.008534973012466255,-0.019200587424300832,-0.020393811174510997,0.02198806688043984
0.016339894361757066,0.004296477405055198,0.00626016679202026,-0.022926448353161308,0.00039018351018027764,0.00324282966032583,-0.00366170893327662,-0.0018635453063126101,-0.0008100850218676399,0.013008223965828878,0.02072958647557414,0.005380227915831706,-0.004496640132316728,-9.081252672149332e-05,0.0013420149539877598,0.014394623444447512,-0.01235702937651178,0.003834335283471514,0.0074013157894737705,0.002700353602958948,0.0,-0.0010695721353170306,-0.007173511908681709,-0.004794188995086909,0.005025107591078409,-0.008292223404128718
-0.0038585892212992796,0.012834235495486249,-0.0023042164836766816,-0.028424228478604676,0.0019501171790453652,-0.0032323477073080854,-0.03920190828144751,-0.02006991925647237,-0.04175115524929072,0.014496551254894609,0.017934860399977468,0.005716628753010059,0.005520727936790348,0.02151809534699557,0.01751868674630188,0.008180266907005001,0.009148340020159629,0.003203474460153768,0.008163238095238086,0.015260308822009785,0.04156775534441807,0.037473179871520435,-0.011921981762963677,-0.01605787044125766,0.009285714285714342,-0.006214723163841851
-0.01484816105083298,-0.013727603604284272,0.0034642495026385714,0.05497741998821907,-0.0007785443999673683,0.002837491340704832,0.08342436854556028,0.038342365404031235,0.07952627239958851,-0.02758483568580114,-0.01658244537561718,-0.022372946607235333,0.002246081884777539,-0.03884101788568093,-0.031047163128731205,-0.02285148222264847,-0.002799788574035843,-0.01854573860343227,0.0021592983038947007,-0.029177813111737907,-0.07582679157201874,-0.07120738241524169,0.02559410628068157,0.03141578902506505,-0.037508811040339735,0.037293986490983054
-0.03407608632201671,-0.014989315668848887,-0.00023019562185971104,0.042062199888330536,0.0007791510036179637,-0.021422882316993297,-0.0010087760591795097,0.0038991286192261703,0.0039185344827585775,-0.02172255422715133,-0.012251349718354029,-0.011380585245125622,-0.0018675547808766789,-0.002126826355898176,0.004854840370032826,-0.012455465492004714,-0.008422423648319717,-0.020773419057769044,0.000538674911428109,-0.006375225121804291,-0.0037013574152596337,-0.012222166666666348,0.011051730010037713,0.007120126898771116,-0.04099271908115005,0.041762554803379835
0.010176433730081192,-0.013586957274063723,-0.010128890656742424,0.0039292193631285536,0.0,-0.02023958406987177,-0.027095204547129062,-0.013022595384966936,-0.02576120118028093,-0.003918044374905233,-0.001267024480734033,-0.0001249023058529141,-0.005737794829432105,0.011305652439786791,-0.0006763938675503036,0.008580008359158944,0.0,-0.012268357827475993,-0.0026918706491590753,0.005957943957802053,0.02229102167182681,0.026434137995829932,-0.0010578520463421241,-0.0062843452853302536,-0.023960131261649656,0.023674242175144758
0.017461284221001398,0.0071625011570575015,0.007906976744186127,-0.032734389481131346,0.0003892328238759484,-0.005902184110280265,-0.024044334474237428,-0.013425971911435844,-0.02604166771000265,0.015437171864972354,0.017760492281218048,0.010386678280292664,0.005394555330505108,0.012828755048898249,0.011313073125373607,0.02645683471398973,0.008628805016319822,0.018372337710281468,0.004048637086333002,0.014122950123048155,0.026044881889763817,0.03178082191780813,-0.013060337668974822,-0.01620554557755715,0.03397494241849736,-0.036591612328177564
0.009901032438020044,0.0076586551559162845,-0.0057683433317951074,-0.009196248099986173,0.0,-0.010177980279937895,-0.014533853758732855,-0.007742796990680439,-0.016454093642702373,0.005041699977201528,0.021190127588603842,0.003220091916401239,-0.001746930393647785,0.007961684682544845,0.013385620552084166,0.007707541597628312,-0.01109488367889696,0.00584422571266939,0.0,0.008984669821149616,0.015348287169522482,0.0010621348911313401,-0.008941368263864996,-0.008437001793269899,0.010066438364047909,-0.010882363889394096
-0.01111110964086251,-0.006514636360534219,0.008122511023439239,0.032485614117052426,-0.003891049971038248,0.008997285473418555,0.04028780720459745,0.016315889895580762,0.031367628607277286,-0.014535703799866831,-0.008287350423041219,-0.00358015095516614,-0.007499974999999992,-0.015348774244725857,-0.01924710858094368,-0.020889818928853287,0.009056748580138795,-0.009473285574669336,0.0,-0.01335708680889895,-0.031976800466465186,-0.013793103448275943,0.01443529660522088,0.012965875514395622,-0.015231308762692738,0.017473875714312078
0.01850627250418858,-0.001639366623027405,-0.003913420900400967,0.0037756742857906274,0.002343725920827067,-0.0008491451914050394,0.007952956431535204,0.004885970218706454,0.01419302514193031,-0.0041767384970800465,-0.008615676900164673,-0.01821331799222212,0.009445843590784795,-0.00811302665760331,-0.009620009897643384,-0.012767777922693542,0.0006696706564024205,0.006248482689326548,-0.010752741646431693,-0.00722013534391034,-0.015015015015015015,-0.009682625067240436,0.0035573543676540986,0.00680004632808243,0.00954745101293586,-0.012297296463536452
-0.021414651478601592,-0.004926119911986847,0.0025422001386641298,0.04639075599531591,0.0007794546600582935,-0.016149707354368506,-0.0118353003745335,-0.004399143422068619,-0.011195521791283532,-0.022958025092825945,-0.005880776536627026,-0.011105769887139058,-0.00935745453880338,0.005514254305932508,0.003399766976195323,-0.0036586488867408596,-0.0160642894269189,0.0015206563669671461,0.02065222882207144,0.00272721876682652,0.009146280487804944,0.0,0.001417969302888508,-0.0027810483067717672,0.004539474267816743,-0.005044553075980646
-0.007294424722707461,-0.007150738129140659,0.002766228613042217,0.017631000261246168,0.0007788081922380603,0.004751738249643228,0.06231556913182493,0.02651160465116286,0.05580270926000809,-0.007924006034940204,0.007230222211320033,-0.022970580405721128,0.004156183774403378,-0.026871427589016488,-0.02187804389511973,-0.024252741661020347,-0.01687076508600798,-0.009616626719177866,-0.006656016862193375,-0.02085219275618929,-0.05015100000912381,-0.07007055947854418,0.015929209923329118,0.020717135681452444,-0.01958201808356201,0.020064736355924557
-0.03941217969164233,-0.01828257311826976,-0.0022988045977011353,0.02590413749530461,-0.0007782021220501907,-0.008168585816545395,-0.02859477077459525,-0.012460331048036493,-0.024894752014754832,-0.012318795455330576,-0.007896149572691497,-0.004310443503575754,-0.0022576193807492093,0.01202215636308676,-0.0019794635591898345,0.005426177044877025,-0.002629417737636359,0.0017887697121030566,-0.0152773783093708,0.006481431631964239,0.020356297709923636,0.02336442620534879,0.0010452848629725962,-0.006635485667842148,0.0024966583445362018,-0.004547387998041097
-0.02016683385248936,-0.006207549309093868,-0.005299631092182922,-0.012461091573664812,-0.0007788475836797192,0.006068390702664054,-0.015811656588533906,-0.0018353292039458673,-0.0011782797006394269,0.0031523023088961648,0.007169611308094431,-0.0034106024876662303,-0.0010056819231044835,0.00037123897911836405,-0.0037683162938642227,0.0,-0.0015261703902673554,-0.0011478637343266495,0.0032661674868716658,0.0009201160642704166,0.001870261728786682,0.0005708333333334812,-0.0010441933834348758,-0.0007858318742759111,-0.010344846545117956,0.002018517008982696
-0.0262597917346928,-0.010221488336965888,0.011350521721126718,-0.026730881620454876,0.0007794546600582935,0.013787310382992852,0.01880025700906696,0.002528177546687014,0.003932402674007035,0.012296682049859509,-0.008686011255421188,-0.004212111754453004,-0.005914193961064583,-0.002504907667641641,-0.018813448325835667,-0.02271935992477437,0.0,-0.002042849846782335,0.0008138361146546412,-0.004136110327709761,-0.004355942750466726,-0.0028523101624467525,0.002439044880007606,0.0035390642964957717,-0.00309717382888108,0.004664991518235867
0.007288537458421075,-0.010900757913320744,-0.05519926706367377,0.008700136620609634,-0.04244546008711416,-0.01912458551566851,-0.034390202409156086,-0.01421364085771758,-0.02702706513799192,-0.003364005527583376,0.010672712792074731,0.003568902466523397,-0.02341769620253164,0.013392876117732709,0.007405934868621394,0.02485081566360057,-0.015425328450131219,-0.0008957010800562575,-0.0021685552227855395,0.011075234029532708,0.027500062500000144,0.029748283752860382,-0.0038234792595308407,-0.010971707608618543,0.005048504854368992,0.00042212958163512633
0.00578874179776873,-0.016821240128774513,0.005090884848484929,0.010823591902188588,-0.0008133715117162678,-0.015597929323224673,-0.04447534669083831,-0.02116279069767434,-0.046698872785829314,-0.005017235521715367,0.002868144113991557,-0.006454170489757373,-0.0007777835183983707,0.023311316293238987,0.029909304232347306,0.0245089435861107,0.002116991746293588,0.01792805828802963,0.015484922154715516,0.018256435514639843,0.04440382941582542,0.04666666666666666,-0.0073272064081358985,-0.017432702557113114,0.03458270999160387,-0.035443047401591286
-0.03812944568740385,0.0017697551176561934,-0.0019295224777985,0.04350006692320557,-0.0036630689635766,-0.00880268346773243,0.03327276363636365,0.013779947731052416,0.030405405405405362,-0.02262202217152642,-0.018589541036482055,-0.003446881576919969,-0.014139266526878524,-0.01578477130044843,-0.014960389604783146,-0.012300619586883737,-0.0014079826815509592,0.005283759096333111,-0.007758185988277437,-0.014343363753926988,-0.033779848573092706,-0.02866247346072188,0.004920848612624396,0.012096832260101378,0.0211017931111446,-0.014326388575538347
-0.05684370270144831,-0.014723205182606253,0.01063313169083781,0.06653836887186744,0.002859468599750517,-0.014209652874093703,0.0065106279602101715,0.005858917546703424,0.00655733606557388,-0.03443961402439859,-0.014504284571684019,-0.0035921077293031094,0.005263184210526324,-0.003918352540884927,-0.01101847351634846,0.0008588765782014672,-0.01988736546736695,0.0202727433226008,-0.022108385009436512,-0.0018188959456983964,-0.007233333333333454,-0.00327863405894182,0.00804481341622025,0.0011951844851413392,0.029261137527432275,-0.04016415311763522
-0.006344203568089752,0.005977286894424502,-0.017934002869440458,-0.04509917521493575,0.006110102743606589,0.0018016557996558718,-0.02937064633967397,-0.01863930655355575,-0.03501620663746773,0.024507282252722216,0.015860221454430903,0.0009348113926464234,0.01662298385803678,0.017473269005091403,0.0042156580612965466,0.026860079180125944,0.0012952046691069635,-0.013124003595290213,0.009925585883650313,0.012756165335185943,0.035822710128883425,0.019736842105263323,-0.00936856756969143,-0.011937899315722974,-0.02452020299431768,0.025546167482460542
-0.015163553699025068,0.010695212416263113,0.018018042366691,-0.032588145465995005,0.005667957697607706,0.008093598819117843,-0.0005403097982710047,0.0033238129943925945,0.009282657836174834,0.015801444299947818,0.006284711397599756,0.002800914808394395,-0.0014162482661578702,-0.005304837211788853,-0.0006996501539336023,-0.0011700400745431794,0.007760872065049266,0.004598595632595339,0.0024570023899263176,0.0,-0.006447714328705259,0.013440860215053762,-0.0003501647010801137,0.0012081401206217432,0.007832422301186795,-0.010707889870289708
-0.005672545849339668,-0.017636745466814374,-0.015785672906346,0.04865746055886975,-0.003220619588811326,-0.009812595283148958,0.02000353144698035,0.007098982825318559,0.013795986622073507,-0.022638536150413426,-0.022352205493706912,-0.00824679232457047,0.0,-0.006779354789280162,-0.01160235012195392,-0.016064249064531053,-0.015972628280079646,-0.004948682297447113,-0.008170016117374392,-0.010346319106430113,-0.0194690254000574,-0.047745305039787855,0.009109945623100949,0.008849586693718416,-0.00018076991936490558,0.010595875946082037
0.00977987626594111,0.010772018652053166,0.01579579510105489,-0.008069583858796392,0.008885248608791831,0.0036036307992762533,-0.006183710465855482,0.0009397791132570607,0.0,0.001562895016633235,0.0012103556689358618,0.011668574374153577,0.0,-0.00027301602492766416,0.0080955575794374,0.002380943918043295,0.0,0.004102971528036718,0.013728721237162069,0.0018182072901936628,-0.0006016846810058293,0.0072422837190927155,-0.00381939156226174,-0.0019936030919829907,-0.0014460954446855268,-0.007328004757429614
0.050847460396618735,0.0367082118083801,0.016746435807331008,-0.07556317508019941,0.002402059007223188,0.02423688212025952,-0.025777795555555563,-0.012206479446313563,-0.02680412371134015,0.04117926753667192,0.007522305107947611,0.017897228637397834,-0.0005157426641500108,0.013108812255053516,0.010439680472605524,0.01942654443739088,0.014058026354959185,-0.0012382119554677493,0.020314193949847997,0.011343010324833291,0.03010234617084008,0.029867311946902668,-0.014639229059299982,-0.012385183599532562,-0.0030775161811181077,0.002044292945679884
-0.0230414166128269,0.0017132717905391586,-0.007294141176470583,0.01235403621594173,0.0019967642618343613,0.003067524669199365,-0.00018244525880380143,-0.0004753089127705033,-0.0004237288135593882,-0.0072298063486825655,0.008266149198925021,0.0020838907858824183,0.0007740583374895907,-8.987330317303229e-05,0.009040293699968385,-0.0022467837604524727,0.0,0.005950842749772271,0.0005309530411974166,0.0026918276891872506,-0.0023378724524913924,0.004833404681342464,-0.0031836593208685138,-0.00283167431681346,0.013255838024332656,-0.013034126271082351
-0.003930887055456466,-0.01539336402596212,-0.004029367244118615,0.011534570377800113,-0.0019927851396859225,0.01660116218218668,0.06588795280365124,0.03114593363894595,0.06146676557863503,-0.007556714675818676,-0.0072727669421488094,-0.02092541683834469,-0.005671603359845472,-0.029924532979192488,-0.02737027665649296,-0.034445412269467665,0.010432756681392343,-0.01552874063998941,-0.004510453820919367,-0.02595078208442296,-0.06151142355008792,-0.06680919651572402,0.01916253469403581,0.026369103088004463,-0.028494624166570264,0.03261364187841838
0.011049839847030429,-0.0017371400254260394,-0.006901475487863071,0.02181464292892552,0.005191619399368654,-0.006016408108912871,0.008047893560003634,-0.0029973945814479506,0.001996765095975822,-0.011353045850371005,0.0065934401569140025,0.007699356597380958,-0.005703940960642311,-0.0017600278395560876,-0.008806589646658642,0.0019867237277374763,0.002829223165062504,0.005883838478361439,-0.005863566098081115,0.0018373233907124087,-0.0006242197253431968,-0.0005726231713987787,-0.0013927192082076293,-0.001976187537994007,0.0073787494443597655,-0.01278915731292582
0.03278675181607322,-0.008700696467031071,-0.005990893841361132,0.02506871987485945,-0.009535183563386016,0.0,0.034652642001913335,0.027752010742275245,0.04623355918692707,-0.012463010220421952,-0.024480594313091117,-0.016598477557518868,0.01916559396997085,-0.02282849809152747,-0.01817809473402975,-0.026034456896551757,-0.019746304824146344,-0.02103290655962429,-0.0005361930438658491,-0.02338384097576856,-0.04684572142411004,-0.02865329348691728,0.019177141929344832,0.02297019255245137,-0.04193372931818838,0.04134285371216136
-0.017384734215093862,-0.008191818185286727,-0.0009643442622950006,-0.023509024558077823,0.001203296240456942,0.0012970650554979366,0.005910359546872543,-0.0015751575511961712,-0.0011428952380951852,0.012319919366280413,0.011530093440991651,-0.0016077154364730435,0.0,0.00037980055897999837,-0.0014561993078448345,-0.0008851654925163473,-0.005755377875311397,0.004830879489912091,-0.000804694227593637,0.0018780083296845048,-0.0006553079947575222,-0.02654872999712509,-0.003421186076746879,-0.0027099097027081533,0.004969457186544343,-0.009087018410060262
0.032307720818857924,0.01297920599347281,0.012306998366481622,-0.03231539880942638,-0.0004005356307912783,0.017702966538848813,0.023012893748979867,0.007212080396936684,0.019069413389375036,0.015284836668798547,-0.002279710354564137,-0.0018780937385042152,-0.02046818524928177,-0.01034740878478863,-0.011458312499999993,-0.00017714387430401967,0.0062230160276349035,-0.00215078438574421,-0.004295302013422727,-0.0070289856518405865,-0.01967213114754103,-0.00848478787878785,0.00034326190932164286,0.0069874929316018925,0.000760688445770687,0.0038209498650862072
-0.012667658466229838,-0.008736168460157942,0.0019069844599049293,0.010018417265293223,-0.004408833137857285,-0.0021214050295762536,0.011486949585194656,0.006936697402924528,0.009356287775310172,-0.005524818965759818,-0.00934139094069788,-0.0024199473487656713,-0.009141922423925771,-0.004220642685851385,-0.010432012425036618,-0.000797483600943733,-0.0018698340439270052,0.0008875237395389717,0.001617740630897741,-0.0047192729922516845,-0.009364548494983195,-0.017114974503974794,0.004804467741994849,0.003084145971754876,0.000760186255419667,-0.0016312561706771172
0.001509460715784566,-0.0011750642858335415,0.01142039046919812,-0.04182514326913055,-0.0024154341489684076,-0.0034013003749156865,-0.05078867347669802,-0.026222222222222216,-0.05265109576014451,0.019305601466875624,0.003731110406862622,-0.00026935130449299243,0.01608004417767062,0.026009094037358592,0.03247784975070383,0.025716068787338914,0.02449566231918107,-0.0029136431995531314,-0.01318982432356273,0.01896636017119653,0.051316677920324086,0.05721393034825883,-0.011612010679353864,-0.01691012303241117,-0.007785795670337953,0.006100195879078491
-0.024114589439890432,-0.02411757658694905,-0.023288592015459512,0.04140790271580221,-0.0117030495881436,-0.021331100471195127,-0.0310734297108674,-0.011866750342309459,-0.022700587972625686,-0.019015395295966984,0.007772329991846807,-0.02641863739785309,-0.016344455381733028,0.010421565854444328,0.012891914324380305,0.0004322901432054108,-0.020393884312348388,0.018676165908730485,0.004909983633388075,0.009772005718905123,0.02119460500963392,0.02058823529411773,0.0017276472607351868,-0.008991416074764133,0.03961722488038278,-0.03865309616010066
-0.02162161443868319,0.007835947455009012,-0.010115655105973115,-0.0008283631406831349,-0.0044916452762568965,0.009590253132940485,0.03412790200432341,0.013163972590391985,0.02082503087004517,-0.0011127586852726211,-0.020186405873607385,-0.014952341057578368,0.0022418303509998357,-0.01068576442987091,-0.008451298324521857,-0.007172502530482983,-0.008614294374971701,-0.0037416188575705132,-0.0019001085776330152,-0.012442453326316374,-0.02452830188679249,-0.020172910662824287,0.006899018555470939,0.01104532466710961,-0.006443280559646481,0.006870154219279679
0.006314159957706971,0.008373340512252395,-0.002919659509472543,-0.0258663733068086,0.0016407138347862755,0.0034542139193726924,-0.027197330467617468,-0.010257602239744758,-0.014515457041977244,0.012668695837153058,0.00041066391195068735,0.00702761986168476,0.006184223684210478,0.007232055910284095,0.003902290118164586,0.01810429121859417,0.0,0.008262443975805365,0.009790617351101356,0.006999465964813335,0.019342359767891733,0.0052941176470588155,-0.06474829144339479,-0.005852505369980823,0.013155437962656258,-0.015324418001690838
-0.011764675993064846,-0.0035588878895326023,0.005856539775500404,-0.010212731914893606,-0.004504479127684961,0.004303013145915311,0.0177293044664167,0.007369968096267469,0.01632165540120799,0.0031619027195142397,-0.012588922753450272,0.0002790874117187533,0.0,-0.007832861018889605,-0.014218483751667713,-0.004274600288325209,0.0011582826673909564,0.0011174074855052373,-0.0070024775921767425,-0.0074141890492298015,-0.01897533206831124,-0.005266237565827961,0.002197815435680043,0.006671905201317014,0.00036578273591807983,-0.0015903669384342554
-0.004761988926130304,-0.023214179369774855,-0.03153816032173322,0.09165946374344056,-0.016865501712161966,-0.03084838736232728,-0.0033501004463969827,-0.0025148832869279912,-0.010575831939841957,-0.043990411309508565,-0.01455103865121076,-0.021487262536905957,-0.051915796365688514,0.0045112311182099645,0.006952350100061808,-0.003520245526571286,-0.02025155999443322,0.02282034067296311,-0.0054244916035934895,0.003267995975448173,0.008381689232753113,0.007058882352941295,0.007675429419089758,-0.0035087493713317148,0.04680067556123085,-0.04448738246088735
-0.0071769995041993905,-0.010969008445717285,0.01528058693790508,0.037177000630119764,0.01213395739299972,-0.005305057594155908,-0.008403361344537815,-0.0018336465314314422,0.0007918052256530898,-0.01469022149010441,-0.01898465040792677,-0.026664858639119108,0.029655200000000013,-0.0001870883286047072,-0.00772877156091538,-0.010167163711307232,0.0051675741816560395,0.0040014792772951144,0.004908644936386408,-0.006514701931203759,-0.0006393861892582983,-0.0011682826420396006,0.006166153613325929,0.0050861623160171066,0.00873209950164511,-0.00893069746615751
-0.00160637286990138,0.0061614928448515205,-0.009622502087897744,-0.04237541265950258,0.006200866456119669,0.02088883939769235,0.02559318644067802,0.01056254903702761,0.02294303706712677,0.021555199297615964,0.0012900874056740715,0.02710207942437501,0.005492243657274014,-0.011510424747235348,-0.014124010654024159,0.0,0.0,-0.015096617810509015,-0.01329706992114362,-0.0065574215782231255,-0.0217530390275113,-0.026315789473684376,0.005046796980220495,0.0066172869222071995,-0.026488885958756543,0.027994652361120267
0.02976673089357936,0.011022683053846214,0.02242157504787166,-0.022680412730855075,-0.003286737007925365,0.0065303673518385,-0.008428326175122383,-0.00022717565222345746,-0.00696059524514329,0.009980171879978298,-0.0016463565135223293,0.009841822960429148,-0.010924593949496152,0.003218820502285855,-0.00800592015169072,-0.004004169672810805,0.009988533061311906,-0.01888413173939434,-0.007150797383091314,0.0,0.007848266841072662,0.02942936936936943,-0.0014346806715621974,0.0,-0.04303750666903783,0.03623195503113509
0.030468575584285142,0.0066626164501527845,0.006091617785291965,-0.004219376894180136,0.0028853575132166518,-0.013408378111630172,-0.05833333333333333,-0.031363659090909095,-0.05802176791277262,-0.0015525447649486425,0.0167777800474814,0.0069209274035322435,0.014008634536870592,0.02934793781874171,0.03238826658995988,0.022548523379628038,0.022396295983021747,0.03487065279663415,0.003324183009650141,0.027345689850125168,0.056456911096690585,0.05017509044195397,-0.01867818872099973,-0.026682144555616464,0.0713622175922279,-0.06541848340092568
-0.03942374039814845,-0.001203344943394934,-0.002906345291684468,-0.007659745637878882,0.00904228347073477,-0.008329649009457596,-0.02053097345132737,-0.009619896987796658,-0.01901616291789316,0.0056149625088319464,0.0013398350093763677,0.0032259811547496768,0.00916580777319076,0.009075889089184285,0.015223163801448631,-0.007777811965811972,-0.0008533730848066174,0.03236714858573124,0.0022086691825324973,0.009637420270156686,0.017198893292450994,0.023888888888888876,-0.009882837105813462,-0.009932453192580402,0.06522112523083687,-0.06360131470430465
0.0015784800683835126,0.002409528078898113,0.0014574205225853358,-0.014616505413311028,0.0012220864760405193,0.011936334833538951,0.025478857968919345,0.012082492586649908,0.02233459755583654,0.006755411638293821,-0.01056338028169014,0.006851368046934492,0.00039487955252236553,-0.010811329154174529,-0.013373860588871076,0.0,-0.003843809702343877,0.005147344227397628,-0.011294766151370874,-0.005909058482549395,-0.024154530444114013,-0.04503526858383062,0.0,0.006019249793385714,0.01205018726591767,-0.009408364964988558
0.018124590586578358,-0.003605757382630897,0.00412325976230909,0.004333300000000051,-0.0016273637115299905,0.008737395588752805,0.033832563876651976,0.01591762603189071,0.035449340478153214,-0.0027958796153563954,-0.03416372241992885,0.018886399935543068,-0.0026315394736841605,-0.01763407469601608,-0.0061614091033500365,-0.005426798360816577,0.0002859861276167549,-0.0108240225983243,0.0005572861676589485,-0.015089165526603632,-0.032797029702970264,-0.031250056818181916,0.010351251263656415,0.014758692577715782,-0.02558328155806014,0.02068691099808858
0.060371489132790335,0.03739449169206574,0.013043405166985248,-0.08114834321766826,0.011002393889411136,0.024252932856223416,-0.007499540054526723,-0.005069170273310147,-0.012340843457768862,0.04191775412494594,0.025792189221640147,0.014583633136761153,-0.0029023877479263703,0.005796587563543236,0.0024798305691241013,-0.003984055118517679,0.017144904121993744,-0.0005882574558949047,0.024784154831523342,0.007892191928694154,0.008957133717210415,0.007624692529307481,-0.012074659861510005,-0.007468536076098185,0.00016510898010058708,-0.00025490122070991777
0.04306564435173962,0.008720930749135247,0.013590820543414959,-0.03919086218513386,0.004030632414935022,-0.006765250792744991,-0.03400309119010814,-0.016211208893006087,-0.02619907401044236,0.01840205212833294,0.01027304619841346,0.006582396386592204,0.0,0.013292433290715193,0.01030715348300825,0.017391304347826087,0.011799331407303632,0.0017658817573372836,0.00815214696065616,0.011515429364951913,0.03107165504121763,0.018626309662398158,-0.011111065445296936,-0.01188116447496222,0.004292587089318145,-0.002677534106847003
0.011196627573876431,0.01037466386750292,-0.003293319373950643,-0.013909811768612505,0.0024086466161749357,-0.007237160560396858,-0.0223999644444445,-0.008945433145009358,-0.02193712748344365,0.005686585018680678,0.0071819239429023515,0.014947496916409266,0.02103725797731464,0.010916383617716073,0.012854540283244448,0.023162384615384585,0.0,0.01868614496115393,0.00970353152040612,0.01229509350925756,0.01660522755227556,0.04571422857142855,-0.014981349681272403,-0.012424976060665336,0.03978296762179951,-0.03669142116221652
-0.03321795366566828,-0.005704506759106983,-0.008732570420877281,0.02058715250833293,-0.0044052212039655475,-0.0034305577188178103,0.02291321975220156,0.009026176200768406,0.016927719717635074,-0.008415933247286428,-0.022733698268382483,-0.01551636613408716,0.0,-0.008529900413699613,-0.0057413376887726145,-0.01436806460920609,0.006386312273640283,-0.010036940470696974,0.0008009343513328326,-0.011246062482543851,-0.015124016023955472,-0.011475355818325443,0.013688256827279874,0.01176955139050377,-0.02197626877470361,0.02017259509416308
0.04724413613842415,0.017785357904681713,0.007380976190476184,-0.03530069041276253,0.010458623500825343,0.0030120874224517607,-0.0394666844444445,-0.018832391713747582,-0.03662093064415603,0.018433014854999718,0.005635016697515078,0.01736329076408432,-0.004146689235368116,0.01857952556142186,0.017526117085666374,0.022968040053700112,0.0005521997069901486,0.010022142175087631,0.003200826716413618,0.015923537205459127,0.036240784014693835,0.02819237147595365,-0.016504161429688902,-0.01604486735297429,0.0019398480126115738,-0.02055420760163094
-0.015721122686862963,-0.007327981021082413,-0.007090593072781934,0.027879921476092157,-0.0015923805418612848,-0.005577009750321347,-0.0035165464282165392,-0.0009597168905949283,-0.002591792656587418,-0.01510104500466634,-0.0069683981386867155,0.0006565138118167613,-0.014313572265805388,0.0008985353499996766,0.0049780962768200656,-0.005053860937544157,0.0,0.03196035610846592,0.002392980526642459,0.004478343473757303,0.002371013493122977,0.005376397849462306,-0.0030510986890878587,-0.0044843811317712146,0.08180062923523729,-0.061628356200978174
0.029166620974098133,0.006814229132843979,0.0069031424376644005,-0.04012056884535694,0.0,0.01855043475602574,0.018387852897473942,0.00816524995593765,0.020788220008661776,0.02223363481009193,0.004919395353234233,0.013119904023813269,0.0013201056105610475,-0.01059341063464779,-0.014662204979944525,0.003247622724543992,-0.0031714124296759807,-0.004584112151518101,0.0005305039647082006,-0.005350007593728631,-0.021289237137788318,-0.015508074037001397,0.0015302567834328225,0.004914069959240885,-0.010440044275613295,0.009766369150279694
-0.014844726427892975,0.0,0.0,-0.004905808573504878,-0.002392319892047317,0.004235536366211239,0.007842348792910908,0.007146236303001422,0.011030971574034706,-0.001165260285683077,0.014973730761680853,0.012561683964150092,0.00975607145039081,-0.0052626985324624965,-0.011461884289783706,-0.001992073323570522,0.0027661806910951807,-0.025833943904683264,-0.0002651643620051884,-0.004034054014333649,-0.00906338423343718,-0.007604562737642618,0.003055760284618802,0.004482430128018726,-0.052298373844713586,0.052985803363375536
0.03904102347036014,0.014664400459064518,-0.007092175108562052,0.02543878969510523,-0.0019985221827835127,-0.007169965992711783,-0.03420193753897716,-0.010406788325609779,-0.03944611833822907,-0.01373912876357714,0.013617979515640062,0.009975814991999756,-0.010053480091577577,0.020158707110062183,0.02044347030105777,0.008399883705919556,0.020689715081194424,0.0484261138558938,-0.00662954141154976,0.021602235660263182,0.04024384146341459,0.025725232621784284,-0.021705973409724758,-0.022312384297570667,0.0908078070800285,-0.0945155180571544
-0.012524741967214138,-0.0161199664075573,0.011904761904761904,0.0642307692307693,-0.0008008719696633695,-0.01146983387761656,0.003747442453577717,-0.00501909655831748,0.008737483999016353,-0.03141018499614498,-0.0124553841591102,-0.02925154450184082,0.005275666051173875,-0.004470672549022624,-0.013854280596944336,-0.006927802061855664,-0.017973134989132854,-0.006488551633124464,0.0069407903614733145,-0.008370004741437979,-0.012309438001725341,-0.01280683030949832,0.01595948750011683,0.00912866052654352,-0.002769995787723893,0.012937445439757916
-0.006007914732318097,-0.006779695553489667,-0.0070587999999999936,0.02367188290567396,-0.007615253552301027,-0.0008594495842289085,0.022587250326675308,0.0072063173863483624,0.016024209614551754,-0.01222317241843063,-0.005030872067212204,-0.0007829382994005661,0.0,-0.007993524627035222,-0.00252678385836297,-0.01685912243637163,-0.014586290679581755,-0.013615176604612672,-0.0013256362320882176,-0.007552191699385578,-0.014243264094955544,0.000540540540540625,0.009195379730036892,0.006990053989868919,-0.041228068969939406,0.02699564507995224
0.0,-0.013651889198574593,0.010663530552996913,0.01129742237255342,-0.003230984637706654,0.0034407990334327,0.0136911283988888,0.009062747436203195,0.016624084255076124,-0.005775238337587239,0.009044324299164285,-0.014751736934899584,-0.014956690960945731,-0.008510593259681086,-0.01611109502257389,-0.0069268374791394026,0.0,-0.015149803443498972,0.00716753422710563,-0.008952676208926681,-0.0180615281118889,-0.01134527282549983,0.006833715514066271,0.008166693277849853,-0.01646846549349003,0.02939505287181873
-0.018133023729923856,0.003460196023915027,-0.026494770152648468,0.00872752646661675,0.0004052027109972047,0.002143141604075382,0.02016933225588576,0.007563223645397699,0.019287169811320747,-0.005254816879957067,0.008469172016808895,0.006889801731261437,-0.004262120291366288,-0.009770797009025651,-0.005149330693086111,-0.0022115941172437697,0.0217846156111305,-0.0012534183852912792,0.0,-0.003613374472386557,-0.016554139580265918,-0.03551907297918438,0.004147793363659825,0.0040501873788405755,-0.010077550387596907,0.0035694949791046132
0.025307761450273962,0.007471288226616799,-0.0038535404624278962,-0.04775916165843292,0.0036451834106584384,0.007698914050875395,-0.039894138044337536,-0.018766103242643595,-0.04401476939591823,0.024746464551052613,-0.006438505188876043,0.006843253677106472,-0.0036116103902725967,0.022408714083203263,0.018530031439545205,0.003665814057992757,0.0013667621468806505,0.03536791704807947,0.0,0.018585592117130758,0.04114712960429368,0.04589229461756381,-0.016898203734815383,-0.0181524861400445,0.06969467720265245,-0.06744186231031096
0.030687129525096682,0.0074157657962652355,0.013781406823467022,-0.00508811566578434,-0.0024213642418856765,0.006791094076789658,0.016179463434077286,0.008606191316940407,0.01893287435456116,0.0022356651331629502,-0.01789115997822667,0.01503064483274993,0.01610959903637005,-0.009560791659760341,0.01300944214868834,0.004841586558016205,-0.00040971340561649257,-0.0016529146005509713,0.0,-0.00712052549272387,-0.01616772358277108,-0.011917606279393698,0.0015278416091034461,0.006573559153178974,-0.00014644216047838334,0.0008802259316481697
0.003236303416205099,-0.0022649021056798,-0.0014309802051037386,-0.009315031963470376,-0.005663372482107865,-0.0054805263688447615,0.018816736023158972,-0.004029367244118615,-0.005067609797297232,0.002980634013677662,0.007028695755582448,-0.009786225560214886,0.0,0.002276659726375735,0.003511578278550751,-0.019442121231391715,0.0,0.024613731227676117,-0.003690036997628824,0.0035858409384817874,-0.002434631771150345,-0.01315789473684202,-0.006102197378175854,-0.004489831127956896,0.04495533687281676,-0.04792618871788706
0.007096703872126969,-0.0017026338379714078,-0.0028659900374012424,-0.026548726897170787,0.0032546451144993037,0.0207715259596334,0.009589717464220958,0.01665875773441219,0.03353145303613978,0.00932044236359145,-0.05063742466669244,-0.009232857273244577,-0.017043202086320545,-0.018262720666231427,-0.012097570848757478,-0.008620689655172414,-0.0008190209117645308,0.01874391858787205,-0.012962910395844187,-0.016971829372362888,-0.03294685985032701,-0.04111111111111102,0.008825833036583994,0.01599019536147112,0.037415890731279655,-0.041256158270568936
0.05060864044739433,0.024445674168731456,0.004790443113772463,-0.0001893560641924077,-0.007299318279885863,0.00498340539456364,-0.008267317793045471,-0.0032771300731009602,-0.008624271047228002,0.0032121902570808967,-0.025731492294115064,0.006431220024719558,-0.011962365269828898,0.0051827670934909,-0.0023276591909251925,0.005130399999999994,-0.013664722495869834,-0.003489499841387261,0.0,0.0013630589602344294,0.011356529968454418,0.02780996523754327,-0.003803775833358703,-0.0008070383114768444,-0.002566567642395948,0.006262026433237469
-0.01463415868617241,-0.005549390006405411,-0.007866555235600599,-0.021026728148764332,-0.0073529074501018435,0.014049535991464959,0.01986518233655228,0.007984875153364232,0.016984259195702543,0.010161593325433742,-0.025640980428158062,-0.009780803508755948,-0.005169432589595046,-0.008010339673967934,-0.010651277933631909,-0.018167644888576685,0.01302267908568872,0.02143467787425038,-0.0018761457551288406,-0.006352175943069702,-0.014348158805479887,-0.028184892897406992,0.004963762763825186,0.0068658361572729535,0.03859704976148709,-0.041008458305679216
0.024752412917392972,0.007254430750594909,-0.008889932938249228,-0.011222948916408676,0.002057654540246441,-0.004482465249044646,-0.02000003478260871,-0.0020968314117815034,-0.0016292872354087722,0.004890183971486314,0.021495131804211063,0.008297290260958066,0.0030083551076857877,0.0013922498866205952,0.0011278581065093565,0.006256049101348969,-0.007658491525738634,-0.04820277273628151,0.0,-0.0022830677122902053,-0.0025316455696203113,0.002900290023201957,0.0056990645839304355,0.0012033346150450786,-0.09505802333920926,0.10016647587908402
-0.01086951405659378,-0.010526215377202865,0.006060606060606061,0.03620358263027722,0.0045173865792823755,-0.009005379301525826,-0.013132156632907113,0.01074011156945536,0.01550383516931856,-0.0172297238057032,-0.009051516673816906,-0.0161965584656812,0.0057259578930050434,-0.008712596243512866,-0.006247439637929527,-0.01401049949239488,0.0008270150962456647,-0.00643968544729248,0.0,-0.010526254736051243,-0.018401015228426344,-0.028340195006350807,0.004533461173020547,0.01001606044170494,-0.00835737728076733,0.010738036415394756
0.009768059418416476,0.006158946173653639,0.005301228915662735,-0.033616675474661475,0.0024530007634351986,0.006195891737039511,0.016004297500372338,-0.02009708893284611,-0.03696263708166474,0.018334843292606748,0.009836911853756276,0.006505705206816917,0.001084465273870023,0.018793848119509533,0.019581583217371804,0.011634156512151992,0.012943970077557246,0.04042623355406159,0.0204081084635818,0.02173908252112137,0.04201687136393027,0.042261966801307664,-0.014667198470965143,-0.021420093718327718,0.07686720430107533,-0.07616339739148907
0.02478846300611106,0.0038954722137475853,-0.007190867516997514,-0.012116455427651178,0.0004078467974619463,0.001641903061644294,-0.018407097345132684,0.00872237193410516,0.01668761020807706,0.001708689683801421,-0.012292260736346679,-0.007914577386227755,0.0018957346484965454,-0.008535242369082553,-0.011523289194379895,0.0001755420884719319,-0.008428549174674404,0.0025340302242005085,0.011842131578947377,-0.0072430143959799015,-0.022332566852818567,-0.010279840091376542,0.0019084019432401805,0.008512322134690848,0.003373363872981192,-0.007288645698456575
-0.005309828058103656,0.013303667594172971,0.003862964937854432,-0.006330346317118677,0.0,0.0057377800734761345,0.014064244754133398,-0.008413203823014562,-0.012310258009427172,0.005106372821686016,-0.012601753090141618,0.015157402372150366,0.0,0.006387133262863333,0.005624245775393699,0.013517080663565254,-0.0019192027556944175,0.005265929602925633,-0.0031209101919139077,0.004559842155149242,0.015862944162436658,-0.0011541257934218467,-0.006857145404532853,-0.005225010859177466,0.011699865361755437,-0.0115842549912831
-0.004744862404153586,0.006017550594732481,0.0038480036629146047,0.007167031654389937,-0.0016306808668921982,-0.00937245734024351,-0.03182789716117003,-0.012726867782229477,-0.029497257997507263,-0.003396895258562804,0.013158905855586055,0.007989449725187349,0.002162508505541529,0.01471669412512236,0.015049868417728976,0.007274590739806063,0.003296601518752049,0.011000555610284658,-0.017479832116888586,0.013163845435025922,0.031230480949406617,0.057192377654094725,-0.009589591636322102,-0.013333356224478388,0.02445828694171389,-0.02096403034123374
-0.010727184651682249,-0.015769451692151992,-0.01653097668754298,0.0001976279897212088,-0.0036749524583746585,0.0074043437811886405,0.011019246813236962,0.008116519649475134,0.02354447673182889,-0.008389883998211424,0.003912057020766202,-0.011044741335463043,-0.0033715440762901124,-0.011874528643944823,-0.018833880985774255,-0.008769641626165186,-0.008214699594665816,-0.01678759585492225,0.014338847583643222,-0.010752612466160482,-0.025439127801332628,-0.02404360787123536,0.013168074648965666,0.010647075624385044,-0.03775783054366151,0.03321527511017909
0.003614460990524458,-0.0038673247282333366,0.008526260865438777,0.011264822579637264,0.0012295163353788347,0.0049000171792640684,0.03015440563404921,0.007814373668008594,0.0066917607695524935,0.0006608881901641363,0.012391832474348451,0.0007882787781607429,0.0008118673663905401,-0.00321069620749112,-0.002450530887267193,-0.01630667866851699,-0.009387248633241987,-0.02129000910486966,-0.004712067939474588,-0.004076166999788839,-0.007458048477315055,-0.0134378491916095,0.003058096663958993,0.004457003054674135,-0.03425028132414885,0.043080924332260566
-0.004801945203711609,0.0,-0.002415531284273874,0.002540570746162625,-0.0016373557774565007,-0.0012190618727375255,-0.016222853398392877,-0.005874060012357614,-0.011632696302451187,-0.0013098708391789027,-0.0019245574407031922,-0.0034133825272376346,0.00027047052826488185,0.005797873889273951,0.004913029833562949,0.00820026423771221,0.01727972787361217,0.012815011707785862,0.0255129405576011,0.005002321165911834,0.013149655604257923,0.01532338165020501,-0.0022865222479094924,-0.006050896731827672,0.009634110180084691,-0.02675217543029329
0.004222029171215913,-0.004991691721093582,0.0014528329649595687,0.015594522721140787,0.0024600823997995586,-0.00244097604281827,0.007348987141979147,0.004490640404380994,0.01303064257962836,-0.008074750547628367,-0.019745454056866316,-0.013568528701208421,0.0063529870362400475,-0.006496468052919228,-0.005601986147891666,-0.0063844238721156,-0.01712310331885251,0.003934024329589897,-0.012567375605674424,-0.006787265032081596,-0.01297898640296657,0.0,0.01184106146959558,0.007711144859311346,0.018116512740050196,-0.0070728019140460065
0.014414365448372669,0.014492685309551868,-0.0026595985817311012,-0.0341650301023044,0.0,0.008564383381571195,-0.016014270177682036,-0.005411764705882279,-0.014107883817427381,0.01694705230227305,-0.0036194745021472523,0.0032050565474376768,-0.0001342511806950015,0.006723116472221099,0.011779187087345712,0.003080697094615811,0.003484234717414241,0.011861925690784243,0.0,0.0063780826675929716,0.010644896681277324,-0.011179318679670898,-0.007927510244321402,-0.006041067311181954,0.025264872646093204,-0.025093071070098748
-0.002368187393301006,0.0,0.00533335757575766,-0.012917368839427677,0.0004089316903690199,0.007682947770961906,0.006690759614661114,-0.001182848355807894,0.0,0.005380055229337097,-0.00023690279326156547,0.0039938866184386105,-0.007925899840787315,0.0003659317604232895,-0.0025308767213087337,-0.006669024277544965,-0.0030554201765858545,-0.003454071556896964,0.0,0.0,-0.0012390335340167935,0.017523967353082346,-0.002663644874988283,0.0,-0.01324854213373574,0.006974393773258151
0.009495476372117815,-0.006044001165941863,-0.007957607717443756,0.02053555548764066,-0.00654126644218533,-0.00682174499106749,0.014729729287937057,0.007816153296632945,0.007154882154882076,-0.009919199549330649,-0.04004738609869485,-0.012463776090630754,0.004062342696339698,-0.00347505264700602,-0.006596995905785005,-0.004593613195943719,0.0027864441127463603,-0.01491437889837592,0.0,-0.012675412882387344,-0.008684925019545695,-0.013333333333333246,0.009919911875350663,0.011345135950973088,-0.034103126982956616,0.03034302490671205
0.017048740109502025,-0.0011055607792320415,-0.01215362207471128,-0.009272006495798051,0.001646115306499605,0.011313155622856388,0.0276154530849548,0.014336099044326582,0.04095277893857085,0.0037773110091089946,-0.02172303152903013,0.010203950806422736,-0.01416053906512371,-0.020556097819986255,-0.013179413971579951,-0.022541719914803013,0.0,-0.012687951671948531,0.0,-0.01650623521987208,-0.03817271589486866,0.0,0.010955781927536918,0.01602566428022458,-0.010981373061402002,0.024968005761843902
0.013872903599607028,0.0022136251755955887,0.00393700797089086,0.0031859816171647738,-0.009449472797974706,0.011186478544763907,0.027390181350390782,0.010657993512511664,0.016860698514652675,-0.0010513743594999954,0.003869114339886539,-0.013157597742975062,0.007660821003032056,-0.008245151084648588,-0.003519991863339546,-0.01189392602046428,-0.010141749315448072,0.003887699867984845,0.0,-0.005128159074269297,-0.02016916070266745,-0.07545045045045043,-0.00037370060063889103,0.005520504637475287,-0.00505974687112443,-0.0076514989436056394
-0.01995433952548957,-0.0033131319223062444,-0.005392083465492225,0.0009924374554895242,-0.0029033507963457162,-0.002765661402122956,-0.014084507278412319,-0.007794589816473939,-0.018160244769048556,-0.00026273654299124123,-0.002513573565371954,-0.00525259873979417,-0.006787944241762463,0.009447331307460205,0.007272696103896066,-0.011577708139709493,-0.016140509834629353,-0.008175580982955906,0.0,0.0028116132645432477,0.018592297476759584,0.0194884287454322,0.0003738403049854071,-0.003529389033391113,-0.013984997683500526,0.01762390271634769
-0.006399064498897991,0.002216078021119085,0.011089132031092463,-0.022605572080111103,0.002911804787093126,0.003961965166487822,-0.0329931638264144,-0.013401063156216716,-0.027342178233125108,0.010261537617935244,0.026375463426069827,-0.0010830286852040745,0.0050573398000361355,0.01403837181166817,0.017947447693061926,0.007437045644696512,0.01283860887460203,0.016268981006582896,0.0,0.014485923881234519,0.033246414602346785,0.03464755077658315,-0.010089690029054936,-0.013774104134775377,0.03180507026625772,-0.03309106333975758
-0.051522328468016035,-0.033167442896490755,-0.011698757292194837,0.03469261443106896,-0.008710094345579714,-0.004340950954337176,0.04977133222350811,0.02388758726258585,0.05456795971194887,-0.0167964726193189,0.006547147777278807,-0.010301074439975926,-0.04515163940094719,-0.026580498875505315,-0.020366825000165668,-0.011073221064688816,0.0,-0.035538891212557884,-0.005974025974025893,-0.02303085872990399,-0.05615141955835955,-0.047344110854503484,0.028312569228808888,0.02114923519846831,-0.07025823675055147,0.07212541295578795
0.010493888411777041,-0.009719817060667723,0.0002466584524453396,0.05490194117647058,-0.010460292043027591,-0.0027745109317110746,0.06366230631030831,0.023787671002111814,0.04860838886711087,-0.027431826773009288,-0.01959505682730401,0.0023282318912232315,0.02478276634073161,-0.02398785413873268,-0.021307374844849087,-0.02304750439577325,-0.02295739390418677,-0.03640589676643007,0.0,-0.024045241656277583,-0.047459893048128386,-0.09878787878787884,0.019823833410931285,0.023446691943919386,-0.07407406024602832,0.07816226017061068
-0.007330488558455676,-0.001732125186898086,-0.000986217924402828,-0.025836413119635988,-0.00042285005384651184,0.006359348963993513,-0.0025200818232766252,-0.0006701966340571817,-0.0007476635514018532,0.012672002522041656,0.008459080967671622,-0.0006833405316309334,0.0,0.00029142218202006103,-0.003910409937315232,0.002387774662495931,-0.011532427613364558,-0.02147454015906,0.0,-0.001932345334252776,0.0035087719298246113,0.054472091459314094,0.0,0.0019090316795191031,-0.04032258064516129,0.042750470984372776
-0.022769259826659068,0.004626975783831662,-0.02418556268509394,-0.006678095783247412,0.008460321888816104,0.009083692149834855,-0.0129481126496727,-0.004024167225575614,-0.01271982790871683,0.002422042552879863,0.021628330947834368,0.017637509312288302,-0.009311994828853051,0.006312537571015471,0.002652519893899204,0.004478332667317853,0.008458498669745372,-0.0028165473866511837,-0.007055134570159474,0.00822845359671274,0.009790209790209706,-0.0057397959183673386,-0.004319716467109228,-0.007240837333990339,-0.011764722689075635,0.004776436057724443
0.04156174817087708,0.00748419174330571,0.0037935760294999397,0.00019206684225765835,-0.007550385335189874,0.00039137755389888367,0.014717677642542825,0.0096520989820897,0.01970447213734266,0.000763006783640462,-0.012154889829633184,0.007523900782176903,0.018799158512894945,-0.010036681817119844,-0.007301608465608537,0.004553253738441485,0.001301471124297788,-0.0149464985883665,0.014473657894736834,-0.008641357946033833,-0.02216066481994462,0.03143040410519553,0.0032538339117943317,0.007293649463325423,-0.025510204515479667,0.029710813559587476
-0.0024184836608681162,-0.008000069862487734,-0.0015116654449903164,0.03917804878048774,-0.01352488390861262,0.004694851671757825,0.017657307267854392,0.008225833703868441,0.02118171683389076,-0.020265714699902074,-0.0075782267961356405,-0.012534937624246558,-0.029468464769961525,-0.010820832309985692,-0.009700415940740054,-0.026912171351989183,-0.018053284115830025,-0.022461135811032384,-0.004409805561862651,-0.01404360854723823,-0.017705382436260624,-0.0733830845771143,0.014414415789938509,0.01257624189048862,-0.047818465057913866,0.04629382997074267
0.035757659787755317,0.007488503265355877,0.009084052256269105,0.036592107991275165,0.0,-0.02959506334765543,0.0012392563327998489,0.0006615876807756567,-0.0007278384279476201,-0.016575436234978546,-0.016832276731814817,-0.014179886545074072,0.015607249619442059,0.0004927170543736098,-0.00021533906963745392,0.021348830043216943,-0.00014687619445101556,0.004888792471278455,-0.009379911167797959,-0.0014733736072715573,0.0007209805335257075,0.002684563758389205,0.0042629029288829825,0.0022582348924495748,0.011363617826913162,-0.009437382494785342
-0.0029256208881502203,0.0,-0.023505950312280487,-0.015154180780887976,-0.0034275569091727627,-0.004414072677913835,0.005724942243150607,-0.005729440155807843,-0.013838274356819951,0.005432688920615481,0.0043427760872352785,0.007808237365536727,-0.003772059129029201,0.0072892535644972145,0.009151658348998368,0.0103562565320665,0.0,0.003648698569098866,-0.0015781430825881047,0.006394355616356811,0.015129682997118088,0.03012048192771092,-0.010612019313992856,-0.006383820835720718,0.006161652772743809,-0.007052709725315431
0.019952928439977462,0.0062893550708158046,-0.008706786394539891,-0.025524980973027418,0.012037796094705115,0.01168884753106967,-0.014153815384615269,-0.0024379654795647692,-0.0014770679468241552,0.011775800486728756,-0.003409313098132168,0.014816013481652115,-0.009675992418342185,0.00029336005684806916,0.0007468259656409847,0.006206545277658283,0.0052955713814906965,-0.0015753514872280051,0.0,0.0009775804161226578,-0.0021291696238466547,0.0,0.005720401061414093,-0.0018896283602165508,-0.005763670749279589,0.0022429906542056925
0.0023015950996997754,0.0017043949458724825,0.03900806094053373,-0.049414896919379656,0.009770610311522113,0.007569773546450698,-0.025593054756771184,-0.009109087274342995,-0.019600627973349504,0.028312259417814976,-0.007759699754020794,0.008438228008006128,0.02053238372136569,0.009971619806710037,0.00842209994385603,0.015046738317756981,0.0,0.0216045517854658,0.0,0.009277349962240448,0.01920341394025601,0.007147498375568514,-0.00817629581771068,-0.009466105693526971,0.04166664779589405,-0.041402486634340506
0.02353611622441724,0.002268987375604486,-0.001491819952963374,-0.010357612286793456,0.00967602665324706,0.002372487123042998,-0.004324167269765661,-0.0040358746204428005,-0.010562052055828032,0.007196375236588589,0.014127144536278856,-0.01514129826079459,-0.007353947550991945,0.005323811931542229,0.006026091807848279,0.0014731240081657553,0.0,0.0004752405958239175,0.00026348788892223266,0.004354123829084642,0.009769713886950492,0.0058064516129032176,-0.0035842750089769703,-0.004969352552463726,0.0010434956521739086,-0.0032425422371606285
0.012899608804274057,0.004527355501999719,0.007470094621514114,-0.004146899765934106,-0.0008333669470365498,0.005522634194480082,-0.00804246446975919,-0.0004501576069408877,0.0007624857033930451,-0.0003970254329577817,0.015339958795024162,0.014564966806070634,0.0005591417310717949,-0.00038514345864490917,0.002837284454086468,0.00570011967546528,0.008779656329576623,-0.005818762686364596,0.007374216292488286,0.00240848718122878,-0.006910850034554348,0.0,-0.003956779839687954,-0.0015367604813874831,-0.011640062341208032,0.0097592715617247
0.0005536636130902148,0.014647934924496031,0.0014829708720457393,-0.03866745984533022,0.006672285294097052,0.005492341932836858,-0.018971915646892018,-0.00833340052552259,-0.015619047619047624,0.017207103948704422,-0.005553287191995542,0.0082412963810171,0.021374671098779444,0.007898275862069062,0.006601676621607318,0.013255297680366523,0.0,0.021858599834464976,0.007843111111111103,0.007688524059840028,0.02157272094641618,0.01603592046183451,-0.014084536803525425,-0.008080030646271009,0.04622958421918763,-0.04239690830919875
0.009407857336683716,0.0016658205661152375,0.0029614758144126353,0.003506641914191497,-0.0008284500039851577,0.0023410540205590982,0.03206609917355372,0.011583057269658355,0.0274767414860681,-0.00010314278416249749,8.213845977182759e-05,-0.004482622665992887,-0.01983308685770633,-0.01357031740797328,-0.011138871770536506,-0.02435941083938686,0.004351622415504,-0.0058445351544873705,0.02127107707577373,-0.010014229722017352,-0.029291553133514968,-0.011994949494949465,0.006593446307040522,0.00969751259423952,-0.01596102150537639,0.011573139862014062
0.006579064204314416,0.0,0.02116144244983856,0.001233237359373649,-0.0024876623422374765,0.0011677340356286926,-0.001121076251138317,0.0029186573210899357,0.0048964596947819105,-0.0005209520437486891,-0.005994383363396151,-0.001059256451488487,0.004046790173218459,-0.002809542697059164,0.0004211074938648144,0.0009247179667534195,0.00014432630665368748,0.0036448911118791274,-0.0007619761433063933,-0.001445180215076926,-0.0035087719298246113,-0.022364217252396144,0.0018195098637484538,0.0019207659837043427,0.0073416424790848514,-0.007582812493888574
0.0010892335690362695,0.0055431242358437785,-0.025060265060240883,-0.0014370766051545244,0.005818895093983651,0.00894250038611432,0.014911015150088422,0.006268256380938289,0.008995502248875636,0.0011730423565419381,0.0036348202320985994,-0.0009280558851037832,0.0,-0.00476049742543476,-0.004840566187946718,-0.012287454033397148,0.0,0.007380470860116356,0.0,-0.0019295000813575461,-0.009154929577464721,-0.0026143790849673804,-0.003632410520725525,0.0019171225069599574,0.013898305084745769,-0.0144772255892017
-0.0027203964470449604,-0.0022050269559770663,0.003954523083403847,0.02055921094899693,-0.006198471213477379,-0.01618506377615211,0.007898894279603386,0.0,-0.009286775631500743,-0.011714367635913341,-0.012840546758425277,-0.020302652668511684,0.0,0.0053689573336790156,-0.0019033625885586348,0.00467683080434643,0.001155504372203068,-0.016048343203822413,0.0,-0.0024165868136860388,0.005685856432125094,-0.013761467889908195,0.00437476156863547,0.0015309569357816134,-0.038783015713808086,0.03196417431845098
-0.008183285900037387,-0.007182343361809238,0.001230896140593201,0.009065290271258877,0.0,-0.01723457896272211,-0.03448277483515322,-0.010011145494746493,-0.013873303337082941,-0.005303880187273279,-0.010422746602184608,-0.005959365427819196,-0.015705309897372243,0.006602582903244709,-0.0010594130846425726,0.0007447537195883469,0.0,-0.007682330602974472,-0.006863243518047867,0.001453484159699688,0.011307420494699657,0.0,0.0010889174436680509,-0.0007642890152144785,-0.008521773913043425,0.014762026567996881
0.015401479634713194,0.01780749230365297,0.00688475568648911,-0.040527031343581627,0.004573905135969261,0.001195739864040875,-0.003409074786008861,-0.0065168764044943065,-0.011026578366029523,0.02119771017005333,0.017947404785978987,0.009129079692422338,0.0,0.004630114876629918,0.011666115052856977,0.01674577201127126,0.008509681860880202,0.01858025272249,0.030970028154594226,0.009192022844901213,0.009084556254367505,0.046511627906976695,-0.011965209223454887,-0.009942660401383393,0.03560784197887524,-0.03662813447533824
0.0021669406895880095,0.00765446746880563,0.0002441513981892958,0.02039117727026258,0.0033112241723550783,-0.006369474751464787,-0.010425134556526106,-0.0031666818178395137,-0.009227220299884736,-0.010378648768625768,0.0075325139894464955,-0.003240434512086325,0.019909672408924082,0.004800768030710168,0.007338264045898523,0.0014639582627507936,0.009725463091202216,0.013213342371843123,-0.006951315962048474,0.005752668825017121,0.011772853185595565,0.024126920634920508,-0.008807281480723447,-0.0057937315282409274,0.03319781447835686,-0.02561684038335791
-0.005405391800075082,-0.004883353594724121,-0.0009765869379050457,-0.0008156810600390612,-0.002887779998729739,0.012419900084510093,0.025679028806584358,0.0049920807805762715,0.02405894450911913,0.002228162854577301,0.0034505257685629397,0.005689397128636153,-0.0015229128538178163,-0.011849001206899164,-0.010719097126406441,-0.01644582045991281,0.0,-0.0015003461857969378,0.013249974999999914,-0.008102947939802527,-0.02327173169062285,-0.014879046179729918,0.00407258380326903,0.008158547280120073,-0.01327870491803278,0.003182551674936369
-0.007065122491354089,-0.003271582209863464,0.003665738204581551,0.02857146938775512,0.0020686380006545483,0.0007914683105213555,0.012839030447134758,0.007450846524027024,0.014399432148519596,-0.018966271713254903,-0.01277220413273468,-0.007947168899350043,0.0,-0.007252683212351486,-0.007889754005675449,-0.014119878975942772,-0.0029745628280423942,0.0008090499587048727,0.0017270910862840837,-0.00720810092500832,-0.01681850035038544,-0.0226557583385778,0.005899690530722195,0.007707100774538574,0.001993719920148188,-0.0019310206896552152
0.006567983194278285,0.006564585448460416,-0.0012174336498660132,-0.016666685846560104,-0.004128735142897712,0.0011862035330564868,0.00015842180069056027,0.0026894442557024037,-0.004109077325364192,0.01017988201408645,0.010864131516600987,0.005974243794952958,0.00402108968298301,0.0022403564293646664,0.003393054891168696,0.0035805616766388586,0.0,0.019517300820755368,-0.002955615909143702,0.006292416147942101,0.0035637918745545774,-0.0173857050869285,-0.005865088324671282,-0.006501038711502649,0.0411208747948785,-0.03841900168022371
-0.00435021261993761,0.0,0.027303729887859576,0.0108958230247009,0.0012437472928281392,-0.0035545143071350023,-0.01948669232393361,-0.006258448535607879,-0.014628657164291094,-0.003830373832970904,0.0233817296199994,-0.013497503989983627,-0.0196106328070359,0.00796967643084527,0.0069745748803098934,0.008731574336089176,0.0,0.00022659719332348573,0.0029643774703557928,0.006252971701356728,0.014914772727272662,0.0406290956749673,-0.0018436997878694852,-0.006543461945118233,-0.003981525657245968,0.0010060361883863292
-0.0005461040825288598,-0.0005434672167451737,-0.033222520959243634,0.0203593022099522,0.0028984999745326786,-0.023781252870095502,-0.033931136434498986,-0.018443545174168813,-0.03502093642938706,-0.0063639623420949755,0.011624210543918776,-0.010124102632316863,0.0,0.01745249269552116,0.0029383880476608394,0.01079668632172952,-0.0018466610443391234,-0.02163084864221353,0.016256158436264052,0.00860418162063645,0.03498950314905529,0.01826196473551643,-0.002955256673848792,-0.009298727181765951,-0.04077388805925986,0.04350320047370575
-0.0005464024751512436,0.0010875254679295423,0.0066272947163823455,0.009194072949805877,-0.0049545740566545645,-0.007308062407245159,-0.012878424270305557,-0.009165834307191577,-0.018145996055226897,-0.009607960016007852,0.002456597155771446,-0.0011058550241188206,0.0,0.009571664411628064,0.007219859788636674,0.006445718350749918,0.0035582389949498803,-0.009028799734098923,0.004605017188803481,0.0052132231625749426,0.01825557809330638,0.03525046382189219,-0.0011115854639905114,-0.004692943191924653,-0.02017007767394308,0.01857455971381393
0.02132317296340661,0.005431830887611091,-0.00024379420842700504,0.004458228338825293,0.003734506522101735,0.005725962733793636,0.009149457810911496,0.006475439108444218,0.012053114184536496,-0.0033238101786386928,-0.00774705928853752,-0.003735943120961327,0.0,-0.006570890890555724,-0.014440047487221153,-0.003019231390140103,-0.011771381587231313,-0.007592594234404934,-0.014716549705270138,-0.006600609583402963,-0.012616201859229832,-0.017323715651134896,0.003709171221168969,0.006286893510558368,-0.01309971100884152,0.01418347986199511
-0.04336189173673317,0.0043220104168145675,0.0036585853658536744,-0.012929332304129671,0.0012401063827695595,-0.017893525767698967,-0.04717933097415495,-0.023897058823529552,-0.04922588133283514,0.008928588531439062,0.011472291542518064,0.014583088886109841,0.002535568461348293,0.025418075679522437,0.02961944672859355,0.013306386956902116,0.0,0.018832380165164517,0.016160626836434783,0.019933593823493263,0.05178211163416284,0.05592704827191206,-0.016999202019537488,-0.020304572337984484,0.03533878763450391,-0.03729359250683048
0.005595843217372529,0.003227476064393089,0.004860169873138736,-0.00019556206468960728,0.007844780541860198,0.0070393334298566625,-0.010044052863436128,0.0,0.006680584272209431,-0.0010729376757107297,-0.01709198186115292,0.003969998492864604,0.011662245655817244,-0.003685901318261247,-0.0019451474201474905,0.0038036407137047095,0.0,-0.00046211877222997996,-0.0048193012048192855,-0.003257350965601964,-0.008312020460358106,-0.0063328148340348655,0.0011278073302471085,0.003188469203729527,-0.0009990176323839846,0.00193689820056548
-0.0027823520031010672,0.005898222300742125,0.0,0.002150977750312371,0.006964391040760311,-0.0053453990328433095,0.0007120149519402586,-0.007297598870056431,-0.019494068042552173,-0.0016104856725544345,0.005369003883572311,-0.0025906198826717262,0.005555583333333342,0.010173862092845107,0.011898697546388304,0.005503437585833158,0.0,0.00762832897463003,0.005326900855372986,0.0070027335694860535,0.018697614442295358,0.004634994206257143,-0.00337964832337582,-0.007151404885808634,0.015833350000000006,-0.015465272451401819
-0.008928503844634658,-0.0021323156639639212,0.005078670136815977,-0.024390243902439025,0.0012205124950774447,0.01694922418166665,0.004802579067901359,0.009011169504916743,0.016497547229168626,0.013522047661494565,-0.011398055247872213,0.00218720543549807,0.0,-0.008057178098725682,-0.006690359722445831,-0.011036303572085336,0.0,0.00103231245698551,0.0016859344894027044,-0.005563266647145075,-0.014556962025316481,-0.010957324106113107,0.0011303570229884382,0.006402537890427189,0.0055783428124963645,-0.004067335032229996
0.002252121056536741,0.0021368721499210857,0.0045716793895168644,-0.028000040000000014,-0.002031776273933483,0.006910564706191204,0.005133598685303635,0.0037602821095249314,-0.0012484810133798418,0.012478228714434741,0.0040312827866748596,0.017869267490316285,-0.0012431491369296855,0.0006461879507545985,-0.0048984183059173035,0.0014516058659807733,0.01765222337841953,-0.005385516399181265,-0.009617720605914959,0.00046618338878439216,-0.0006422607578676807,-0.004664723032069872,-0.004892695943237082,-0.001192768262637394,-0.01076847755313296,0.010984354006918684
-0.01179762159520972,-0.006396729757786762,-0.0071856047904191546,0.012551461421870923,0.001628771422390775,-0.0008074446585515702,-0.006340278378659305,-0.005385132413606625,0.0012500416666666088,-0.006686454518698685,-0.004978679876163838,-0.003350214195836854,-0.0042870696801843786,-0.00046123972101323605,0.004409804032205915,-0.0013588875165489143,0.0,-0.003571486051676793,-0.0019421704768675364,-0.0009319323261985038,-0.001285347043701886,0.006444053895723458,0.0030257112197449192,0.0011941926577390199,-0.009071400147263722,0.008497018965078394
0.0073905207467358,0.0005365244953275863,0.006996405138807997,-0.028652713445493125,0.004471436881946503,-0.014141516106746,-0.040233890118181126,-0.0181262005649716,-0.037869328428242685,0.015179146049052641,0.02348475430603644,0.023127566116079426,-0.0001389166666666676,0.019564433189696997,0.01051663241746707,0.03274964076704237,0.0,-0.011099537775454641,-0.00316227187637383,0.016791091446479476,0.04054054054054071,0.008731082654249045,-0.009803916720495184,-0.015904515463185966,-0.01631165058882656,0.022790068431213624
0.009029276770126072,-0.0080428416922576,0.010062241971143164,0.024686213905569267,-0.00485624292800035,-0.004508060183254749,0.0195751977996234,0.007672021281995072,0.002162586411652977,-0.01170186164645165,-0.010408452925406032,0.0063081655157510635,0.0,-0.0016292541194083115,-0.005153096845982654,-0.0010540671487725892,-0.00028219502613141995,-0.012393289049377951,0.0017081259150805955,-0.004128521412926076,-0.004329004329004346,0.02712054241200239,0.006092863705101457,0.0036363810276881115,-0.031641253185829256,0.02538820963991052
