ANGL,CJNK,GHYG,HYG,HYGH,HYHG,HYLD,HYLS,HYND,HYS,HYZD,JNK,PGHY,PHB,RIGS,SHYG,SJB,SJNK,UJB,WBII
0.0007504636390885234,0.00227004974518918,0.006893745507410449,0.0024440017771150714,-0.0011827031978165993,-0.005399737835254582,-0.007267451341813973,0.00607466375341151,-0.017208108904966657,-0.003855635746850176,0.0008421293065445117,0.0025750136795520072,0.00043200402770671777,-0.0005316324502008039,0.004894893219669883,0.0016461097781614335,-0.002157498008210677,0.0006905794098993959,0.009850376752861205,-0.0010113899317151763
0.013873617220372229,-0.0026426727977703745,0.0122835467825706,0.0078687553935424,0.01571529647298328,0.02102172260546605,0.0219530754467802,0.011752799194410229,0.027752790819095208,0.013026378220701969,0.012238935085103963,0.007447595834713009,0.0077683856573826345,0.01331187860929922,0.008399623349219816,0.002465652691463493,-0.01261256822306892,0.003795918563629583,0.01654781465745926,0.003960684616210303
0.011282627646585915,0.006559293376322012,0.012432138519548951,0.006048075221377895,0.0069153666012012425,0.01781332135356857,0.006959674889574517,0.011015334894842969,0.017085887187969356,0.001377143387733982,0.007086415944201131,0.009843702512853832,-0.003425762702035457,-0.001576927009536457,0.0003967066537325571,0.009295442342120696,-0.0032846356058657197,0.009008085626435002,0.005825748683123217,0.0025639938403102767
0.004408474848082671,-0.003016840678895136,0.008088378180823587,0.0031823210531757924,0.002303791767642919,0.0016155375681067765,0.005004774439416057,-0.000990406801738916,0.01493257909290643,0.0017673974606214253,0.003310611212425771,0.0030432565895884504,0.010292896632990024,0.005747690307031825,0.0003965020641793732,0.004081572673311598,-0.0018308932762454856,0.0017096612040328164,-0.0005110249164081305,0.0066888266772576225
0.0,0.00983350571657146,0.005479833184926717,0.0050322475698254725,0.003689914806656907,0.003897325987207493,0.006876660189137743,0.010353404518231305,-0.011034616915452516,0.00215657159371722,-0.0020622545785208206,0.005815249270204222,-0.0017084049212985524,0.005777470371894557,0.007231841500596695,0.004065185846863102,-0.007703597389128145,0.007167373682235596,0.014999117200927144,-0.000650296615673788
0.0010975465605234259,-0.013108641889628231,-0.02355036557152462,-0.013605851215021031,-0.007247517336936642,-0.0012048585375730556,0.007208728026210647,-0.0017742600009198579,0.017452798100242962,0.00038434979952902407,0.006835657859692949,-0.0140777130393023,0.004705218659966854,-0.004699663468396447,-0.005915014872458342,-0.010526506774881426,0.009981518816890756,-0.007794569663394269,-0.014273737542241881,-0.010176168903435341
0.00044470130312270487,-0.0042204238163761395,-0.001192380471607951,-0.0003567827361652528,-0.0017551003635666274,-0.010449676192389065,-0.014830366045000347,-0.007111873003007445,-0.003666665035473809,-0.0030419829916582173,-0.002882795206425481,0.000931373934814474,-0.005533883210525249,-0.00734567189683603,-0.0007930498944157383,0.0034544210501266537,0.0040264171644073575,-0.0021227793505695603,-0.012095401347608932,-0.013839390270536376
0.0014663140108485072,0.008788707143073176,-0.0012015573431538812,0.0026611308236529165,-0.0031935399172673524,-0.008433432979491945,-0.005973709195046879,0.0007956861535539508,-0.012419363730837728,-0.0010826834282394904,-0.022304752660583044,0.001535635532440533,-0.0009017370722905901,0.005781054233889595,0.003572855893237704,0.0018411844622294859,-0.0018228099038221765,0.0010319668577510178,-0.012760753509390594,0.017642281302661572
0.0007323364355515108,0.003030261864978543,-0.005214693736899255,0.0003314203161896697,0.00010656839843682444,0.0039783463754119895,0.0004809397501062492,0.00019863934406096293,-0.0037264948266782405,0.0019708243613261577,0.011828959148670637,0.000255443109783288,0.0012908645790420527,-0.0005275690993590293,-0.010285240127154016,0.00040819521968407435,-0.0010957274228202757,0.002747041757082143,0.012227064732973787,-0.014129623916689631
-0.0007318005113734768,-0.0045319315492609435,-0.0020160155284668227,-0.00011011486443043471,-0.002134983853911581,-0.0013667870219765026,0.0013332878765726615,0.01156011614088079,-0.0060773421164843295,0.00019667176854329442,-0.0029226172816013,0.0002557380697289725,0.007302226445502901,0.0015832283067161099,0.013308266596944257,-0.0020413212630870613,-0.00511885598269017,-0.003767595016270114,0.021343041225731083,0.008686706961927991
0.010805997240875236,0.0018527526487687046,0.008500836998278858,0.013491025616255448,0.012037505196325252,0.012423585248139404,0.005074815939279589,0.005330586916011786,0.010818872401424769,0.008579234617269295,0.0067000657534094605,0.01125850246714318,0.004264095008391903,0.005795449943635088,0.004353063765168403,0.009956413747064465,-0.010290349861874928,0.007982840351303916,0.0,0.006707247341478782
0.0054608034531076965,0.006458880985119572,0.005429275107477653,-0.002629896786715645,-0.005416059282441529,-0.0020365071237804363,0.008656002641019695,0.0003929199962938384,-0.0037231371403995076,-0.00205510086458108,-0.01164730477614503,0.00025408875223971244,0.001274103351417429,-0.0010482027181109236,-0.0011819686949084294,-0.0006100182527828262,0.0025993449121345428,0.0020548128920614282,0.011213108129722085,-0.0026019485176946113
0.003258343181805977,0.006040036119500736,0.0060001579257796395,0.003185978978362961,0.0021354712894113004,0.005169430260348535,-0.004767571038844935,-0.0049078886485187405,0.0023357897707393773,0.002059333001613156,0.01220567987948481,0.0043134598524270885,0.00622685134005851,0.005693303947194963,-0.0007888024392104325,0.003864324176847282,-0.0062963231142597045,0.003417766227881313,0.010752570187035192,0.0055335859090272655
-0.001443905235370589,-0.016510443120157776,-0.00278363417713525,-0.0058036919005295595,0.00513543519004795,-0.0005414325097854182,0.007652147666113991,0.004143081171800477,0.009352246618347432,-0.003718071167722103,0.0052518923211036074,-0.006063371542389798,-0.012267296346660805,0.0,0.0029337156309080965,-0.004659756272577877,0.0037271848389651367,-0.0037471074033821787,0.03740017271458519,0.003188991973817165
0.001802309226478269,0.0016742157366823978,0.005573206397291128,0.007650990674543523,-0.002936286377533097,0.006049781347267321,0.004308289840526193,-0.002947251992265722,0.018055564863883218,0.005009554242351876,0.0012448898318169616,0.007343626676806475,0.014989623168923409,0.0010462206072776833,-0.0039480440908183385,0.0022409471163500646,-0.0011139996054428264,0.006380208625752042,-0.054798653091029284,0.004469729970068786
-0.0007236117041532753,-0.004967328601999669,0.012335826712450112,-0.0007688140002776992,0.004367434645694511,-0.003919938404804014,0.00047672095828469365,-0.00019687338633267863,0.015461441769407178,0.0014712648034377073,-0.0029005829433857424,0.000253844054138342,-0.008438889412839939,-0.005749751194187231,-0.0011889391539485115,0.0038733435913714492,-0.0033456884135975857,0.0,0.022376582494041692,0.005386250431196415
0.0007241356972191782,-0.0007681176361077346,-0.003930744613317603,-0.0021973751000416942,0.0013819813871531132,0.008414216129551495,-0.010957770360109741,-0.005321156256414278,-0.015674095568644044,0.0,0.0029090207994987224,-0.001774719880311888,-0.0006255462583492407,0.0015208207800018606,-0.0015875146049279165,-0.0014221328705592289,0.002610979334018912,0.0,-0.002652907443609593,-0.005357394164567425
0.0021719170138368928,0.004996556970959669,-0.006314211023508518,0.0011008414055343981,-0.002229312370566997,-0.007267768987500886,0.003927672814885745,0.00992733913471254,-0.0006979121041157213,-0.0026443692879853983,0.0058116853608356795,0.001015859561436691,0.005982620486694432,-0.0010537512891394666,0.006143588137460725,0.0022369644079217065,0.0,-0.0010238043853433533,0.0,0.0019079360034970133
-0.005056193623526562,-0.011472522384005538,-0.004169999855601917,-0.016169507703030283,-0.005957818764628822,-0.004880893522817162,-0.005546588031692828,-0.001971038657575828,0.02648395056429459,-0.0006043504950454378,-0.004547548086188318,-0.015728378724065312,0.0033989916207670173,-0.007383852767228395,-0.005148777654605837,-0.009737842327088138,0.008556574914586156,-0.00819625158827178,-0.02626782042402316,-0.002729897582521338
-0.003736480705089528,-0.0021726660046659987,-0.0016150888302482445,0.0024179029791493232,0.0015020691625288831,0.0014418241993264301,-0.004607080766950778,-0.004345361595655327,-0.012455173933971341,-0.0036490212302624,0.011212594538935966,0.001867103150693202,0.002116251818278072,-0.0015942846394971831,-0.001990096517216035,0.0018345871384108548,0.002582011562712619,0.00310191812505815,-0.003927032198806621,-0.0012517349891970474
-0.002194606670495515,-0.0007777962715228449,0.0004012180665821349,0.004257467439072576,-0.0029191841616638173,-0.004099635628921005,0.004385032927128032,-0.006744832053255485,-0.0013514327492277947,-0.0007920329929298539,-0.0032853484067692142,0.00025866063297183355,-0.003802544868338669,-0.002129128243662221,0.0011965330322484115,0.0010261893893123387,-0.0025753619483837227,0.0006892273701593915,0.0,0.002819408485699481
-0.0007332657993243173,-0.0019462577046471727,-0.0004010571552057344,-0.007251653121916291,-0.0005923247692150597,0.004528647655062174,-0.011885071438916338,0.0017974785827953015,-0.002255202828360225,-0.0002973156868419705,-0.010712737431961656,-0.003100807030563691,-0.001096642404162908,0.0009390298197810992,-0.0063744624902671385,0.0006155505998723356,0.007746146436116844,-0.0010331289944590474,-0.01971207366047833,0.0009018710372714348
-0.0073369919302508765,-0.005460222298102268,-0.011022010980473052,-0.002696305377682868,-0.010340526531388148,-0.01161213142141028,0.006306504073976471,0.006772042627393036,0.009041308909823836,-0.006837614555388488,-0.002082400621039578,-0.004665956271986053,0.008095535234312804,-0.0021392971410352825,0.005815225140462657,-0.003483033137076523,-0.0051244402091410925,-0.005862266392556685,0.010024080962680627,-0.004687544837274027
0.005544871659675168,0.005720822948802013,0.008667977062372321,0.005031146092278526,0.007073231767393382,-0.005219413434269923,-0.0046716189292052,-0.0013928853607888705,-0.020161548060061558,0.002806088966796228,0.0,0.0012787561801256605,-0.002112983631308627,0.0021438835449737576,-0.001199812679139925,4.85580095594379e-05,-0.0007357858537703322,0.00024222736907709893,0.0012206551246086905,0.0007850012547063478
0.0003688751282912251,-0.00039104741440657047,-0.005039030948008609,-0.0012391955009673206,-0.0015193320113350913,0.003488593349201266,-0.005929233303601261,0.0059773169027260865,-0.003200180648321181,9.98772915357185e-05,-0.0025047058002822947,-0.0015682595260198713,0.0029648787887176843,-0.003743265683482672,0.0024025549925098077,-0.0020636534742090886,0.0007363276332266004,-0.0027867428464991586,-0.0026123511671865317,0.002745156375527487
-0.007005951923256968,-0.00665368514278907,-0.021677424213667862,-0.016236166096553862,-0.016958639180180063,-0.015991788935617854,-0.02659056885166628,-0.01049706134667091,-0.008715811013262721,-0.010989974048556618,-0.01631778077619562,-0.01361308475370385,0.004220109747593839,-0.004383193533392753,-0.009987818542255243,-0.012200475346449436,0.016188403384822903,-0.010478160744700642,0.00017460901059402928,-0.007039801287484357
0.004455996654353354,0.005121994019707251,0.008904720211688552,0.008252233612735542,0.008736436452253266,-0.001413731437885086,0.011739094281849298,0.0029728441721128523,-0.011105370945664623,0.0,0.007656466969207803,0.007696846165875896,0.0021108144732632644,0.001622930193600692,0.009468691476180669,0.004186924360345281,-0.00905139007277142,0.003176245925858107,-0.02007686076468272,0.0022743565268271986
-0.012199515048233077,-0.006663842141183373,-0.012931118194884772,-0.014323464759897457,-0.01794539271993424,-0.017124119681121194,-0.004576868109795343,0.0014030863825029256,-0.01263529019319412,-0.0041876065888457326,-0.0059097255785255185,-0.016065504726706797,-0.01642841268415623,-0.004321436006598728,-0.004811573791193952,-0.01146566082012133,0.009134066067700643,-0.013370329620613184,0.000356330469473091,-0.004325664789159034
0.0005851210760675746,0.003501048633833661,0.013454909437979572,0.0007002981673430964,0.00027592370921853147,0.0019979030468289007,-0.0022979695140149343,-0.003003248605884636,-0.004739359803125993,-0.002750631394682191,-0.004671083551980568,1.6152597356029769e-06,0.00513955339929605,-0.006511371161220229,0.001208827286434565,0.0010067006031782338,0.0039826101695584456,-0.0014955144351723596,0.0,0.0003951585548354162
-0.010893911405717709,0.0011840702946450748,-0.016882791256406154,-0.01065062267161698,-0.01694857780989046,-0.021659969739282442,-0.018177595032544774,-0.011448128600401541,-0.021904347565780042,-0.008580044339987835,-0.013225011183382169,-0.012372028309669394,-0.00413895339949925,-0.004460813597030489,-0.013682479768654622,-0.00973119487753385,0.01009738242999738,-0.008252637595518295,-0.0391807457158714,-0.005527145001614474
0.0041777555400427605,-0.007095602512426268,-0.009214845506847041,0.010531170420484926,0.01482315565941909,0.011217407219431926,0.00260762255808651,0.011385140853802985,0.006328933449445307,0.005460844310187989,-0.005188548719015881,0.007352931155076965,0.0,0.0060573907035045465,0.0027997229587754077,0.004485788846691552,-0.00928246168471257,0.0043416567246813325,0.0148285820149378,-0.002743999988204184
-0.0022695744864375932,0.0007943611373888052,0.005918636986604751,-0.00463186189222227,-0.00999960934015673,-0.0045248658012983275,-0.005525725356018376,0.0022207556117648766,-0.0014515241320791454,-0.0018447060703997511,0.003911994225466504,-0.004866500430563264,0.009879485863426544,-0.003284248607648003,0.004489803936677046,-0.0014886378432134384,-0.003963880351635958,-0.00612396122472075,0.005114143470707018,-0.0011952201283677766
0.012131465028062104,0.009413076306380691,0.027460230089394636,0.010775364988052172,0.012785336444952531,0.01272772624872359,0.009496416369104758,0.0030208031386353877,0.015988819408327137,0.009990466053163996,0.0012985360753690668,0.011331264509243473,-0.0008505685053610412,0.005491569879608327,0.008533425232489263,0.005186843383309863,-0.004703341833338514,0.009825812041434331,0.0,0.0007977959515378872
-0.00677228654374289,-0.0015773701393143164,-0.010055670078962287,-0.007514495935543256,-0.008216445031970046,-0.01353734799480662,-0.009667894183516185,-0.005220866712317469,-0.0028612315497380373,-0.009592604500849531,0.001296955743841124,-0.007829630941112466,-0.0063857862108693386,-0.00655318974899044,-0.0064467103510534324,-0.002128627436451622,0.007997069549632052,-0.006491570862925329,-0.001090258460618965,0.0031885094113297038
-0.011742166153651337,-0.004344551548567423,-0.01596147849281282,-0.020734120203232537,-0.02065351052541798,-0.02183850088683485,-0.021108318045138262,-0.015744654079449864,-0.021999528329710968,-0.010819189447083887,-0.017271293526463234,-0.017414978623408756,-0.000304267796683515,-0.007493376212050749,-0.012571241464276612,-0.00767888243271901,0.02019476485999476,-0.011978071178033074,-0.025104750236685524,-0.006356706899285157
-0.02146410325829818,-0.018246716981016483,-0.02043379018722594,-0.019388056900277874,-0.028250371251386613,-0.03364006250684727,-0.016633347651807597,-0.012209709545248278,-0.028299431389979694,-0.017916215153612306,-0.01616064969435199,-0.021600466201526943,-0.00430077214376344,-0.010561350131424674,-0.0034164747649203697,-0.022786426014756816,0.012371889737496852,-0.019471153704303943,-0.04965742489708429,0.0050784454503323756
0.02732016578606634,0.02013293256161344,0.033492327429876886,0.03734807200978425,0.041527580195668094,0.045743652720980736,0.021012131753658597,0.0185687199835064,0.020201871643549158,0.031079340612520906,0.014791747199000876,0.03315652376837744,0.0025914830469941238,0.02022465389226557,0.010743527096291854,0.027512758494464242,-0.03351952529846117,0.026275871209506724,0.029673657251067062,0.0007962335551847318
-0.002296973240581711,0.0007947270145656113,0.00835098799250977,0.001997267498503348,-0.002046859866232163,0.00045027484272935214,0.0,0.004506439910732028,0.0019802955444732746,0.000619586478259979,0.010600560906949082,0.0019273483822455355,0.004739584482987205,0.0,0.006132322599204832,-0.002796276019524225,0.0,0.0007338184197264613,0.02632083779864517,0.0034220738864592965
0.005372239986773416,0.007545905106139376,0.005589881343411074,0.0064498521952898544,0.011039039172009723,0.007650495733128125,0.0027077490648807945,-0.008360466952499248,-0.0019763817245499696,0.004026797617954348,-0.003496542930041143,0.006047488702911759,0.0032035416277247397,0.01069965506005548,-0.004063155600591843,0.009275243619515237,-0.008309347457711233,0.0032992205628607518,0.0,-0.0030138085182595713
-0.005343533243810364,0.0007882406714882558,-0.015853606443794306,-0.0030298105914942823,0.00015993920855707257,-0.0028283737618491605,-0.021874016634917854,0.009460158018111236,0.00792141754209393,-0.003393262815864773,0.004386027649752143,-0.0035518905945022077,0.00042908663274196203,-0.002734244773667893,0.007919670252424509,-0.0027787383534490892,0.0025501408757858147,-0.002557861887318839,0.02134045554610949,-0.0007939824741824532
-0.004988428290400978,-0.014966524317532528,-0.01255204141354176,-0.01203699389699997,-0.00597200662278665,0.006419480529926915,0.010475060008281951,-0.0016374348909995364,0.014243271369110197,-0.008977626203162472,0.003493384766140138,-0.009596809325917185,0.0098625239532143,-0.0038371766675911077,-0.005278064155236616,-0.0068581036156356604,0.008357474563824912,-0.008791523095286292,-0.002932465639252992,-0.013551441765151714
-0.007924880083989486,-0.00739463804362257,-0.009536772323765942,-0.013677180218790922,-0.012461160437915085,-0.024185739075287756,-0.011567089451469177,-0.014763409868248381,-0.0072638033589344205,-0.011649477470611229,-0.01610065224919055,-0.014597508875763146,-0.016560081460208324,-0.015410131237929168,-0.005306212156135931,-0.005929783759365844,0.018378420787768232,-0.0075393813094105375,-0.028676543463612883,-0.003636212912346867
-0.0011712425701610994,0.008084218621554456,-0.0017168443609416894,-0.0019272808829904984,-0.007108733952569349,-0.003820954174511506,-0.008080483855588199,-0.007283963147706947,-0.011219234032832634,-0.004338763967860197,-0.0035382963636919882,-0.004235100233233721,0.012985756498493295,0.00159044772769378,-0.0004103108949815183,-0.00414297104761409,0.0003538690540850337,-0.004861494988118525,-0.020249725520791788,0.001013556422028917
-0.006254965049470996,-0.006014541100997057,0.0,0.003138456748839732,-0.0008219016703272838,0.0,-0.02387630027394541,0.0016749892529173743,0.004932905738606848,0.002444751755384345,-0.008433578359153437,0.0028351521693086557,0.0038508152147228624,0.0039215304849423175,0.002518804854345909,0.0008758833694384201,-0.003183623433911881,-0.0007518096804376166,0.0005793252656122603,0.005696965616811993
-0.004327403720249185,-0.004437230077265009,-0.005372246216954739,-0.00529480926856488,0.002643348910589833,-0.003528699317045486,0.0006677354070979567,0.0027345313675657262,0.004450761023710689,-0.0046652206365627715,0.003337589766507239,-0.0081986758335619,-0.00724584816488607,-0.00223245340325142,-0.003285761934500717,-0.005031895427254089,-0.0014194229667581141,-0.006392980089588854,0.0013512320359544711,-0.0016129066219714194
-0.041472523517841066,-0.012292999852529992,-0.02575142411103611,-0.03335311928162192,-0.04543106651275,-0.051063273253279334,-0.05976236698229289,-0.02454399426701968,-0.04953409225905644,-0.024742961651363613,-0.0291085494731978,-0.034380853039499414,-0.00687047326458064,-0.03243827629212262,-0.015657030947927596,-0.02139083687803475,0.04051184636699756,-0.02012665807870435,-0.08733366794003225,-0.0021812579483836236
0.002897122556125707,-0.0020582474334079246,-0.012680605811581577,0.00012553624515136122,0.0095547944671197,0.012559103050035356,0.0012342149489210869,0.004516200504225054,-0.013931990441249608,-0.0016457069868786745,0.005534793333040215,-0.0029681156847343963,-0.011240521563793328,0.0,-0.002929807081040825,-0.0018050403596949808,-0.0017077080488663195,-0.0077639211060081545,0.007182216226787994,-0.0022661682012533337
0.014032407881726466,0.006187860303042703,0.011491704496876766,0.0120710903083826,0.01648518493912979,0.007087607885565239,-0.0030820909227931713,0.005780463590039578,0.03872315200001188,0.009121831256502087,0.003211208313143161,0.01399233305516047,0.0009345167059318493,0.013329431507604137,0.012593941022812702,0.005878007699980983,-0.018132048766978884,0.0078246712361662,0.013842282597869102,0.0036509020384464814
-0.009768358157277956,-0.01270965961321318,-0.00012652168047287173,0.006400163709088723,-0.002282550980662625,0.005105014945170173,0.020872133290336298,0.004702848652701547,-0.01906727321810019,-0.0021781763485575804,0.006209654050274208,-0.004404041785265757,0.0052631256814362854,-0.0011452466717136243,0.0060389127537137655,0.0053635608238668635,-0.0017422896811602508,-0.0027171311922290445,0.0005774071304893343,-0.009296529667020608
0.004037120104124103,0.009377092939892364,-0.005826961674623175,-0.01315442438493235,-0.00916601304566341,-0.015342899157321024,-0.005208028164012078,-0.009367698593673923,0.005673281013250793,-0.003499488145285164,-0.008211857708364936,-0.007138604316219672,0.001744927637858776,-0.008601247321653235,-0.0020671947588686702,-0.007860091453445581,0.013263659219777235,-0.0028535218514484434,0.01778998580914884,-0.0005992131133395851
-0.018564017495950567,-0.01652925242982194,-0.007214017917639903,-0.020246290647066668,-0.03228917719642942,-0.0399284250160565,-0.014783086923079253,-0.011175690255557194,-0.017949109107544478,-0.016503675692946966,-0.022079183706187853,-0.02240146790984005,-0.023518922186981542,-0.01735094118721654,-0.0057994562241605215,-0.010411927944761132,0.01997931293696313,-0.01765426353094206,0.02796618985456586,0.000818616162952612
-0.004624047499349607,0.004622052001928856,-0.006357886048141562,0.011808376192221168,0.013884889745837408,0.002366967055179106,-0.028446542768477998,0.0041298572649792345,-0.03028695799249748,0.005593878571275614,-0.0032921450890270976,0.007027179822720635,0.006177529565528022,0.010484877228621457,-0.0037499181035782108,0.005489433835899745,-0.012833493890840188,0.0003993535207691563,-0.13202659819186924,-0.0008996436083567558
0.009712783568339812,0.005018741827803623,0.0041134474103942135,0.00583510143248354,0.005246204686089924,0.01231207504603973,0.011261563058542529,0.011817763722919195,0.0016153211024732823,0.0033371438784212627,0.0023594991674198962,0.007585062008669734,0.0031152631361985768,0.002338966890263148,0.008285459466717871,0.0018200131730793094,-0.007184470339556943,0.003992182977142159,0.2191754218937088,0.005771644800620474
-0.012129085444776248,0.0008323600368608457,0.00045532326384066887,-0.023836521937565323,-0.025300117778446683,-0.023492132589474368,-0.008783557754439774,-0.012470555710437222,-0.027793747879548858,-0.016742155567862727,-0.003535410561223457,-0.02740147469135502,-0.0022185204646563888,-0.009918317140431291,-0.007071369036487955,-0.015440175956838638,0.01929706554460314,-0.017494939418588647,-0.1474480439600075,0.0013836686296460243
0.002587914247337079,-0.01168304371115745,-0.01225427591040885,-0.003872341744038125,-0.012133286457327723,-0.02399631060525381,-0.01033934614041509,-0.005660717146663057,-0.011660602282899151,-0.012319021491254798,-0.017078495129327752,-0.004039524353874828,-0.0093372675027213,-0.011785711675952852,-0.0020947766589195513,-0.00451196507362959,0.008113558340684626,-0.00786168651597403,0.13769377258738744,0.002276158892675344
0.007206520080070983,0.016469574639150282,0.0018486085863853327,0.011991728699308792,0.01024660239954713,0.02954119976878838,-0.0009793772801390845,0.008758226143383955,0.04269646725914715,0.01388103451761227,0.01013518037660127,0.011874823851153436,0.008148739121488148,0.0125879404089709,0.006716689713728721,0.011638630631157092,-0.01207247215121381,0.010651365197088059,0.0,-0.00028384621967736883
0.02020221287663897,0.010802038093711,0.014068233845311636,0.020478670309532758,0.012902577323243328,0.023057224430728367,0.003594708169200157,0.00586049204882473,-0.023706463851372317,0.017085419577692697,0.012422815408666464,0.021309448265936108,0.011176155458004471,0.015967041125567537,0.015036698802893125,0.014956299570376941,-0.02138490176924435,0.016619302558699086,0.0,0.002980637344610471
0.033002835984657766,0.004931971969155774,0.031839659186270984,0.020699645217930128,0.035187630867664466,0.04557579495624138,0.0275141723329174,0.022132617905529037,0.04007539222101504,0.01802248298804954,0.027068494011689318,0.0223769386422222,0.009725490974006941,0.027939469762101418,0.00947676520826933,0.010881689698922432,-0.02566763361122494,0.017942486039538016,0.004287844733382084,-0.004855986602988529
0.022077698242469117,0.01806546492696342,0.026674758777172757,0.021043004296406525,0.020654587142322104,0.00638681704747715,0.01276338694432573,0.011882103778013136,0.00692583507027739,0.02211540240200221,-0.003230518893077777,0.021153186636432827,0.013572742031531528,0.00906017538296149,0.006122504246481047,0.01554466124135089,-0.015664072914201018,0.0170179914531107,0.0,0.0028466724103399
0.02002322790503468,0.006048302983706628,0.0006460937795471892,0.003164984436005147,0.0022179286467826644,0.002379849580216724,0.006931365079648779,-0.0002099266878469993,-0.021693425324926508,0.003007725413865585,0.0152779760631853,0.006117053945239607,0.003456003652256947,0.006172834357262722,-0.005273809584790618,0.0019973527727201413,-0.004339892427788075,0.0019355431946987637,0.009120880897617848,0.008110275046519172
-0.012316827496069944,0.0024049417033093893,-0.01399042373100516,-0.012742666270985822,-0.006973917639387867,-0.006331217145046499,-0.017521783938760787,-0.012374384647989409,0.021633183410319674,-0.009960226903112771,-0.007751902244974505,-0.01129139868891222,-0.00034440494541641934,-0.0027341259992393827,-0.006117416247635422,-0.006422102480350458,0.01307668433971894,-0.00425019173744985,0.006346064959478964,0.0002240618234421109
-0.001948612380670936,0.0,0.005457103126296298,0.0002459842277117393,-0.0034572265486243338,-0.0030263625630047183,0.014990594243568347,0.006795816412796759,-0.015352092053215327,0.00475975205457894,-0.001378797189630981,-0.000292818636185427,0.008214246400360191,-0.000561496962027052,0.008904817900637801,0.0004460678698704421,-0.005378345625201597,0.0,0.0024889924736099193,0.009259481738167792
0.011910742089423838,0.0151892114967464,0.01377754342866638,0.006516427951958542,-0.009247792481673116,-0.004313850924229259,-0.0018938249449461546,0.0004220586578964112,-0.013440827917559295,0.0033488136758445465,-0.017026985236347138,0.005401446760607989,-0.003430470268688509,0.002808870148585497,0.0016327754376565672,0.004845694002707649,-0.002162796722008098,0.004522697733306564,0.0,0.00039871791537070684
0.019790414081322927,0.0019763460342996416,0.011386007812515985,0.011898817573524921,0.019975514507951656,0.01652755510508534,0.014231407046887362,0.006746324359977772,0.024523317820064332,0.013470925302512758,0.032303005451698515,0.01230230773326444,0.003012077155821626,0.0033616240837981487,0.0,0.009356030837152014,-0.012283324509488614,0.01396937773910447,0.021268399735309414,-0.0023920450594534497
0.03006099902880862,-0.0023667662048539343,0.006796535365987926,0.011031691925726079,0.01826604967210473,0.020520916232788382,0.02151539902047816,0.0004188553827428104,0.024467805182118867,0.011165364938025344,-0.002267488581514465,0.01388880552587924,0.013345261150559477,0.019790780614691517,0.00407498160045085,0.008607213564679436,-0.011338676465433416,0.012246560149566005,0.024390310427073025,-0.009192690319077526
0.00554110848574891,0.008303762654444614,0.007173386766099547,0.005395771767129982,-0.00300765616799015,-0.0018560320645042477,0.006410535769631497,0.008602957057903442,0.007269218663936592,0.005889395767831671,0.014545698226005531,0.007420118687816792,-0.0025507897212568627,0.003848393774629625,0.00744177958380002,0.0008755518972234389,-0.006289260008097357,0.005670750473511485,0.0053112889036120246,0.001265288317902451
-0.023144636030359062,-0.001568711661743126,-0.008378871172330256,-0.015742461069350202,-0.009404157465689436,-0.02309023437849074,0.0035893735737437533,-0.00688202906365808,-0.004887946980246755,-0.01254602984185639,0.0002872234598517259,-0.01699711700602324,0.002557312888687364,-0.009309710553595436,-0.008498407870403209,-0.008526400217308588,0.012285892050459709,-0.008270543971547107,0.0,0.002823652117749909
0.0081940202865301,0.0008389981441051265,-0.005345112214960447,0.007618662865918305,0.004076323526615876,0.0077120689219568545,-0.0015176714870906158,0.0037798874976280095,-0.00572014097260818,0.010365835754749348,0.005847818647376879,0.013268012053561273,0.00042522387785556566,-0.004422412600217559,0.0036734525434768883,0.008062091644622713,-0.0022067313234695432,0.011151195092625936,-0.019493509539104257,0.004827028854989896
0.003749468443452736,0.002371277902012696,0.007456322799204804,0.004348823070108281,0.006446713483111958,0.011388757965550764,0.006991167437327017,-0.0041838381089980324,0.0062762254823228,0.001894716636176888,0.0035778967606330475,0.005460342234600235,0.012599586475781226,0.006913260512186424,-0.0012201877733406413,0.0039564176260254045,-0.005897581721263757,0.003405145599159055,0.011334196682301716,-0.013450727633170205
0.007844884543750206,0.004732275212122127,-0.0031718704260557443,0.006615262325391799,0.009607706252558535,0.006725223691902286,0.006942367765548825,0.009377576878959815,0.005197435555421547,0.009558523494729434,0.0066843264883395745,0.008001785108568181,-0.003375669911889713,0.005536980259594893,0.009494062305230054,0.006569163868538604,-0.007044842076656821,0.007164389319282431,0.07385622495260648,0.005769743878034589
0.0014826243288458278,0.006672061584099166,0.007636765941360179,-0.00215066368483071,-0.008517540701358826,-0.009166110233653126,0.011720764129731316,0.0014635255537362665,0.0007984655961964424,0.0004163816223254972,0.002473649366822115,-0.00396919970477641,0.006350588829192014,0.002753276563940884,0.002428184761742361,-0.002610285453012395,-0.004480957345345175,0.0,-0.051497016680119724,0.008885595195731807
0.01626350353710898,0.012671414366325106,0.011183230270123136,0.00867621207623687,0.005185157632140214,0.008526113149654482,0.0011897702732997376,-0.0010440713469464405,-0.003111892655268489,0.007066837500764226,0.007538323922661788,0.009628915135494248,0.007572507060948914,0.0021966975350204898,0.004037614460847199,0.009536783267470388,-0.004126058062307125,0.008746291044287492,0.07972594281153288,0.0036025117516095533
-0.005492393523107869,-0.009659679761906776,-0.011278294039752257,-0.008350214081256703,-0.005563587494925201,-0.014216334671481144,-0.0044575133899728715,-0.004388571080433349,-0.014047260622604805,-0.0085038702940529,-0.002640651462275273,-0.00935359169723596,-0.008350863380852256,-0.007123092462056744,-0.00482553459163693,-0.006295787948775974,0.009039741291990514,-0.005594767596382012,0.0,-0.0015154769745655248
0.0018406357923514735,0.0023408194930620765,-0.005069679852291628,0.0014439520224960904,-0.0021304429348138892,0.0006339696858941741,-0.00298511664175645,-0.006087418931667603,0.02321897269503545,0.004288173458365507,-0.01544558703024806,0.00429187129621286,0.005057382083025361,0.006891932326796375,-0.008888847522214641,0.0024028731890780013,-0.003359576075304128,0.0007502721128912459,0.0,-0.0016777317408790881
0.017273433015146843,0.0035031172111215287,0.014861979036009353,0.014654658690274372,0.02432269348151282,0.007443698624539672,0.019909710395420808,0.013634797228928748,-0.03175835869254976,0.005624054215106618,0.01793883117190494,0.01225081249229016,0.013479253359764092,0.013208844602822343,0.021306136818202856,0.005667100730515398,-0.01910109083119272,0.007870890920253091,-0.0695423820477557,0.018247307122136475
0.016418267871195602,0.016116600985329552,0.011348863367949113,0.01802749276630302,-0.005636824681043425,0.01434301648212025,0.007960307234421466,0.007953310411077516,0.0005347545966138138,0.01808568176507309,0.013268633445930196,0.020545434061336888,0.006234535749218598,0.012492764598768222,0.010834685906306716,0.014710956589467219,-0.012982147190766126,0.016062215225268944,0.052013775425303575,0.00484024614041249
0.006073551856675896,0.006130202383861204,0.0060189005367936406,0.00046770187676577814,0.012589748420011813,0.023360878327976557,0.00731185683758668,0.008720777025226913,0.028877259564445017,-0.0024517862848900296,0.005674627952683946,0.0011091868118531527,-0.0049563968433282935,-0.002682230220264518,0.0023819406632573426,0.0010731429261538368,-0.0011605028989134247,0.0,-0.0068670053004326785,-0.009200808220566374
0.0071024384335369815,0.004950527932749618,0.00412606373181588,0.0063062837798357075,0.005261798501463935,-0.0070006686045896785,0.01132393125856789,0.0010294426010355182,0.0010397769026807226,0.003686901178548654,0.00043376782813724763,0.006923021365464157,0.010346242814798715,0.00942331048672544,0.0015840826936316865,0.0040735665807289075,-0.006584032228807397,0.0036778623425339006,0.022472027210057945,0.0034378616876546805
-0.007052349555010736,-0.0034103035747143373,-0.005547304654562666,-0.008819799689755081,-0.009046465222941249,-0.008122377227163588,-0.010623054213795398,9.141137264451466e-05,0.004153527441039722,-0.0035713951844953515,-0.0052064309362880815,-0.008250855992398885,0.011574679640226892,-0.006420485799554009,0.0016028673794171563,-0.0025623791366812835,0.010136481281564356,-0.005496470413494057,-0.015046514932025353,0.0041578420644941645
0.0007101197399387942,0.0007599773936570849,0.0022726623491252968,0.0015219018296784887,0.002215326764822248,0.009270680122828973,0.005387206543091496,0.002478050684232318,0.007029501209220667,0.00010251672066802422,0.007861476548217759,-0.0005545355727943411,-0.011034063541513149,0.007000879974442221,0.0031706145424664945,-0.0019269654148546585,-0.008105019747793698,0.0022108345021900873,0.0,-0.006362501721485928
0.015937460547617136,0.0039305730032243354,0.01076260808735682,0.013548373838835023,0.017146922684229626,0.007951781862114342,0.002613474805348127,0.005150751162974324,0.0,0.011828094937486922,0.013472763578892571,0.016676576560109322,0.007024920222617497,0.005347211986785221,0.0007902483267634619,0.01049239949075862,-0.008949445116485263,0.012117092235921459,0.062135247189834514,0.00474318667548177
0.0070177151857760325,0.0045573017039689315,0.006138616375723186,0.0032441514683351465,0.006545222718224652,0.0074789856149035565,0.014484843526823287,-0.00020529322334572405,-0.005673403665388492,0.0008131772711312983,-0.005574852261410953,0.002469379840601341,-0.004924082583472271,0.0,0.0015791598832137627,0.0023463695359762326,-0.003926162485225189,0.002920591381305048,0.0,-0.004720795063240129
0.0013935761429009585,0.0007557511876816651,0.0012202233690569056,-0.0003462649285229913,-0.0017114867926686034,0.005756643178112504,-0.0037123482613491475,-0.001844756836727746,0.010373734577271077,0.001827996401358229,0.006037390345845597,0.0,0.008993480863683508,0.0038074743854557775,-0.004335687584452243,0.0012773147299335234,0.0,0.0014561918611788243,0.0,-0.0001401771779879817
-0.0027835560332836154,0.0011334908765339026,0.0012189233191671847,0.0039278304880428225,0.0043311243759364005,-0.005121199818313456,0.012426898352579372,0.006695977319035159,-0.007689343936801971,0.0,0.010787892072840952,0.002736407046014621,-0.0012334216459553606,0.005319198516461569,0.010216160334756452,-0.00021293571878690639,-0.00867167523953496,-0.0003634761948754068,-0.05542986813752152,0.004354794797649346
-0.008025228713919941,0.0,-0.0028227150303659554,-0.008760216490618583,-0.0035911597525626485,0.014814060118575738,-0.006836037613062489,-0.004916898350268147,0.011947975479286931,-0.00447834990450426,-0.002129376984638665,-0.008319765045177814,0.004116736812270921,-0.010052908771803044,-0.008260925002601734,-0.0022976971724824025,0.012723648584377871,-0.003982718737329853,0.010094082183025585,-0.010248332134805868
-0.0031655599348760625,-0.01132067886750477,-0.011226811512732698,0.0016321392626077534,-0.005203048631830761,-0.010941302217469277,-0.005448637840539881,-0.0018531113263217645,-0.0005133898097415394,0.001125376574890636,-0.00981660575326376,-0.0002762571968970586,-0.011069931681666846,-0.003206548850012896,-0.004363362345707124,0.0010707297239018958,-0.0011777377317430536,0.0033025591510412056,0.0,-0.004779005657490824
0.013408641908624695,0.00992365108593778,0.01940563392673197,0.009894296661964626,0.011635693028074138,0.001970128902124364,0.014993960213220482,0.00041247693592699975,0.006676848321377597,0.012364725591744966,0.0021551756199607638,0.010237750711262195,0.012025855274739478,0.01178648967441856,0.004780855908184326,0.007486447475900067,-0.010220273361241684,0.0076810727846094795,0.017953829153656387,0.008756998838697455
0.007311776133880095,0.007180653737633359,0.0020249116722648773,0.005763226882075848,0.0011391575032364113,0.00786445641036487,-0.007954211362465446,0.007152303372399328,-0.00510170675408055,0.00434016430332549,0.015914130771744854,0.0057521227947164,0.0037098303491340783,0.00372315912749191,0.008718113415142477,0.0038217541006651022,-0.006751338866086006,0.00508159813969138,0.01625851161600285,0.0011913587993446634
0.000691188526791585,-0.007504499383896192,0.0006063456275362341,-0.0012610291709698868,0.004277006656552364,-0.003601374730084021,0.009978930742502027,0.0020562930980338088,0.010792102683100564,-0.002010187330512484,-0.0035438205998173937,-0.0010898690476525321,0.0057492079914941005,0.0015901333589327985,-0.00197347781760208,-0.0006345911256130862,-0.00239896034015542,-0.0007222543256752935,0.04330647614810639,-0.00793342436838783
0.0071875936218397905,0.001604815982683367,-0.0033822232845393692,0.0010981274775667322,0.0004450493926723875,0.011299181939059195,-0.002282349990105139,-0.0014363356366837692,0.008151043315290459,0.0033293929405953447,0.007682448560578972,0.0023516287643170018,-0.007758260266861643,-0.003703812661802611,0.0043494687558102785,0.0036360536277783547,0.002404729190111311,0.0039044272076063924,-0.0018938356295964032,-0.007197214608260238
0.007581424729888067,0.005302946063745072,0.002643623083133157,0.005871670202035074,0.006503922085762241,0.005534795244635105,0.007149100510329374,-0.00020560425137543492,-0.0015159098746055544,0.0055461906260031385,0.0029650221970414555,0.007107624375840073,0.006041756263304599,0.009553388196455959,-0.0035433608112121523,0.004026429417358177,-0.006797269641220232,0.005065292540286611,-0.019607857767281786,0.00845762891161543
-0.008208158913196482,-0.005274973165560403,-0.003853389228819518,-0.012475917863382702,-0.00799842880306052,-0.012198473081888159,-0.011641191478183809,-0.0028041762480242108,0.0025298324862346594,-0.009125655954091677,-0.006756999557710045,-0.01275783912806997,-0.005770454438157761,-0.008975643964153363,0.0005064391378282266,-0.0050655199133574184,0.012882600393353705,-0.008279435157148803,-0.020967764588558,-0.007242779644851679
-0.020344750403522426,-0.00984830421662554,-0.013843666638291532,-0.015067068014349956,-0.015282583124868897,-0.021687091858052537,-0.011354967956598155,-0.0076572772195825966,-0.00024245982491390567,-0.012954267778878035,-0.009429134293438812,-0.015122445496014532,0.005389307339924405,-0.006926412905771861,-0.008719604252287934,-0.014000894869196508,0.00993614074931088,-0.012704095392331385,0.013179443511797052,0.002416634458714335
-0.0182679709473663,-0.01872401256566528,-0.015632193493417053,-0.01334357726576439,-0.006853554028861513,0.007779613763704594,-0.01403095850084568,-0.012512946358974042,0.01318439343954,-0.006839507856053605,-0.0043120699715333095,-0.0142063806981795,-0.005360418397708569,-0.015557620590253162,-0.0107956040564798,-0.00705069505969443,0.017709729167807522,-0.006483004541963637,-0.0513820627397486,-0.0014063408653729387
0.020893441701025074,0.008998655895533773,0.00862797010342342,0.013896832664638764,0.023043565478882942,0.011816829753644046,0.02668258764473101,0.008236614565932106,0.025025267018300663,0.016799573909156044,0.011260152781906356,0.01394824396621562,0.003731131689746617,0.005449244476731943,0.004446173624281806,0.014804726344063419,-0.01701476357851301,0.01227221126997962,-0.010113135035465131,-0.0006035292983056753
0.007410049662995227,-0.0027140598099165327,0.0066760844960265025,0.012998165599355405,0.011548322086763351,0.016381176285849636,0.006641560170084364,-0.0008380194954046014,0.013672090530101173,0.010300789646859043,-0.00042854029548090183,0.013194809946041415,0.008410417399670375,0.01048500205494079,0.007227082898168514,0.006436515920068039,-0.012588503573989432,0.01028664773707388,0.009523790777355998,0.0014853071539967786
0.003852921616822786,-0.011275384486502482,-0.00020707648818722867,-0.004082469709982725,-0.00474748542346206,-0.00029861813878889103,0.0074002611183203015,0.00451495096110147,0.006111873535425675,-0.0006055317671695196,0.014209920433549468,-0.002216656126643429,0.0032951109989673845,0.003231028427273853,-0.0012024951897306188,-0.002771210077141906,0.0011950987794100663,-0.004000261487235501,0.002916158658897023,0.00040255996189993235
0.01479238818470358,0.030948862523763544,0.013057877319832815,0.017523006992285362,0.020010467508995117,0.023976651520047246,0.0077362509337616575,0.010689685821476395,0.010582062103756805,0.013184409600736234,0.015711279789213464,0.017510944180383344,0.0045154489747606,0.005367881883140919,0.010437210146039105,0.014119226979762228,-0.01472333707756483,0.015579810147987485,-0.006841240411063565,0.004022512537555627
-0.0024178547523969287,-0.007274222167649156,-0.0036969804510077727,-0.0050871496220359965,0.0002458059830555916,0.005857630097431142,0.0071082308833905344,-0.003318243691360238,0.016183038928490334,-0.003603736976837762,0.00836140531423687,-0.004662510366209887,-0.007355748569921666,-0.0064067948544135256,-0.007548615871484697,-0.000847333867623181,0.005250419113833945,-0.0018063876412424,0.05286719409065098,-0.006410509880347806
0.0062327266015097796,-0.0015427988047458944,-0.00309212417563166,0.006391299931631688,0.008812420145071456,-0.0010194186344342996,0.0031058799840902136,0.003953445564569215,0.00608878713570306,0.007937265470658022,-0.005804563202070077,0.010195007497182596,0.009884576869040195,0.011397049230878684,0.005204049385133113,0.0031804446463558674,-0.009240607552906205,0.006876695013606467,-0.003434749029547897,0.002822779487871512
-0.009635398867738836,-0.0003862099770467733,0.013353849876314638,0.0027319194759066515,-0.0069837387044679065,0.0015017511773263196,0.010524645054945629,0.0038595027141604533,0.006217003955471018,-0.0045855660027672605,0.0008008110168289059,-0.005728040881059942,0.002050084480537568,0.002132966001240776,0.0057188208484761785,0.003859973104712852,-0.0008110575074419094,-0.005032431931508775,-0.003921394072568362,-0.0028548202088297674
0.018101788271121317,0.011391530524669588,0.008663430577896654,0.007857098632229312,0.011479357599838669,0.011101324065278927,0.01093981775535454,0.009122983193722985,0.02186049096350378,0.009544196326803277,0.01130643892491495,0.01296949322724051,0.005319148445153912,0.004257729886288226,0.004371909230026721,0.005281241983655518,-0.007710972762314189,0.011426625992676498,0.0,0.005779844219201855
0.003782736699874774,0.005367941331982607,0.0018403090515383273,0.001031367317854259,0.0012191457438414078,-0.0037559227066827922,0.0016648206887108258,0.002671001490305878,-0.03413753671664401,0.0019927919753372925,-0.005797015851260585,0.0010890917274477884,-0.004477134736609933,-0.0015896536767659607,-0.0007914206076320577,0.0,-0.0008181062170992856,0.0007182323444046992,0.0,0.0
-0.0010277676890459368,-0.003432442715507853,-0.001020498017341756,-0.0013743428973115946,-0.0008853487292570089,-0.0008703116979515842,0.0016620536673796244,-0.007172307884135941,0.0014137172296209582,0.0003975272700642675,-0.000416507084732733,-0.0008159688839240505,0.009100195119805022,0.0010870339646035431,-0.0035642790751333024,-0.0006307818885358452,0.0008187760628867452,-0.000358572648153563,-0.012950387322977569,-0.0012058326585040352
0.007544444846592797,-0.0007652606035971765,0.0020431728145260974,0.004702159801610123,0.006204912741574657,0.005369898704285564,-0.0027656680582074057,0.008791803534081506,0.0004707679420586424,0.0034792843222321533,-0.002499942754606959,0.006803165338663308,-0.0008141794364643803,0.003725616236055679,0.0065638501184492925,0.0035746145983393983,-0.004090076765605902,0.0050228387707431255,0.02607225436376831,0.0017705835015050992
-0.0013613405473103008,0.0003830926793862448,0.003874589354601525,-0.0014842262450999865,-0.0023127207361724345,0.00014481349029420005,0.014602753246115626,0.0010271038409542298,0.004725678896305104,-0.0019809788864192206,0.006702500570589002,-0.0032434215952131928,0.00529746201261103,0.0015906499446427535,-0.0027745492778877908,-0.0008383295905877347,-0.0028746750817172984,-0.0035698171972229744,0.008852533030361105,0.0006427691904947702
0.005853536537927621,0.003593869055667237,0.0004304710522593924,0.004969068477513818,0.0022532353872294353,0.0015913124751092075,-0.0005495580022877363,-0.000204768484503588,-0.00423143182773046,0.004811746599518907,-0.002917763549573635,0.005308688962361439,-0.001216255750393308,0.0010587105438990038,0.0051668210041395605,0.0044328038597377115,-0.0008237511504588861,0.004473405015640933,0.0,0.002007315120765848
0.003062416555407219,0.0007655106783554141,0.0008146097183922787,0.002742329831775591,0.00413125100647205,0.004630307459202632,0.006047066668721795,0.0036950710275202533,0.0,0.0016869321560615818,-0.00041794248698135333,0.0016258309299886796,-0.0044641543411738345,-0.002644035071705323,-0.004744720320168183,0.001677900864093149,-0.002473207576982886,0.003942569150154513,0.009099730707696265,0.0026040205212541816
0.003392228283323388,0.0049734037465574395,0.0030536731881845953,0.005468802091844209,0.002618382632194455,0.0020162390421067816,-0.0057378773218068994,0.0012271636331260384,-0.003366419408381757,0.004160729077068678,0.005442430048516572,0.005140961369069653,0.009883958232284877,0.006849068859155284,0.007790497157847005,0.004816782044049026,-0.006198348745539614,0.003570115255921861,0.0,0.006876003171836037
-0.002028509473643208,-0.002284089824710913,0.0012169417615953975,-0.002946459921769331,0.004608274122891688,0.005606086796855917,0.006830928691756004,0.010048747686276671,0.01617487493031041,-0.0021703487685666442,0.006686558192947229,-0.0016152559895275522,0.0012168894119066985,0.0021144949926595854,-0.0003956120646034608,-0.003334380174626275,-0.000831629045242707,-0.0017784656556940489,0.0257648490502036,-0.00535923938144
-0.01962625867562371,-0.01020423171412993,-0.010698739859069516,-0.014922090953556368,-0.0173658327282938,-0.013264006135410384,-0.021959501803553598,-0.012797147290752405,-0.005149872540576291,-0.012609054818428365,-0.0041513871043039096,-0.01583689012108519,-0.002025608561644601,-0.01793254949593972,-0.01187184518228104,-0.007603674705159269,0.01914288395397208,-0.00835830846719514,0.0,-0.003392593125840176
0.01318066135502852,0.007350075393444536,0.00801469006573217,0.009037971810484435,0.005891128708304831,0.0005813981062019761,-0.003086997292255561,0.0024691775534728747,0.0014117525512550456,0.007845243832026203,0.0012506405145630845,0.008257996681136274,-0.006090248261145342,0.005370380745841486,0.0008009594314662608,0.00529341859125548,-0.009391699781627044,0.003972547475858593,0.0,0.004004930898993735
-0.0030810715849725213,0.00230417854102602,-0.004688903168877914,-0.0028707061521540326,-0.006298608147343734,-0.012354587117720629,-0.009009272485062478,-0.006978335479640733,-0.013157781613285615,-0.001696487754032198,-0.0054121453541224685,-0.002457410071946785,0.005654804528460975,0.001574906333091479,-0.0016006806564276535,-0.002106142433895227,0.0032975546022720394,-0.0007194012985230711,-0.016954398880912713,0.003001861873815128
0.015109922558273637,0.0038313710640994203,0.01106064291413124,0.010940859844012352,0.0121204740966284,0.011037449004282359,0.01729436874678727,0.0143088646331523,0.001428452738666438,0.010296976752413756,0.002511376265832705,0.010673383623018921,0.003265048209683451,0.0069593860626499604,0.015869567279202114,0.008442374299362149,-0.01232531124752807,0.006479394615384223,-0.0230787210519211,0.0
-0.0020297015429990768,-0.003816747687450753,-0.0040516251412837075,-0.0044430879766119095,-0.002966162207932657,-0.003493388130826029,0.004776588494793514,-0.0014329330127361552,-0.0004718999393892914,-0.005739374519495153,0.005461251621876584,-0.0046033216152153965,-0.003254422363771066,0.0021264922755344293,-0.0015846850175407936,-0.003976281012085813,0.00041594547258140535,-0.00393402497400333,0.0,0.0005177665177623962
0.0029868962402279683,0.010096475988859346,0.0015378160119830118,0.0023138210841796604,-0.004109503247846982,-0.0001783555706017204,-0.003355558000168949,0.0,-0.008118483700567586,0.00492278461209925,-0.001250614651052356,0.00303940751166372,-0.0012245291827975779,-0.0053048632392575425,0.0011907789740452726,0.003063162316079418,0.0029106596696065854,0.004094018371578054,0.0,0.0041792793655884035
0.002715759073553045,0.005327022366258897,0.004890212354396326,0.004356900066765352,0.003889082753572804,0.00029375983622757687,0.005330843914932766,-0.0014346441852144398,-0.0009625681897164148,0.005968821785798081,0.0,0.004631833114349193,0.00339278535722327,0.01008954094313745,0.001981608161416602,0.004419825082241449,-0.005804382767641324,0.0046710127935371435,0.037912552216134515,-0.0005547684702308731
0.00507790118578464,0.0018926990999741727,0.010948925118180538,0.005936170801139978,0.0074041438336807965,0.008658524339117913,0.002232744419709882,0.012037749160549263,0.007710642824032949,0.0035602493237105,-0.002087990539699439,0.007323577639910595,0.004091284050687882,0.00476920831945561,0.005425655644650162,0.003562601916185709,-0.006255256544645405,0.002861389097760857,0.009487532515779006,-0.001750179093808243
-0.009431086438172209,0.0018888755759526234,-0.002206359819626741,-0.006128056502850757,-0.004933007770429373,-0.005383509906304936,0.006568857412040033,-0.0008147149679051166,0.008671171979156683,-0.005222900348722857,0.008815004907577894,-0.005654562175328687,-0.0008149227297709789,-0.002637009244386807,-0.0015790902525836144,-0.005011352604090911,0.001678613488650065,-0.0042794372846434075,-0.007362038365804576,0.0003579242988198105
0.01033993021310386,-0.0048745415266476366,0.0046309305994268355,0.008860568921812128,0.0071591779226174174,0.008541863255417812,-0.007792772572590714,0.006115868515388213,0.001427967895407807,0.006911349108744815,0.002498755886678704,0.008950898205267984,0.0016312198633134346,0.0026439814479069248,0.0015815877223395668,0.006807689099299168,-0.003770551051607849,0.00760863376600793,0.0,0.0007953148846585147
0.0016891301166635005,0.017870789501338632,0.007828233433337972,0.002273312895628957,-0.0001098663435191756,-0.0002916270176391029,0.008415102965345174,0.0006078510883486554,-0.0019012072039621421,9.907237372847334e-05,0.00249261980007086,0.0024263034659984853,-0.0061075516712179,-0.0021097902196185827,-0.0071061636669746435,0.001256761868124746,-0.003364073819973233,0.0007141924596748648,0.015622391637476475,0.005959464348564071
0.0037100081943314037,-0.005229783521856777,0.0009958932299428335,0.004422641261768639,0.004842934861586593,0.00422580563233369,0.005563307056937032,-0.0012148731394001288,-0.011904625722567293,0.004247674231849232,-0.0037296790939369273,0.0040346526117198385,0.00680334886540828,0.007259664561919778,0.008512638233106322,0.0039739688379066655,-0.003375556838838781,0.0032120505671526674,0.0004661742452438685,0.002574277671188052
-0.001344039018105619,0.005632786103479779,0.0019894958713856715,0.0001132592437569215,-0.0013145750202300974,-0.006093934700411096,0.015215390054525248,0.007825279597107913,0.005031781610808282,-0.00019686481334087955,0.006458226980750049,-0.001339419976169845,0.00040873168653344735,0.0031593188053476128,0.007126016477619081,-0.0020834377853107167,-0.005503655372696152,-0.0024902891829695238,0.0,0.005758546919626811
-0.0010840425272903157,-0.0051930224590065795,-0.0007223569725265532,0.0013228073412387194,0.0026388913677897817,0.0038455446960490134,-0.005207124202603743,0.000403950813413085,-0.0009628853074022336,0.0011044838326686355,0.000414828819641421,0.0016286627858111454,-0.0012256940795920164,-0.002099654845436866,-0.00353743606684945,0.002819144430089293,0.0034056478211075968,0.0017748110388301484,0.0,-0.0039213971886441715
0.0006765128257592789,0.007533190822650007,0.0057815564916235,-0.0019248099217365024,-0.002856154279507434,-0.003507048312009037,-0.00110185275417767,-0.0006058388627732179,-0.004337346043051756,-0.0016778109637970212,0.0024889028227580174,-0.001616075372543659,-0.004907666589560366,-0.0026299772779910862,0.003549993943462151,-0.0012551574710588627,0.0016971300627491588,-0.001430259809067376,0.01304556213587602,0.004172895813971029
-0.003380765970165967,-0.002243165455528088,-0.004558783720693161,0.0005672388825823161,-0.0005507893455100017,0.0005867404448489957,0.0008274680733009487,-0.0072755303645880235,-0.003872421372043075,0.0008895072870841168,-0.0016551033488002302,0.000809285678324445,0.000801701203978099,0.0023597740560463193,-0.005896152385501812,-0.000419004648028314,-0.0008472128885853957,-0.0003582960299039581,0.0,0.0005487980220206509
0.005427469309770521,-0.0026224893236962317,0.005376348228441761,0.0021542055905601123,0.006723956788700421,0.005128710195816608,-0.010195858067295902,0.005198658869188062,0.005831132611108582,0.0011853382358466007,-0.0037297787237794335,0.0026956372921598,0.0008248564090669389,0.00422384876295039,0.005096523159187574,0.00272379939409284,-0.002543451340525858,0.002149591019422605,0.007164241000051886,-0.005368329898023201
-0.009446705300554034,-0.013899372437426259,-0.0045554339752309474,-0.008937709061364443,-0.005660607737795877,0.0004375450336513053,0.0065210708269182365,0.0016274867147022484,0.017966533126920516,-0.007991089982251313,0.0043701110006265035,-0.009946267452201249,0.0016487600079794554,-0.004731956383381838,0.0007896461871372651,-0.007939774534097789,0.005099959795661693,-0.007507986953853936,0.0,-0.0020801205396724512
0.01367623887128208,0.01145760846295945,0.008269160968458674,0.014945262105723462,0.011515721485960771,0.005725072090107196,0.006119911497665289,0.005077204756497314,-0.008098838002363041,0.013249259555058002,0.0029105043137480024,0.014355454741110675,-0.0008229553407161777,0.0026410730271238703,0.0011836198319846905,0.011198444134169835,-0.010570883562551087,0.011509579639290531,-0.0180898663466372,0.006893785831460302
0.005400073828069171,0.004912895576425542,0.010097051473176964,0.00225942243986075,0.0008744837138616925,0.003929593174529367,-0.001935532644719189,0.00020194498854667582,-0.0043228393873867375,0.0013799437629747847,0.0041460445374140046,0.0034954132092741663,0.00456419688585821,0.005487628592119318,-0.0015763082138076626,0.0023018748778049877,-0.0025641895382206505,0.002146470413570395,0.0,0.0029905737256569467
0.005706420120225164,0.003008752724091307,0.00666402249441285,0.002028529069572174,0.001584331578355773,0.003189196700710128,-0.0027701411665819148,0.005053267286649696,0.003859124217951346,0.0014764115638648734,-0.0037159605711748647,0.0024119102735576468,0.0008237128216970287,0.0015772214522406095,0.005140169904075224,0.0012526447331034148,-0.002570608445115485,0.0007143131071399861,0.025448958806445585,8.182391676428591e-05
-0.0023363874800134553,-0.003374632296503597,-0.005062400673928451,-0.004611385237046463,-0.005181814441381505,-0.0076590011943698764,0.009028485058099478,-0.0006057845274802668,0.001219805100340206,-0.002752031896625827,0.005518868664292859,-0.0050789281171369285,-0.00041129281123510015,0.000524687465405822,0.002758201456601216,-0.00479596255234854,0.001288703506753599,-0.004638023894608386,0.006090131367601064,0.0007860118878256582
-0.006491700021627602,0.004184075191546853,-0.0016082148211686465,-0.009119263257126458,-0.01060721619385821,-0.01788469211482576,-0.007753847152194113,-0.007878813858705947,-0.012042344979147879,-0.0039702837591295646,-0.007447488898748866,-0.00776572327216972,0.0008232836369883082,-0.009443921575862685,-0.004322424714749047,-0.004106583780644948,0.012870058979485136,-0.002255313332882964,0.0,0.001492532715962441
0.003720218458975328,0.0015036616076997333,-0.0007867627905650397,0.001603255708032451,0.00233712014025795,0.0005959108297426763,-0.00027890307243479514,0.0010180660804699332,-0.002925662404968693,-0.000397496377640952,0.000416831057983961,0.0010879163383377807,-0.003702132956689279,-0.0010588808628135323,0.0,0.0019019580184697282,-0.0012707765616297114,0.00036096477702261435,0.0,-0.003058798102200961
0.007749027732062591,-0.0026276291633783398,0.0047234506201332205,0.008574309418695645,0.006773345313791812,0.00997168864767774,0.0013956362210219096,-0.0012203739955660895,-0.0014669362239122519,0.00675892622884478,-0.003333167735805629,0.008693004526217777,0.003546321783064523,0.010197792053016564,0.0,0.00548404262245039,-0.0093298720484601,0.005411127504414371,0.0,0.006697154910912761
-0.0006686038723452686,0.003763784660278767,0.0015670599936049008,0.001133533677299494,0.005404140759981283,0.0013261526870697886,0.004737876256571597,0.007870605655439964,0.009827059971281669,9.874619272849024e-05,0.004183806750111814,-0.0005385507217306213,0.0008265631331552776,0.002633132496934057,0.004671366998120133,-0.001258377710489429,-0.00556517064384918,-0.0014352539608074384,0.007415237534308309,0.0019579239950943236
0.005088336663408574,0.0037870179027483337,0.006125510324044262,-0.0018324794857327922,-0.011737673148148857,-0.008474714134025552,-0.002232963596178812,-0.003857224504140922,-0.007789844699288005,0.0012736797241543335,0.0020893924360499247,-0.00045096382904916994,0.0012386636649608276,-0.00210111977780268,0.0015766990278142776,0.001416987710949978,0.006457126136987177,0.0017521701510312473,0.0,0.0035168969731918976
0.006684451708057779,0.0003748343497407485,-0.0001949030451823752,0.007062346096266673,0.014871432730041382,0.01029079383966171,0.007552587088800877,0.0044835552041187455,0.01226682081533281,0.0039594917240626465,0.005004095451915505,0.006498798971290882,0.0024741729068564105,0.004210806343346415,0.002361346524513932,0.00526778655453712,-0.006415699158265295,0.004684834358164029,0.0,-0.0034270145655120395
0.001992260496396904,-0.000374693901595792,0.0021454832018010564,0.00022624226395275316,0.002646729824232315,0.0002952368161109984,0.0022209649871568057,-0.006289317701494108,-0.0038775880703706632,-0.0002958080455795791,0.0016597414884000634,0.0008071231041121527,-0.003290934156904445,-0.0047171465097260315,-0.0027484633961951986,0.00020958892881884256,-0.000860897986501177,0.0003582862069481757,0.02253265522585584,-0.0041807508075623655
0.0043073816197530075,0.005247237496237339,0.0007783717780961674,0.0037317952043124775,0.0053666808377902655,0.008707364177793522,-0.001939269310567815,0.006232162434602222,0.003892682288775362,0.0014794778693549074,-0.0004141347627171916,0.003225593866907521,0.005456960009388059,0.00796174679105098,0.005308467657402853,0.002305224653299997,-0.0038775965088534174,0.0028686430316263193,-0.027765681484594483,0.0013693997691921062
-0.003299112375030557,-0.006711238505558774,-0.0068066961280631106,-0.004056081085042898,-0.0017431593907449115,-0.0020484881877335555,0.007060598771255426,-0.00020392540477744549,0.015010734180767843,-0.003545330795269549,0.0060445652821602535,-0.003750701458148383,0.0024731716886556773,-0.0005238847685751722,-0.001179495698140701,-0.0041814904729163965,-0.00043258428929346697,-0.0035751745223473476,0.01267165204124208,-0.001963610558295505
0.005005111071648421,0.0055517924335936435,0.00363177729998442,0.003334038975514196,0.0008804696984001332,0.0023175786922285807,0.0027738164344649967,-0.0020386228611649106,-0.0052756932178328955,0.004351876023986965,0.0004135260573134202,0.00422454982801009,-0.0016447876427256615,0.0015733718104143305,0.001967951547568482,0.0036086430447042884,0.0,0.0038041602388247508,-0.000901336745711668,0.006885847227646203
0.0033068536285106834,0.0,0.002544521435486539,0.0040757707720647735,0.007431249147695202,0.0055850213841775135,0.006362332837103941,0.0004086110463754242,0.0028928986953774298,0.004346837618819457,0.004549378854693811,0.0037649071580445935,0.0012355450567611,0.00104689500711643,-0.002749519606547214,0.003992454269908245,-0.004327103241521389,0.0043090092957716285,0.006164360813617945,-0.006252348848020968
-0.0006591620479496113,0.0,-0.0019522367277877845,-0.002480529398807264,-0.0025963637102804182,-0.0010230785768827286,-0.005497559150330104,0.0035700870794094595,0.002884919231862646,-0.002852623978496495,-0.004528775738113189,-0.0024113553265681267,-0.004524771035481518,-0.0036610805234931453,-0.00016829070207102727,-0.002302326647191961,0.003042171014432972,-0.0021452021802435862,-0.016287866089334704,-0.000914654872801151
