AAXJ,ACWX,ADRA,AIA,AXJL,AXJV,CHIQ,CWI,DBAP,DNL,EEMA,EMCG,FPA,FPXI,HEEM,IEMG,IHDG,IPOS,IQDE,IQDY,PAF,QEMM,REMX,VEU,VXUS,XSOE
-0.014386677001390806,-0.0050557795393216046,-0.022523710949999748,-0.010431897325850445,-0.015696332789817847,0.005626893853506022,-0.014003759892126405,-0.005420097380853386,-0.012015210617521055,-0.013187073516699762,-0.018471073410354397,-0.017789452960561104,-0.0006048652097297852,-0.011342166479628308,-0.009705644155675512,-0.012336163384955941,-0.01345603623265077,-0.01097437291298122,-0.0027121678623720216,0.0014668043237165134,-0.014521565612727437,-0.00398598816758661,0.007973864518804242,-0.005610093911003026,-0.0037466527127458854,-0.015925913626224697
-0.011531009899936565,0.0023290140605416827,-0.0009471668407083763,-0.012206439607550612,-0.01035089699315818,-0.02366286939697831,-0.003873450108581753,0.0013624237899556232,-0.01598335384168392,0.016939570064278455,-0.01040390784062726,-0.01485293278869125,-0.006656443500149473,0.0006373101547356536,-0.010264097722542598,-0.005764850647709162,-0.003230460867312658,0.005326059168830938,0.004662354878149473,0.004760164033919679,-0.010867677081710957,-0.014566953857909218,-0.02696875966994844,0.002528883912184157,0.0030087446653070077,-0.016560073438500328
0.004134606383434725,0.008871857754832851,0.0003160447588839004,0.0009361366312180317,0.006077778801700432,0.014193539614729947,0.012313657192763377,0.008979618423279668,-0.003531006648331393,0.008883772467358773,-0.0010823249501871462,0.020307558472216047,0.01218389271552675,0.012102018634216926,-0.004678304134474147,0.008117468337265387,-0.004321202414073039,0.038366287600016584,0.0069605103288671605,0.012026111798907163,0.013221512424093113,0.006985092267147797,0.0007390989103142122,0.011061577834558764,0.011248468482140523,0.019900505680900942
0.006176516278274228,-0.007328157626101236,0.010107424740013988,0.008978674336347909,-0.008710504244355663,0.0007085560998671691,0.0499358354005462,-0.00674230723801289,0.005315542602974092,-0.016327232023818045,0.013465559735283022,-0.004900224469799144,-0.006018831818686754,0.030207739742956975,0.0005874834240269058,-0.007285315873821582,0.019529822349563696,0.008546566887123876,-0.012288910129881356,-0.008642367846332683,-0.022238478629291302,-0.019196732562397026,-0.03618900760985114,-0.007677454861455494,-0.006859442789517461,-0.002251581401292177
-0.0349313324265112,-0.02320178546241659,-0.019387247556671417,-0.030218683284662713,-0.027352522812099114,-0.023898067690470124,-0.03780485497867346,-0.0228073782617656,-0.008459705031704016,-0.01902293137401704,-0.037721574289040535,-0.03545731856950225,-0.034513836934412775,-0.04715965162481156,-0.024192524865864446,-0.03534180917475098,-0.008513604789933427,-0.030480711248195836,-0.02371703805135883,-0.030148926154638756,-0.025376003214498413,-0.026809154855835047,-0.001149354826636342,-0.023017532787542767,-0.023893997842865212,-0.0382850091355985
-0.018173501470631185,-0.01619528912476885,-0.01913260924702529,-0.013572954123926605,-0.019961872002266245,-0.020674584493026924,-0.0044359415143986865,-0.017227052654709713,-0.02346255375979309,-0.026045563201125308,-0.01729883560647473,-0.021679421558964733,-0.039197324946539776,-0.007885458075869425,-0.017130064062667854,-0.023423424099064057,-0.01896249108682081,0.08666356284526577,-0.02150542506608312,-0.0007490371871784724,-0.03278669195425145,-0.018759473853597386,0.005753624874132722,-0.014848377372623471,-0.01472539624384654,-0.02158613897622535
-0.002622250036272194,0.006365225030935836,0.0042262788587892645,0.0009690375429070466,0.005352390085891072,-0.006111288330386502,-0.006365345405511821,0.00508906806487931,-0.0171095536094514,0.012492768853382958,-0.011304895249052831,-0.005620058333052997,0.004569204010388058,0.0038771229953361796,-0.005306078206059718,0.00286996121789399,-0.007293998139222844,-0.026410610449208758,0.006512240837762978,-0.004123056041235882,0.003389833022460841,-0.013090018423449529,-0.02250194871967721,0.005426011781931363,0.006405264840269122,-0.003996755270017715
-0.008196826921525013,-0.0037077465343774976,-0.019423787343712945,-0.010067907797610859,-0.003401597484064506,0.004285597257998992,-0.0416399730209173,-0.012377095149214321,0.006296316667926179,0.007904345216171341,-0.0034302029627211227,0.003633364738746626,0.01234563833336748,-0.014805164065288609,-0.01477234319139844,-0.002044083272041281,-0.011756028983557069,-0.10604187579293514,-0.010109504973242905,0.00301098470766418,0.018878983443332786,0.0034905440789831524,-0.00936388918053908,-0.002798505138572083,-0.002893051226751979,0.004374067494122264
-0.006237260809727133,-0.004597262515715767,0.019603508314426747,-0.006454040925483515,-0.015135571367575129,-0.007235866334100594,-0.016042712320607232,0.01882503535519379,-0.032020520112744866,-0.00994641863427802,-0.00655638729721549,-0.008246174007662714,0.002567305671655709,0.011139987313418734,0.013744214923086593,-0.005530570768173447,0.00817845767262335,0.01765747728396866,0.022988236431676537,0.0129116897552113,-0.001142952639894461,0.00852524832145604,-0.0937376606779252,0.0,0.0007735898678584567,-0.007591210635451123
0.0023078655464146736,-0.005256284678692436,-0.02188093137838331,0.002380049786602024,0.010635776068910016,-0.00040339231473799953,-0.021739185677037632,-0.01979085105522511,0.03282115311068829,-0.0008842431774339287,0.008014939587827619,-0.011559485577084841,-0.005448263516198045,0.005653646976834248,-0.010805193848542416,0.0039371824549971355,-0.011216476576701974,0.00045456983258182384,-0.02359638059931837,-0.031602706551013035,-0.013202116870531834,-0.0206849927529182,-0.039548076237375024,-0.009934190347156785,-0.00974950989442712,0.00036033635077418086
-0.037176988158415435,-0.007405711424170011,-0.01903196041040158,-0.04243138158828225,-0.03866390855120323,-0.03140280847376534,-0.037499915959555416,-0.006057175223050896,-0.025708701083462127,-0.012295065658219357,-0.053689138113013055,-0.03418139427927172,-0.038634839237819706,0.0,-0.024645863332262503,-0.03602474730950461,0.010573817318628272,-0.03454535450137295,-0.0050000791508505215,-0.00582760300489485,-0.03614220801919707,-0.01881434296186059,-0.07511312085042891,-0.005527127022480954,-0.008481319193315169,-0.020747422774973368
0.0081806566107082,0.012208928193810037,0.018720342879178696,0.011129560947608056,0.009233083487713982,0.012463608411430377,0.014429951432366512,0.00812558832703354,0.008924981343950367,0.008693984250463166,0.015315009441942737,0.004885705311836579,0.006028320684309621,-0.02394112361995587,0.014753844088330418,0.009020414552058872,0.028026996567436457,0.021657472596596467,0.012981560104246257,0.012114063909494816,0.008079701677546023,0.028762704365177905,-0.004892432196947815,0.011115531861107792,0.010742131958614216,-0.0006728640983783918
-0.03132102681768291,-0.02680361513970164,-0.01670562363674426,-0.030778852035722983,-0.03070243947365517,-0.006941210907829166,-0.0206259176525123,-0.023028340450800808,-0.013846213360211707,-0.03271308755546503,-0.02588264043361832,-0.003974225261433057,-0.019307813805673292,-0.005958212699692724,-0.030008463871858758,-0.04108121268156066,-0.014540034646465862,-0.006451754701831757,-0.02480350931148905,-0.028185353921089236,-0.049938426522482635,-0.045366582379978655,-0.04768928952307528,-0.02646570095231832,-0.0255855131728056,0.0007572557366157133
-0.007036209103482736,0.0117050816090814,0.01902814639545815,-0.008201742426170897,0.01823728579774353,-0.013902260490726024,-0.03195346546242317,0.011490966896225896,-0.007410296020875558,0.006682846187482106,-0.019708094005581,-0.05331515096095047,0.0227428064601623,-0.01664992162161962,0.0021787229652321946,-0.0035515905209648813,0.01069707820504338,0.010667771167618918,0.016956344920317085,0.012713490152028844,0.028769325555337764,0.0009210821633606119,0.002064986618758575,0.012337852231707254,0.010906760513691846,-0.04581769490761956
-0.016872070688436727,-0.005444568102299701,-0.01967311815234257,-0.019508223313399447,-0.0256089662346002,-0.0007833560011051238,0.010502580148684935,-0.008156261066436441,-0.02161097539357341,-0.017300317281070957,-0.016513861584779056,-0.01757683468098369,-0.011284373445621628,0.00799180984344033,-0.02173925397182262,-0.01804398611220901,0.002919619856177855,-0.027076613042631405,-0.012922034871123488,-0.0054922829029919965,-0.032590626327964244,0.001472091592725739,-0.0262751066288528,-0.006403583233505554,-0.004994892176314042,0.0
-0.020593784556274728,-0.010720822338146665,-0.022108848643826288,-0.019247297483740492,-0.02628180038272976,-0.03766395835319341,-0.019302151841013426,-0.010572595016493285,-0.018875460335210467,-0.015353022452305947,-0.01843408731671165,-0.02738496891856365,-0.02450491911445995,-0.02237448828441536,-0.012000022659849613,-0.01973716980305354,-0.014555908542316963,-0.0047168058860012725,-0.007601252430862086,-0.015778918539784706,-0.01847419097872904,-0.010657848762720296,-0.008994683837125832,-0.011018772993729394,-0.012449854614346213,-0.04550650677607291
-0.08410731872974572,-0.06755835274086062,-0.05460859424643153,-0.08533630048999301,-0.056135155714163484,-0.0402581706558332,-0.1006813282707384,-0.06411399912616758,-0.07245197395244872,-0.06424125793669927,-0.09334330565444206,-0.07648986932601964,-0.08121119097115845,-0.05463919557423712,-0.06873592189947489,-0.08123118786292181,-0.07311667350652612,-0.03317554519787233,-0.05872346704699236,-0.06533091434604257,-0.05779455583781696,-0.07596579872325393,-0.11211962084086936,-0.06558751941430119,-0.06445709177860003,-0.06493732687417961
0.02582742265346049,0.014837041622311881,0.011773079908257702,0.01880418585726875,-0.0035088250762427354,-0.031423217460556034,0.0025252880712017195,0.012051913739302972,0.03795233195864848,0.018662470569598456,0.030968043656297656,0.017276413295600056,0.04494365605205898,-0.009814633236346057,0.028886012620125287,0.030478720665808562,0.01864543628382288,-0.010882218815994998,0.006329204842017304,0.0008577496506443698,0.015981373989580237,0.002412092382234485,0.04930859561479116,0.011023750787613244,0.014344783044288243,0.0009870639861434946
-0.0499813344943852,-0.04727111937657932,-0.05818182365794775,-0.03762432377632725,-0.04964767561332986,-0.0021905239539732864,-0.06800992199907603,-0.0476339216259922,-0.044642755325999116,-0.03664119777203211,-0.046548662390417946,-0.05544445137303115,-0.05949812761155281,-0.04772396142371957,-0.028638355037586213,-0.05157659659864231,-0.03277546813197337,-0.015165078859275056,-0.043576029462549015,-0.04670089421525296,-0.06315078739191403,-0.020252609974138303,-0.02865331652936264,-0.04517131061732461,-0.04885365167092293,-0.026479315647297143
0.0543778192511614,0.03120215635944897,0.03243255138825631,0.04696353724601443,0.04761002815751578,0.023205100520490157,0.06936920864393184,0.0319183697275346,0.03916319749622911,0.025809523979336696,0.05591491583725186,0.026969955842536232,0.053734758962558526,0.017733289101773686,0.033349371629778225,0.044845465404707935,0.02102713879471931,0.02027981758088599,0.03146977295513071,0.028314594046032586,0.0604939292263371,-0.003479496895513197,0.018289062993724903,0.0295967416100733,0.031087888338075662,0.023653871360618247
0.007261226398620787,-0.003472145154346919,-0.003739792142385361,0.0091592400715574,0.00884166485936685,0.01894580440798549,0.003369825409158319,-0.003188672193856439,0.022698016930352224,0.004193259526212955,0.015411925351592982,0.028321137492934245,0.006871651869253568,0.011742358942192062,0.005144917127744492,0.010113533316425664,-0.004752581565579983,-0.01114682463275987,-0.011839471591428395,-0.016608582779531596,0.016065174626150647,0.017662777950587738,-0.035921233514086576,-0.0024898140542672343,-0.004588044221224293,0.04057406094968091
-0.035489846967576615,-0.02687922366810808,-0.014435393550652159,-0.03607179574085658,-0.052059427776986585,-0.009686252054080387,-0.006717015648311244,-0.027511239068646318,-0.043132297775689166,-0.04791203632076234,-0.034831768451242834,-0.04857275078610485,-0.03448284734547969,-0.03856226453342445,-0.029781250003141482,-0.03614175278381266,-0.01114185150440342,-0.03729680093239293,-0.01570363606103211,-0.02489186702790188,-0.029393036461456037,-0.04197770440151533,-0.06009605396984408,-0.03222131938331309,-0.02985076858645778,-0.06276772454733033
0.04062853812960441,0.02071623370851951,0.0023085736591152584,0.033558915987054565,0.036778162882001315,0.0,0.0777683281525725,0.02072369091504309,0.007877569838909259,0.03570743345075261,0.036492016610317014,0.06089131056254075,0.036372081341499066,0.0036581754918501865,0.03261418666970587,0.04028376854291109,0.021537783272470003,-0.0025974368561151964,0.014678120929290918,0.019770124464272103,-0.0040168587332618895,0.035390877046617863,-0.021739225325123776,0.025891880718959356,0.03034318399967757,-0.00204703765790669
0.052117874056193884,0.04810814945464365,0.056046154745767504,0.059331812804091034,0.0698054947047384,0.0,0.0070588365232963765,0.05188528876220857,0.042987362364153486,0.052962351318680996,0.06243928762811266,0.06526973330291666,0.033549704258958944,0.051091980766940666,0.04273085580867925,0.05674627999858845,0.01778654996894882,0.06250007084260391,0.043397158444005865,0.06582510950500342,0.09015434804954836,0.06002019793909625,0.1052287218486124,0.04848324141826201,0.047450658823331736,0.10553294943079902
0.017153869986397056,0.005498549428409907,0.0010904505324981593,0.023814739668174063,0.0005097967003353193,0.0532425941874084,0.031152685878326543,0.005821214104122971,0.015403792467926369,-0.006180806417148493,0.016294328770505278,-0.004705827970821778,0.015357797698806776,0.006679118542543367,0.008017704038962457,0.009449066522239669,0.007766971880013983,-0.005588235667649229,0.01296960442110887,0.005075972256323102,0.009575376976670236,-0.013627622653750652,-0.01064459798598462,0.005478900569271211,0.0018965990602210238,0.011584767023715529
0.011357731063621163,0.008796777897917761,0.02142346000959868,0.01270726845327767,0.009680630225988135,0.004158726660119376,0.024169246045760016,0.008833285712269413,0.002870098566366581,0.00900711547025377,0.0070258072303307035,0.008321272531513805,0.008937814527211242,0.009214819950481686,0.0057445911345136436,0.0022831023480000263,0.03815032244233458,0.007492801631230152,0.003531974968281843,0.00462984838066941,-0.004742366198942605,0.008367339484666962,0.010759124541409062,0.01068010374429589,0.010094422138590162,0.012826480364881536
-0.03879531815564657,-0.019325672908271096,-0.010309267280225909,-0.030412526068659955,-0.035323781054845765,-0.00944916832061532,0.012536777663325848,-0.01962567503397768,-0.020032827218492928,-0.02210420233378491,-0.03613593697727574,-0.032917313346248755,-0.02282794161185669,0.003287092795848042,-0.038664260900979484,-0.035535400279582616,-0.007795040794602969,-0.02299641935600331,-0.012318554343559877,-0.010054603645581613,-0.02729039674421281,-0.0235429287645311,-0.05026612045483081,-0.019193520799694715,-0.019571102058415918,-0.019900743365830604
0.012214636075179485,-0.0014422540671226445,0.013290132620000287,0.006141694195262587,-0.006102791894557532,-0.006839894879457434,0.011653344083387649,-0.00030790938747371634,0.005423458402917537,0.0113018861860867,0.00798063809729411,0.011346020186625356,-0.0034867816250829377,0.0054604755330068715,0.023080431660692843,0.011809331750132743,0.013842136202113468,0.0,-0.006681615666359664,-0.003808651107973997,0.0008906705317480133,0.023913091844887727,-0.0006227041792670108,-0.002198831962663031,-0.0014863077767265462,0.029534023846224163
-0.0475691411551753,-0.031287447543469724,-0.05104588896986822,-0.0398954632188348,-0.04017539350518992,-0.046451156276066975,-0.06551483243659396,-0.02895869255657238,-0.02946053748571724,-0.030303116133609625,-0.046400318440159766,-0.01716371791160401,-0.036738925317005136,-0.036567626353507285,-0.04132236469717945,-0.04761902941494977,-0.02564584912323537,-0.038962395084177134,-0.0318383800102321,-0.033984638963780345,-0.04849848873845752,-0.04400700509042035,-0.04112137722783296,-0.029307905160786338,-0.030412665260219508,0.0
0.03654069185505703,0.03006208412741944,0.03810245276575592,0.029518762906044594,0.03929802652885843,0.01611663692446139,0.042372828920563536,0.02918768566505023,0.033775229797230015,0.039672130999606856,0.030121635616947445,0.008780650903202495,0.029785540554918038,0.024802660761166943,0.029357084889494876,0.04436284718621702,0.0308653104236476,0.0161543215503569,0.030106544673140563,0.03781868540473233,0.0488662742188152,0.01756507080545726,0.016894019361648808,0.02905779918140845,0.030708540349607294,0.0
-0.022675113339377568,-0.0077183291713012105,-0.02482898688090673,-0.022717361543158784,-0.023742398829214736,0.0012231749081761294,-0.03917216783506781,-0.008323027351127383,-0.01736977819616009,-0.02302274099508324,-0.019493868589612655,-0.008220563778069267,-0.0010581101074287496,-0.010267731947530652,-0.021276533320163226,-0.02839722819430188,0.002204360430580887,0.0005129017019185814,-0.00944264950072578,-0.009321940749073459,-0.02206868323107819,-0.027182631693211216,0.01980836286123906,-0.008382996005363217,-0.011491922899205458,-0.04661572081425371
0.008881713215370415,0.00024320126754692382,0.02472311665845364,0.007898859615884199,0.01567274228201664,-0.003370407476345884,0.018461629599539592,-0.0012433269516100313,0.0,0.011564403809323684,0.0007646444652045106,0.002193893547290275,0.0,0.016672760334185806,-0.04717858299125865,-0.002898541933904989,-0.004398870178938284,0.016196644215946288,-0.004539041028819616,-0.004704706261228886,0.012536933473606151,-0.0069345341291993465,-0.03571427460405702,-0.0004449221408370254,0.0034446245403027924,-0.008462723465305792
-0.05569525481604142,-0.04981789209685375,-0.04645289904167106,-0.05329145108912325,-0.062256040384073376,-0.043754048908462524,-0.058912464529209674,-0.04948644070477145,-0.047979793941474974,-0.04723909916855643,-0.059216804771864966,-0.07662362686231441,-0.04449156955985355,-0.03753638922658849,-0.047087450549490886,-0.06807161960210806,-0.047128118635818415,-0.04307449641268883,-0.04879172319252144,-0.05801480880864322,-0.05087809399486329,-0.05524738767567836,-0.08122167500716193,-0.04874227056974005,-0.04977476494917587,-0.031768501602819965
0.02872910501512454,0.006905439080573114,0.016993970350659263,0.02341548015787081,0.02250797144368585,0.01881084880898136,0.022471903167744858,-0.003929309850483221,-0.03801954206082413,0.0020376550522341764,0.03776652890752491,0.04004202777306903,0.017738535856949924,0.02347610473682737,0.03565964765657418,0.03301275909388539,0.015842471650539685,0.02308649235575794,0.0067114819156390785,0.01687968879157645,-0.006403952705820431,0.017173846228967775,-0.09123058781951804,0.008422782630293299,0.009934542467422106,0.0
0.0075827451346932966,0.019557979103124287,-0.020577149991176828,-0.00115558003378456,0.028116926788018647,-0.007615297039144894,0.018053428337924057,0.041987749257885135,0.06311302385161031,0.03321279389280836,0.009391421002029377,-0.006180240349897369,0.015976751503361378,0.010358744468884476,0.02459434006123512,0.010820089678884032,0.0038035786650275046,0.012533245458291677,0.025714337135448115,0.03185284420910536,0.053738800690699584,0.03760393872552253,0.04513632478355891,0.0199536426227476,0.021015001770344245,0.02717908144592684
-0.0030458540869536745,-0.005422858230565782,0.030927551694902095,0.0002103187713293117,-0.014554086166211962,0.02008219584066381,-0.062451841238184425,-0.01534532611882002,-0.005422411639617642,-0.009461730134361702,-0.0065641243461332715,-0.010924218712570285,-0.007182868158098889,-0.006224859151783406,-0.03984642623156203,-0.005750031698341984,0.01129944018797838,-0.008651381967942108,-0.02089141444023057,-0.023913073734230857,-0.000927771211051007,-0.011463086811307664,0.0507628048430523,-0.0047759232997734045,-0.004539490213621197,-0.021959994443672682
-0.08050930323476324,-0.06993191176176225,-0.06370364451573805,-0.07877932994407995,-0.07950164837709588,-0.05401866118714288,-0.06367264130911066,-0.0668831456208266,-0.06633359487785921,-0.07002440043374558,-0.0757937266232709,-0.07243374771565565,-0.06265942766037387,-0.0607957696510298,-0.05184432417321545,-0.0784463311949406,-0.060158975308353575,-0.036909675009990636,-0.052370375060434605,-0.07170249881958203,-0.0903180763599328,-0.06683545011611666,-0.07904553369927203,-0.06818701708974004,-0.06672588374503946,-0.07342141448031166
-0.03543070915599124,-0.03230166537085813,-0.034018847650005686,-0.03954794893921863,-0.03701475174543673,-0.030624012334856836,-0.050644630124339965,-0.032359104880870564,-0.02871032839442928,-0.03159147527888887,-0.040575427103543976,-0.05399397075889295,-0.03186925841066548,-0.03687732300710542,-0.02835739498877143,-0.03966933499641179,-0.022141650918790785,-0.020840987169832268,-0.026808249903351795,-0.035887654682775494,-0.03802968534800187,-0.04518746259707312,-0.07287458788742397,-0.03362162750954526,-0.03467931802526154,-0.025356436316744384
0.026176933238655782,0.024964766287916274,0.007371071930207731,0.023796626104207155,0.03657766480389795,0.009762475656338074,0.024248380608379427,0.021934665748786428,0.003506887344638425,0.020603291995440358,0.031998249252166426,-0.01173336454453282,0.024086605166476985,-0.00651737895632918,0.02092512388445064,0.030981089455249907,0.03499385450245629,0.0,0.02702692578618032,0.02666014903200206,0.02653223169102956,0.015617559451462553,0.026201012813818196,0.0243027824325433,0.02509869699784099,-0.0243904000754891
0.023451944060005482,0.02380945342360041,-0.013414888670980979,0.01775930697405021,0.028508830253593225,0.022229450007727088,-0.02178029192626696,0.023926785027416846,0.032950630869821015,0.03797164779033657,0.024284562288079486,0.07392165898260401,0.01999226224367413,0.0016401508378765652,0.04099236030168321,0.038953812508958366,0.030230722779691382,-0.017800745252151837,0.0425101461452968,0.03184732261578622,0.0020677545612344124,0.05521908770122299,0.002553164577928349,0.02347660514618102,0.02376362822417705,0.03222213049131803
-0.022110399622519258,-0.02512693634868858,-0.019777385901071715,-0.020271926508574924,-0.00852892999642198,-0.00296837440896105,-0.03775419172157477,-0.025085983202809085,-0.015466456593282078,-0.025005890329612254,-0.021591837262946667,-0.031111100153976525,-0.02075335368951654,-0.036839769820792005,-0.025388580343378958,-0.018478894421758083,-0.04710419243327548,-0.0023832162312761897,-0.01165036697671993,-0.027540506756152588,0.01547586842333215,-0.0211966112351801,0.033955900904648936,-0.02586645918403096,-0.023212026261762688,0.009741634002781944
-0.017677354083008755,-0.028790628223084192,-0.039932739854040916,-0.012833968787346552,-0.015835623517920328,-0.016779364336404427,-0.011066476134011264,-0.026436371563529223,-0.03436428353213153,-0.0249345109166442,-0.020986696577686724,-0.0025228586158403256,-0.014128505360397113,-0.046749020418277915,-0.02418937421422953,-0.023465291104143648,-0.034035779001979835,-0.0616667922523117,-0.03045194029646021,-0.04003917965309192,-0.03606807103399535,-0.012407018515340859,-0.023809563006660768,-0.02805607090302641,-0.030485113603132608,-0.016576673633453536
0.02845783478465565,0.03303205695055631,0.05210146028672946,0.031307952391884886,0.030989170720160688,0.027699357959102347,0.06815879386384892,0.03186104755094395,0.04626347420533946,0.03872373001888496,0.030718281368995425,0.01690025521981131,0.03144880219637762,0.05528321863714639,0.037864450403052384,0.030175931595027967,0.044463020895068005,0.0065129834225843685,0.03596761057016611,0.0539164992462197,0.052174026096564186,0.023298275148686175,0.03616466252293552,0.032731990629762266,0.032433641272766364,0.038427894128755066
-0.0012207289428517345,0.0013664705265175796,-0.018310336513075873,0.003859171378090621,-0.0017339746102716296,-0.00479666251152008,-0.01333333599838819,-0.00035095025409739866,0.0014576881609131619,-0.002344611284449002,-0.005574686382501399,0.0050877236777569935,0.0015439855847838087,0.002112221341268805,0.0015747528082944975,-0.005153018730725484,0.008996148639645967,0.0347058363534666,-0.006357013237931416,-0.008204620241513505,-0.005259050247792893,0.0020088953700187246,0.05194808924917596,0.00024948790153268006,0.001199223981045913,5.2195860938584934e-05
0.07781626662098376,0.05431238527126648,0.08350971765128562,0.0676574449405152,0.07450281920642307,0.03167326465736643,0.050193089301193566,0.05580917380131216,0.03444911368709638,0.06580480868014052,0.07481663545212144,0.097806552814046,0.05703250863139095,0.04215850143991057,0.06551363759626573,0.08887646582331181,0.02292621187170585,0.02387712245048226,0.05413397128762357,0.06958635774062208,0.06545774110271822,0.0648251184541432,0.14814824927222514,0.05513994637060908,0.0565269679138378,0.06565777603908819
0.003212960354615341,0.017343883766497797,0.008998770296581391,0.008641467213784336,0.0059277348204750885,0.007830796574223992,0.0027573809539425268,0.016289879112232796,0.0,-0.005071596636179208,0.008626054587027391,0.012602993585965169,0.012030743675603991,0.02022655156133241,0.000491938034240979,0.0110166644226576,0.0027238127887484424,0.028317540957405917,0.01633975348291123,0.01501370077325941,0.020794297600065084,0.006485311086865251,0.003360179894471744,0.016788794715455448,0.015416056085052475,0.014300788881107187
0.023360847807913702,0.007379049010099488,0.008142588906235017,0.027843818485871887,0.01892868219518565,0.049181183239820715,0.02108156569146869,0.00850500672486692,0.03424028947179722,0.03368799876569322,0.022076384917470385,0.024032741383342684,0.018732025651389917,0.019825590349452128,0.018190559214081647,0.022536040488771492,-0.0031044901567651296,0.0,0.018833375224246586,-0.01568788146217421,0.04374978845585166,0.020993632522061385,-0.018084284250026,0.005115957062869197,0.0031255981179614837,0.0
-0.015832169406517396,-0.020207002542191547,-0.023311046973571857,-0.020374932650105225,-0.02593754551467695,-0.0147275719223261,-0.02154401574010251,-0.01978591599507356,-0.014512516819093876,-0.021869666494990482,-0.016151087745325525,-0.013834143750624668,-0.011669100571139877,-0.011664057842710842,-0.010139706657606794,-0.017437753027911472,-0.003503281352198993,0.02098440409811045,-0.024346413134861574,-0.003643044389047136,-0.0012798348124243985,-0.017915278106166308,-0.026603042800561482,-0.015108997543952125,-0.015982192772599386,0.01110602556340875
0.015899866654224205,0.00928071383671566,0.0015754242091325949,0.015362671436802118,0.014533145522707425,0.01793719090321738,0.025688077987290385,0.010258066758509566,-0.0004602470072628668,0.02708117901002487,0.01859178434203827,0.03206394243194298,0.00393565124533188,0.017309270212519812,0.0058535744304834365,0.0239093272806715,-0.0028190530579322586,0.015612474394988534,0.017107316284976717,0.01907627174154052,0.0004447950271605325,0.019900383211977464,0.04835317686475365,0.009194076690131486,0.009076439446212134,0.01957980446869867
-0.017676251157463862,-0.004597756078276659,-0.008651351244009701,-0.017690791472484348,-0.016903750844573708,-0.02125021136626537,-0.005366687006332457,-0.0029478629936028123,-0.014732815443777818,-0.010051366852470336,-0.02330102782510797,-0.007766920406207494,-0.005702152519420917,-0.004253638974415058,-0.014064115800773163,-0.019980846739596023,-0.001569348559571668,-0.013809326203792436,-0.006842785088843549,-0.008562155745428788,-0.04913281329439145,-0.011788506522334987,-0.026069560721207943,-0.005372716294509496,-0.0017990180945138309,0.0
0.03280224443656782,0.03284588659925428,0.04482365081280936,0.03696677788348608,0.03583700214683408,0.018753878590728683,0.052158172564344865,0.031865941324300366,0.04158879053261993,0.022467005497315732,0.03658067993946452,0.010273756984116594,0.018638108903142853,0.03145611213001198,0.029021201984656176,0.03463539728339389,0.018860643398290355,0.0044915591776708815,0.03215426679237896,0.04090896484802542,0.07318225808076521,0.03558193714624305,0.07481128428687953,0.03264429761446665,0.0299617325970251,0.00491798719280841
-0.0027223468450229336,0.0168944946501988,0.020880871445180662,0.003427729963272902,0.013105108401065484,0.008162817789184894,0.0017094789802249008,0.016236815494671798,0.0013458601622466778,0.007394881716325103,-0.004603031141500376,0.010218235046137293,0.0010555461124264402,-0.0075301102106732935,0.0019118999320461684,-0.0009495887846467119,0.012340829841552995,0.007364513688936564,0.006230585569931072,0.014847004009794182,0.03420463901525915,-0.00019850939812882584,0.06832691016968323,0.016374912923248913,0.016622840054346683,0.004381255810266881
-0.017106454734574346,-0.010994536934741131,-0.045370224694710685,-0.023229329038547096,-0.027940834543428286,-0.0016693334620665125,-0.026450541587098798,-0.012844550713025692,-0.005376300823779172,-0.002307016538026476,-0.017919001702699246,-0.007717892463779129,-0.02073809860617836,-0.006069865477440182,-0.018129583328761988,-0.004277594963091875,-0.025523843118471272,0.0,-0.007076407934302852,-0.007314897689568826,-0.041921122725059184,-0.003774324254165008,-0.03646141856346128,-0.01409705855094359,-0.012693578892617291,-0.005522266349035675
-0.034993582849641665,-0.024950562495873883,-0.018309228251582408,-0.031242691811533375,-0.025017656259253947,-0.03448994126682355,-0.03856265828425173,-0.02665821110876869,-0.030180184822282286,-0.023334142067663984,-0.035118734808607936,-0.02367159437955447,-0.03517597360444555,-0.014885385275071097,-0.031584068203953215,-0.040811715342674935,-0.000781852815771912,-0.03342038679549937,-0.02271742810303232,-0.02687454644606945,-0.033201288119935266,-0.038484461503932865,-0.01736969164198565,-0.023150282169233767,-0.023752444937266696,0.0
-0.01745981633719364,-0.009374301955463495,0.0027778536901285392,-0.02623364268533524,-0.017288518579702518,-0.005412398252070959,-0.028258824569267694,-0.00847741717076576,0.0027866872609051017,-0.00860943951076232,-0.019113449726848523,0.004948182099784898,-0.014880713143536771,-0.012785719722299728,-0.009784412375433914,-0.016670746310021533,0.005868423599190245,0.002485199865100653,-0.001367268458009057,-0.01113601827613742,0.0050031864999890464,-0.012857934500768038,-0.02146464449021996,-0.009758351470124969,-0.00937497231989556,-0.036397589132711856
0.0023435161295510647,0.004347952088127948,-0.006331748690215318,0.010380844208208421,0.000555597532659962,0.0013059528573939256,0.0,0.004932693603409932,-0.014358343690225341,0.00021690909024258678,0.00787722851102158,-0.04066970193937497,-0.004154173420975179,-0.0023547764917360428,0.0032936257600871192,0.0,0.008168086273214803,-0.0008623738879320293,-0.0022821566674831673,-0.004504367456591547,-0.021271794397801202,-0.0010503403091332991,-0.009677469922847787,0.005865912882420092,0.005858385702591902,-0.006295477597957795
0.03039150578589245,0.02164498604076388,0.02668268743736557,0.034001946222076605,0.020729359745370584,0.019130392359266404,0.007504536585145014,0.02192402639250592,0.0,0.02170636265927294,0.03126284680052237,0.02648332913091769,0.01478946928082744,0.011014990135239908,0.024747672769521518,0.02327933063321198,0.023919829061325608,0.0,0.016468446153656748,0.035746328830997064,0.0,0.02523656772083328,0.03583062865408331,0.0221597845126175,0.020609608138120225,0.0014620182062931328
0.02249957002218501,0.006979209002157982,-0.0019394993686989636,0.03288373121871983,0.02248392279855444,0.013012107719698598,0.013035482913761352,0.007684896090245012,0.037123917721868516,0.012746706157390923,0.027921991304074717,0.012499964823588693,0.017563570794933453,0.007782008488300051,0.012814133619570442,0.02274991848772901,-0.009419705622486393,0.020442358837587743,0.006750750867155865,-0.0013104779268295526,0.009479824868025314,0.007384691782117521,0.061635168897463476,0.006618115226907041,0.008560050742259297,0.019464815160805327
-0.006471904350631786,-0.020544600809421533,-0.00816165208611837,0.004122892643945778,-0.00017732346008745732,-0.0016846605021758347,-0.01746334840895772,-0.020654576571739854,0.018577388427430182,-0.011537594058873538,-0.01552197983749396,0.012938505885050472,0.006610489872259055,-0.020077135559362615,-0.008272535225532623,-0.010396592728097395,-0.01977937700466656,0.02172422170323882,-0.01564604534828392,0.021434710010599232,0.027256198644896475,-0.0028507227442578914,-0.017772466561242112,-0.019950111844109882,-0.020892388313097376,0.013842367799629723
-0.012469670706810584,-0.012130518236260908,-0.018416968651266286,-0.018932679463318138,-0.016849862901808475,-0.01624131608127318,-0.020579832806343668,-0.028877314120279364,-0.029359477653832688,-0.011672082466423277,-0.010051308367434602,-0.025887404267983062,-0.02188999733743052,-0.01891272281246111,-0.004906527580561983,-0.009039679564333871,-0.023283008830662567,-0.055819989862334884,-0.009990971979522223,-0.06295490683494513,-0.039687967977480636,-0.020216518372149102,0.001809461144818704,-0.023826196453376827,-0.023783031086370747,0.0
-0.01451198850710266,-0.041954431807461334,0.006689000675800837,-0.01023001630982272,-0.005051308290636786,0.002787349266426066,-0.011461333846490144,-0.010562437273222298,0.0,-0.02770047175142223,-0.009954297221115741,0.018967875554711,-0.009324935265398245,-0.03453809948430942,-0.012820607717772738,-0.020463616236377515,-0.02781084961579303,-0.012796074633698851,-0.028898935856343844,-0.029707568135902036,-0.005209289010768615,0.006016578786534039,-0.04695966640217026,-0.010917221693723769,-0.013095934339035279,-0.012711782746258848
0.060683287502981687,0.06298668791413148,0.009196223128893006,0.0667969877146335,0.05663813560865065,0.03980353564873172,0.04927535497188766,0.046933809234881885,0.02268372393077991,0.061184190387842,0.06049898190182399,0.040710226517604066,0.05106138777879523,0.03349036516070785,0.04845150063904185,0.07072240961359312,0.06253483218198251,-0.0030846483904827084,0.057346340537241074,0.060926290440380726,0.04256832999341752,0.0506064370547744,0.051800356386702384,0.042697623323056134,0.04156939581178883,-0.02632029689402445
-0.0023584755548272467,-0.00818613969322874,0.010301109983844843,-0.007748593087761547,0.00034610966388221764,-0.009508113000732149,-0.011049835865160524,-0.00850789624402758,0.011743522522100057,-0.008832687614018873,-0.005525905274567746,0.004417650455419097,-0.015107962454977234,-0.004871970406819024,-0.011434004913511792,-0.004270392424269993,-0.010124592216987765,-0.023909855728075826,-0.002270703466148237,-0.013133763843447922,0.007669520040814824,-0.0005971446436654178,0.04804811101827725,-0.008375675838534501,-0.006502213068880225,0.0
0.031460306485200526,0.031209565703612926,0.04313728316253152,0.03659086548582785,0.030617574119549063,0.03151080052300215,0.03631283087619962,0.03135315152260991,0.026785730351646147,0.02779535579291329,0.03084868492225276,0.03764681184054736,0.0514975193343104,0.021623778391767386,0.034630008771494275,0.03240419866958946,0.02557041037402296,0.05579246481312866,0.02639952450806202,0.04222078042506983,0.04499689213275075,0.02708625909694616,0.03954140070213682,0.0305018241653981,0.03046707255230735,0.06872861686755806
0.009167783177774736,0.0017509657996567644,-0.002255663748205837,0.010977192374912478,0.005035149322126562,-0.006473750304903392,0.01168020093509487,0.0022400322730638327,0.013043393646302595,0.00598683890089981,0.0065057872740777135,-0.0018231734019296796,0.004515272224445321,0.009584600672619127,0.009868407513259894,0.007846725613694193,0.012274640879308235,-0.0006551772454975487,0.0,-0.004403013817037435,-0.006855378898325256,0.010277239791812026,-0.0391400049885392,0.0013661632653272652,0.0028471345339845717,0.011942997907793207
0.006988060168881543,0.01323352703623962,0.016955564430972733,0.0044709128318046005,0.00901805445588563,0.002239867410633839,0.006216697676997786,0.015006388090813581,0.00042910137677070734,0.009850286795376969,0.0077561833537276095,0.016620940658843338,0.02800843368665724,0.02768981654171268,-0.002792034574519589,0.0068697373144734975,0.004926099395423959,0.02949855512391962,0.019955865640700742,0.023882986709211653,0.026531555446579574,0.001343649011728215,-0.009179479780755605,0.015688952684494266,0.01528721764380942,0.011756712453020223
0.010409449623118442,-0.0004928640443054753,0.010374194852471149,0.009961869489973468,0.007116778076557411,0.00629824372827897,0.00970871358549345,-0.0006291472526902618,0.002145223689760148,0.0016256327946390992,0.01429348594696609,-0.006916917873209885,0.004709087643714693,0.01347201357104589,0.008866181135120247,0.011826121535247569,-0.004147760919570312,0.001963256493942544,-0.0026084925186919674,0.0004319804334124293,-0.004412688216597264,0.013992760172071435,0.01331782052035087,-0.002910008230896969,-0.00043016168169744765,-0.009915211131694121
0.02043260505656749,0.019970339828864984,0.026769234101127182,0.009443844565137263,0.01248976033275523,0.019987895031639818,0.04020977401310802,0.01983007951062651,0.012414200945385149,0.017853281700859303,0.019512193081123425,0.03799182444068238,0.006695721766119169,0.03152292621884137,0.01757633036995693,0.022027370479921045,0.01249526449390388,0.031350880296402116,0.013077486508622432,0.023747807199779782,0.029759482424899838,0.01965961665432299,0.0005714226016578673,0.021329082152596948,0.017860955275193952,0.0
0.0006731915517765647,0.0,0.006785890446535979,0.01060291818937676,0.0,0.005779858555852589,-0.014285655077822004,0.0015432226349380055,0.0,-0.008172060843870274,0.0014176910095400435,-0.004095826868007699,-0.00631859381152239,-0.004418213966813605,0.0045454525831665395,0.0026391297200316684,-0.01383703153807635,0.0,-0.0077456123664712065,0.004217683047388367,-0.002049611545638328,0.001483103947548523,0.014277676057196566,0.0010991059354636837,0.0010570107651554203,0.05764000863135407
-0.012107028497263202,-0.01063559321164747,-0.012061133173845492,-0.00843454041375199,-0.00973856329919058,-0.004683950385682568,0.0,-0.011710341623749992,0.0,-0.015876130878782882,-0.006724424527729554,-0.011638094867991056,-0.007028080650264499,-0.008505881237119883,-0.013122271356435549,-0.02127663159577766,-0.004550575817638754,0.0,-0.013876643056590324,-0.013859739818651028,-0.013966061110931365,-0.016105027642369162,-0.04335599575136935,-0.010759800885913249,-0.00971490324969708,0.0008568472812794883
0.01821280343389915,0.018079381693630298,0.011490226606043132,0.0180499020424598,-0.0006557576382956744,-0.002451855006407891,0.02557544002000331,0.017461787672852506,0.00084568151228806,0.013477643093006978,0.012471096005564598,-0.0007967950360797955,0.0037073416486595647,0.012308762450758666,0.013755250428460515,0.016584673141693082,0.01714288276374019,0.0021054059323864045,0.010993893542789242,0.00638835526218695,-0.009581224268473259,-0.005079974689418615,0.005885962164557836,0.017092129221089644,0.013862362532473277,-0.03339033824502589
-0.008024010743672988,-0.01583871479543526,-0.0007100708720942661,0.0006112107454693835,-0.009840933793250958,-0.011694712801277695,0.014131366237057857,-0.014710367787861632,0.013519336595197304,-0.013097071204312402,-0.009150130589939938,-0.0007530784487365152,0.0013431480335964346,-0.004789982656205542,-0.01628225658147163,-0.016755042283824753,-0.020599374902566886,0.0,-0.010004354497354906,-0.0021158877121971046,0.0016824582034709276,-0.0009455609589334182,-0.029842111856156307,-0.014185966087698,-0.012410640188836532,0.05092993942035645
-0.0020223178443010107,-0.015362046636195009,-0.018827739587896387,-0.007739099147333028,-0.008116554287851015,-0.004211830631578596,0.0,-0.017418435938286576,-0.0237598916831976,-0.01000393710435318,-0.006748457243938346,-0.009088852565855251,-0.019785393259809225,-0.007774908894652033,-0.002298752645646952,-0.0022419721374336912,0.0007649404673193643,0.0,-0.018892761343289103,-0.022476752612793537,-0.025194203830750262,0.00018926301100214332,-0.014475262314953516,-0.022138661350246062,-0.02215125126226281,-0.045090505325357466
0.02347178359023137,0.029717788965399963,0.04170497446706418,0.022577939842571462,0.028223109242828923,0.029587197667055407,0.004917996830400575,0.029756291868849358,0.026900032894061704,0.026809705266406438,0.030752787940204723,0.03131987854733494,0.030448339840104893,0.03171639959006713,0.02350208847151658,0.026966276294485857,0.018341605674308224,0.02263161959516244,0.019256571146245183,0.02429508927579695,0.048209299956764366,0.024034790929896032,-0.023255787093766172,0.035681433648755034,0.034959972134134494,0.018270055124883156
-0.0014848139265958556,-0.002404951287466287,-0.008050314623300105,0.005620164518513011,-0.009745033563143185,-0.008979093800923174,-0.008156633101810985,-0.0015370555069532837,0.0,-0.011247360042003694,-0.0034691508020714924,-0.014750581016769215,0.00912658656498019,-0.0032430494765201628,-0.00675371268182117,-0.001969484534542069,-0.01050662995124545,0.0,0.005645583832244627,0.011467919067579732,0.00889334696841212,0.004435490350136971,0.013157830556875572,-0.0013190103011030668,-0.0006350324099652573,0.0028601838968084978
0.003800277270340807,-0.0065093752402093285,0.0010584155461956343,0.009580897589658906,0.018668508783452227,0.00019735305343951615,0.01973695792424484,-0.008004901120162595,0.0029107002867831398,-0.004493023633484693,0.0052218782022849025,0.011908468137208944,-0.010241264836414098,-0.010200535692513396,0.005439880584580376,0.005261964136620246,-0.003304358423145187,0.0,-0.009251179250967152,-0.002118716125218716,0.001434924763799634,0.0005519879565126003,-0.022263437436925868,-0.006383687693944461,-0.0076254336426209825,0.021299837863171824
-0.02666660261671337,-0.015530079191116266,-0.008107104676962318,-0.029853682071957394,-0.0176585343196917,-0.0232878730327658,-0.01935495008871796,-0.013035404174232513,-0.01575467145401824,-0.011312299309000386,-0.028225059532748183,-0.01517817828918698,-0.025033371635297275,-0.012145782225102836,-0.017132658372942252,-0.022028398912095373,-0.0019134506166662165,0.0,-0.01289453254363945,-0.01188952022777647,-0.014738770445515276,-0.01563082865275464,-0.013282593712944366,-0.015064069624412675,-0.014941357620589712,-0.03873193441378008
0.012345676372765171,0.012570896413553702,0.004975065263317523,0.012634960784329371,0.0044940180450918224,0.010123259202962226,0.012335652637963004,0.013207570189816314,0.006739758647056792,0.010817642309163886,0.009978523014817452,0.01826296524238058,0.0047929819289319825,0.008569467196830494,0.0169725971715824,0.01895639510411627,0.00383439391493917,-0.004887291793766048,0.004954987258033804,0.006875861486210119,0.003324204029168052,0.014384488238715694,0.01923064127592846,0.012145676024689887,0.01170076483573537,0.0
-0.016705670947252324,-0.00900687756516997,-0.002828778242233066,-0.016502350338489482,-0.017398549459618346,-0.009821697098907416,-0.020308755482635082,-0.007759220208183691,-0.001255341781956078,-0.022432756626635485,-0.007762834593244771,-0.03499564252941695,-0.02555354373811141,-0.00628003918407873,-0.015336042205281663,-0.017509316929441267,-0.018334609212376656,-0.030582423916953882,-0.006723610858533353,0.0004266874050927253,-0.013046166500464576,-0.01657455492144581,-0.006918166630205715,-0.008888923530830324,-0.008995296994329305,0.0261524985284678
-0.020727139910932918,-0.021862023790004285,-0.030851110822442167,-0.018006953310608042,-0.013490884893395142,-0.01575766106092426,-0.033996739310417315,-0.023772159545904385,-0.0268118566013144,-0.023999935505893827,-0.03076105568023548,-0.027198659795245075,-0.011538663435459026,-0.01933098457000049,-0.027485148082179403,-0.026732094487679898,-0.03560313662591637,0.0,-0.01624554164272983,-0.017918019860999387,-0.015106936544924022,-0.016666737659820713,0.003166527762246373,-0.021076028661992503,-0.021828492143543158,-0.02151189614180821
-0.03313678299927042,-0.0007532464875667247,0.0032930151722997,-0.022712947629816155,-0.019658050995680125,-0.02955672457463159,-0.0008583178375543251,-0.004165352303843318,-0.016788577499048645,-0.028904239117169106,-0.027701183630364272,-0.05871390260607101,-0.026529769025430545,-0.016679257628377176,-0.01978344646015916,-0.03707928006174878,0.014726577727974597,-0.0367701265041325,-0.01100916151078315,0.010860111837307352,0.01555173512712959,-0.04589604167064769,0.059974862414573865,-0.0006872341629351497,-0.0015466114441081214,0.015406940656165597
0.0003589712412409393,-0.010052909883657687,0.008388062745562027,-0.0002133742135423442,-0.0006974515226499602,0.002749819634769306,0.012886639064031024,-0.01029607477988207,0.0030648080943440465,-0.00022206115726000083,-0.005471847089438492,0.0,-0.00799414432852502,-0.0038550701884227843,0.007688497421244851,0.0026146085597794537,0.011530817055778131,0.0,-0.014378307393865072,-0.023635776787976945,-0.015733120471538676,0.0011977752020966245,-0.01310317953020899,-0.011689220554568202,-0.00907264541347568,0.0
0.014529159296765575,0.012947589732158498,0.0065099615335714655,0.020899941401569318,0.011690936565363744,0.0029317611192442358,0.013570812086801337,0.013979261702682388,0.018769022157071626,0.010219879118661705,0.015367131214431522,0.024752596544193317,0.017216202002261132,0.00270906409119276,0.01859830577263644,0.015410260395804988,0.00786171376513041,0.011332840451399744,0.007999888368381908,0.014084720002661262,0.0319692164772955,0.016746291083672288,0.0681956035199688,0.012987142533122671,0.013175551929968674,-0.05938857658522559
0.0010607935868536345,-0.0017542635862513672,-0.0014371834297450098,0.0025068602124837113,0.008796026724747873,-0.002082099665874981,-0.007531457249647835,0.0003205909643036598,0.0017138274454068147,-0.0013194809560114252,0.003923830723008602,-0.018405822560437785,-0.002520759170403965,-0.0015438768932336624,-0.008426981973821376,-0.0025683130159263245,-0.012480488014427466,-0.015923968097649833,-0.002334138572148222,0.010416679979330115,0.0008260794346797793,-0.0031372843249889587,-0.0016949640475701388,-0.0002290386479084189,0.00022037867211970277,0.0
0.015365710084994537,0.03163428638019989,0.035984106134807355,0.012919395942912134,0.019832602118498487,0.004214925822795968,0.011804475799962041,0.031089707980960713,0.005560273512776254,0.027306834454087846,0.021961662890791274,0.01678216883340296,0.02202157941517304,0.02029390223371898,0.025967732605515832,0.028089947692783702,0.025276438314283625,-0.004031726179716495,0.023397275252854587,0.039518950328738985,0.027239033644699696,0.02655391964386009,0.036219468635250884,0.03160069675925612,0.031511629580493986,0.02241745079601662
-0.028178961180395187,-0.013871895101842292,-0.015283185495415881,-0.026949194533458672,-0.02766132468686851,-0.020545573760473987,-0.047499957150917364,-0.02486793086361075,-0.007656411587695219,-0.01757778559361534,-0.03259881289441453,-0.02904154316305878,-0.0264923571847466,-0.021026843887236576,-0.02346993745905216,-0.025273278420106744,0.007318915123191995,0.0,-0.007316164805301286,-0.013636402760989146,-0.04479716798690209,-0.03410613460413473,-0.051884064674321294,-0.0144283213616771,-0.01666319213390291,0.01084982909364404
-0.029174801881538787,-0.010612136450318057,-0.018300361497211568,-0.03446087749206636,-0.0222415060425121,-0.3871997698437604,-0.020997403762052398,0.009150575992387094,-0.029575561741675426,-0.007855177918888174,-0.029367519253229207,-0.01969090990882829,-0.01596516090954353,-0.01238391792437205,-0.015551184048975115,-0.027797394578691282,0.00535375068962701,-0.015536278965284906,-0.0032242643862525878,-0.007121987827885286,0.010947571493682228,-0.004031265697960226,-0.02476973206142719,-0.009684846474584834,-0.009993380536377465,-0.04919506239366715
0.024485559619377702,0.014234952746783113,-0.011199397196921786,0.030604789440880725,0.016779176144280275,0.3866452527935481,0.0008936015819815041,0.005427862411462838,0.0246610372337248,0.017044278211014726,0.028311731283232982,0.03538145763688233,0.012331971748373504,0.007688404723888829,0.015318307579540918,0.034154978248087366,0.0022822128315179496,0.0,0.015320629539165609,0.013326531590784127,0.0036048481282332213,0.009869048300790864,0.027210411356805016,0.013348240361757555,0.015415433200519775,0.015451711915294028
0.02912788403054656,0.021107460631110492,0.03142117904352745,0.025518930396243204,0.02877075733581072,0.020625959206397648,0.04070431901905319,0.02159413889927577,0.02230000565589623,0.014763346051718137,0.0275019705197967,0.005958556293942194,0.02869750659108885,0.02343751467685101,0.03147714406885735,0.026855011119488303,0.014041831561580714,0.03411874410752243,0.023853195749458628,0.0213211812166896,0.039298533982297934,0.02532910741654929,0.04115222736896082,0.02444542208489789,0.023757701210078228,0.03536506693989687
0.02193520211166109,0.011916395923676208,0.017711586147650102,0.02741476291394767,0.018983067304097538,0.009109344492415891,0.02787470875691877,0.013055626456669195,0.017964055519496997,0.006204405312659329,0.023605888609042155,0.016781855820432942,0.02539340752069415,0.00992360640328019,0.009233642721229595,0.01904110257691158,0.004865180432609258,0.037614207722678684,0.007616599617975963,0.013917281962315791,0.036999343574303706,0.0153665648737594,0.039525658484114636,0.011268279883538124,0.011709559294968171,0.02786526641165554
-0.005366049099789082,-0.004566310685295729,-0.0020882918946581405,-0.004105200463507322,-0.0059880875645159,-0.000668693258649366,0.017796601262308188,-0.003988936715513908,-0.013445439366350877,-0.0021262893541225372,-0.00871619233341092,-0.0067964075582698565,-0.002790243388340586,0.0037792855766966968,-0.00640444729148154,-0.0054029431455937275,-0.0014897424456923054,-0.04148109232667175,-0.008003560527765182,-0.009285372081218874,-0.01254656578815057,-0.0024903881460292803,-0.0027157205918560256,-0.003714356381163256,-0.004629772532050544,0.0
0.02627916041924121,0.014244364149472876,0.016044620037977506,0.02390766805473311,0.019411090097240444,0.014051533594321534,0.012489536690192274,0.013247091566099016,0.0204430022284339,0.025356979552997736,0.031690824935579995,0.025904403098750462,0.015040145458442697,0.019201991592181885,0.026703444244574853,0.025803519256945448,0.00335695940308042,0.026581649985914918,0.012550323042644638,0.013447365610333476,0.013301738097110534,0.02189356586269013,0.0430281957730249,0.012500086005700484,0.013742234937687534,0.0
0.009835531014955549,0.003332647752555771,-0.002403065656209252,0.00583735936369968,0.008371556148490724,0.0013197370870460714,-0.005756576431090896,0.0039524882860044455,0.004590944465257177,0.0037405774390474205,0.01278410032096758,0.01176769353870171,0.016540389815490282,0.006649434462214124,-0.007623315255246298,0.010150092986175148,0.0011153056849535128,0.0,0.006197382370553001,0.003216778629279647,0.0111675811677235,0.0073295291405169735,0.014099265378101685,0.005198105632518575,0.005005030789733147,0.02361172413352406
0.011251113920595352,0.004033102730633042,0.0051617687399525035,0.0052031996181101225,0.011069488938934145,0.017462881440957298,0.045492171115334684,0.003028574908253813,0.010801891099887226,0.008074504195972125,0.01157087386673406,-0.0038613911560773095,0.009491479358152949,0.00770634877719781,0.014911992011158,0.012014066131689516,0.011882647731346022,0.0,0.0030797489776041853,0.0024048372239789603,0.006975516557880101,0.01100745643756918,-0.012873352683917769,0.002585601070952581,0.0043579553235069,0.008970398997368142
0.006144029673356011,0.006380033998318222,0.012666935779869241,0.013338596837147963,0.002737048078928405,0.0019430310196496227,0.003164532121530125,0.0039251991089389844,0.009042254579256238,0.006777709228923696,0.002253082253994872,0.021744439987253877,0.0050369796742370816,0.003714432160096307,0.002671439088313977,0.004964454584216557,0.015045863612228969,0.0,0.009649037308007891,0.011195461792983363,0.010198089067728908,0.005536115739756722,0.04121016729742611,0.0073071253472241655,0.005165306089904206,0.011854397055192284
0.0070969108228925454,-0.001174050617690581,0.00574715721340866,0.0049116315783688325,0.0035324613673753686,0.010342611490832706,0.009463729854107551,0.0006014427287736525,-0.005702458267231358,0.0010198469293808642,0.00760840565236023,0.01179729058538836,0.014366923433295438,0.004281331601049859,-0.005328689424658405,0.003436286709429143,0.0021691747351030408,0.0,-0.004344040540605555,-0.008699133415331824,0.0007618792613835079,0.0073407064085877815,-0.0025048881646650297,-0.002346697142392426,-0.0010279343702873523,0.002510437313749943
-0.010980069542767257,0.003761185408174207,-0.0023529848181366797,-0.01231675166429412,-0.009919972193941095,-0.0108765518365574,0.01015629157082627,0.004809029013611152,0.006554526841787144,-0.007744030344261453,-0.01321434058852248,-0.0018290058296033468,-0.011857854471088449,-0.005057878925498321,-0.0017856366603464255,-0.007277356427849572,0.011544074733422649,0.0,-0.003054076546588718,0.013163121975981752,0.000380670278806484,-0.006194251791326765,-0.039678495923688335,0.0042770105960877,0.003497983842356093,-0.000417202067455712
0.003479761587262393,-0.0016392496861104395,-0.015498662723110757,0.003562979474783415,-0.006140894876937764,-0.0006145757938861008,0.006960542007846219,-0.0011965032346325606,0.0,-0.0014375229082880742,0.005391369780583172,-0.016124511551448402,0.005666659916674375,0.0014524386802503711,-0.004025103066636654,-0.004959012043665094,0.006775999463821786,0.0,-0.004814033236613114,-0.0062991857274276005,-0.005327273339994067,-0.00769928230017715,-0.05962362119602883,-0.000638721965406515,-0.00020506809672842056,-0.005010562634721244
0.03929986507135063,0.02205025235688833,0.0242983853743759,0.038461495068388286,0.04065034668750867,0.02941661677037128,0.02688170762684953,0.02156345667014464,0.021164059444719927,0.033525267518353684,0.04065037171154066,0.04665223465107377,0.030162410456633364,0.03226971436644697,0.02290084644332802,0.0390032328303655,0.00920999999495397,0.020156912434513025,0.03386100309419684,0.028526177137476925,0.03462124433680301,0.035839679518267616,0.023915440889849805,0.022373590656397973,0.02050859717781556,0.0440620894371223
0.005878577438465923,0.0011474020153181773,-0.006321991728121075,0.007027502336084194,0.002812487769089793,-0.0031436633051062906,0.009723300695062607,0.0005862788429241169,0.002391388816382397,0.005970070606100059,0.008144955108915348,0.016459187854569277,0.0,0.008078739151115273,0.003511882943839535,0.007090767165560809,-0.0003509967031380683,0.0,-0.010633660964192469,-0.006548583757410189,-0.0035567805326296243,-0.0010701847105779544,-0.03367722893726372,-0.0025011059489200753,-0.0006028375517855179,0.0056270677948131705
-0.005844221728467561,0.0,-0.004712190362713094,-0.009619045364195365,0.004362695910616025,0.0056764189061741495,-0.017037094086768102,-0.0005859353214418336,-0.0007952556247694418,-0.008110713088917077,-0.010552432966892272,-0.007439995057365358,0.007864223320870068,0.0034843167064084806,-0.004374353869652322,-0.010354175850063627,-0.0017555639989160676,0.013206629535002028,0.013855586479027323,0.005813032036285202,0.006509152948864097,-0.0046419098765469475,0.006745306242727013,0.002589932700238924,0.0022204189614200513,0.004236552712274795
0.003177507464501761,-0.004355824163682079,-0.011498208680983814,0.0017139361771490033,-0.0048107493274970456,-0.0015678062893495276,0.0030143723009537163,-0.00527718786432413,0.004775206525528849,0.00017576774283043422,0.003999348076037044,-0.006834038741974993,-0.018298569987986627,0.005208487480746019,0.006151011258071585,0.0014647676416437538,0.017006619879049337,0.0,-0.008514165239513784,-0.008517358889290394,-0.012564573596739688,0.001255498533033032,0.008375188231899571,-0.005018002481483865,-0.00483099595228602,-0.004218680051858873
-0.005543157011422131,-0.004374662677873224,-0.011289748313102263,-0.0028516595287850647,-0.004223301582777001,-0.004397021111053477,-0.00826459179984278,-0.0038313704798104134,-0.004356479959554401,0.003399843432923735,-0.0049791806788308975,-0.0038624364251029658,0.0009810177646730118,0.0003452212395573873,-0.009607024553865029,-0.004596834732472823,-0.00034863568443715867,0.0,0.00386424293549309,-0.003514226073515128,-0.0039295964275474,-0.0035828827723766773,-0.02768548735454747,-0.0042024351749402325,-0.0034385025971662127,0.0023979778004262413
0.0015925823676651526,0.006475402708966732,0.0121107824785459,-0.005338402819261145,-0.005812210315371878,-0.004984247995418406,0.011363744023043326,0.004733683699313821,-0.0039776519433510436,0.00438511787344373,0.0010007465719237929,0.012567863656444684,-0.005227013082498695,0.009668582907308666,0.00176363771965235,0.003358651662312661,-0.003139132291058287,0.0,-0.002566414954150749,-0.00039174770718657597,0.006011695777486697,0.000539393244397426,-0.02220949831791518,0.005697368422524654,0.005480009195126686,-0.018739929520446997
0.02098909163048599,0.02389712018998243,0.017435858117568457,0.030285663183441888,0.008690229318876776,0.021812126252981644,0.009737712487227962,0.024735047111182896,0.01757181267067426,0.022028243780003037,0.02132982753583306,0.006162097292034799,0.008866923460699295,0.016757871550176013,0.018485847082288776,0.018828442994336385,0.027361688945780508,0.027596728812342226,0.022727347554097558,0.03018428134734993,0.010270669819813494,0.015813067630480484,-0.005824096795658071,0.02454891868520156,0.023415459413437475,0.028850031100128987
0.0009343201602776039,0.019748576088605075,0.0020161473489431077,0.010046414101116213,0.004699195027459027,0.009215105838682128,0.0007418723536391643,0.01925285621304558,0.009419185068968416,0.014951497080644612,0.0037526514514999686,-0.01312336139719361,-0.0016276357815371775,0.011133578644378313,0.005877347634052957,0.0032853742872110433,0.023091125131203503,0.01922512718089207,0.01844878311139406,0.01522061169808298,-0.007024036263461594,0.00919869959428245,0.002929107805211444,0.0194553726238891,0.019723857507113404,0.011453439581823658
0.02598437275853013,0.0013203859344243125,0.01341379728057279,0.02449816183136689,0.009354616766855662,0.012420445433950732,0.024462642783663918,0.0028193836308471024,0.009331210591170976,0.005165348825134247,0.02486993461061691,0.04122317619348924,0.0313009681006959,0.021256768898691547,0.021653277257566026,0.02230869534261092,0.0016644946906979956,0.0014584333131094898,-0.0008235706003770683,-0.0044977578102655645,0.012286076717626509,0.014548654182929404,0.008177602843042833,0.001205193814379056,0.0005802167525751138,0.02459969889973011
0.007279263476553531,0.009450634155394171,0.006949155522283661,0.0046745722926972285,0.006950885046958,0.0017916800048739692,0.003617953990107229,0.008996112660154381,0.0007704422161893407,0.0019034227224850216,0.008723177255408384,-0.02281800712580424,0.012013776381162612,0.010423460607453715,-0.0027754260279610624,-0.00220231046997112,-0.004652719755091068,0.01796119852056146,0.013597108002428674,0.006777057467912932,0.0007354708273658395,-0.00017277730639639802,0.013904932816475722,0.008828094403099885,0.008892377098144997,0.004573128933757035
0.01204449392401945,0.002830361231802458,0.0059150616854367144,0.01646390304077787,0.006596164665870915,0.007850723181652612,0.015140583951265512,0.0016718693859697395,0.0127020471497653,0.008358673983689656,0.01635223441883342,0.028012552313756427,0.022180804263456963,0.005738158705913905,0.014168818026563845,0.012038490723899054,0.010684447040884785,0.0,0.0008130604874186388,0.0003740362004911071,0.009004060202447406,0.008812820235431822,0.007428525958967202,0.0025857331249734988,0.002682571484560168,0.015212415832500326
0.008330831749547686,0.013243547319202973,0.007513970024505144,0.007218201500573814,0.00655275955365687,0.010556749939719813,0.029119272981971905,0.013630006596806457,-0.002280499761672133,0.012057266894933649,0.0064975525610366704,0.00351732372367635,0.01558677510754099,0.024745134319853916,-0.002079085259828922,0.0021809372664582465,0.012884056098526615,0.0,0.001624668145202893,0.008972016322696567,0.0056455633147390145,0.005823954624478392,-0.022688672547029512,0.013489220547804373,0.01356765544687366,-0.0011583738221876078
0.001032750299707386,-0.010499206969333092,0.0165369275625336,-0.004719481847202039,-0.012566115681017368,-0.004464204570332684,0.013802586022491237,-0.009604809559044244,0.008380998316797336,-0.01154149264272317,-0.0030740620118140105,0.0008445799178455338,-0.003912426196466946,0.0007506876262167563,-0.0024998912778452487,-0.002967340334189824,-0.015329400349433737,0.0,-0.010543411053275484,-0.010374361047561393,-0.006157209571932036,-0.008855556102516121,-0.007544867454596945,-0.01135253743883402,-0.01112368676664064,0.009427691869117705
-0.00987465815990875,-0.0004331896472791768,-0.022647516171066803,-0.005444264188066475,0.0024530484631893907,-0.011958294150012393,-0.010891748783895672,-0.013300018113023736,-0.003777831986402669,-0.0007531630414829687,-0.009404862578230576,-0.013080186527819173,-0.012386502950807409,-0.005125882849125954,-0.0035088197057750923,-0.008928577580237665,0.0052997379600197726,0.011301956265548736,0.0008197249143945668,-0.001123085497404393,0.002368789252807753,-0.01134022404122892,-0.0023391617959711464,0.0007920115367756103,0.000572000102697657,-0.016381206481667798
0.009526539370617829,-0.014298039927158624,0.013198563305812669,0.013773603260363265,0.006424105578579129,0.006656722868451903,0.019270538177633547,0.01198806783649349,-0.0003792515009263196,0.008857803722487645,0.01416354050800105,0.0047028505669165135,-0.0033647823076630307,0.015080141188320524,0.008551355871959019,0.0034033524010220664,0.0011531987147808825,-0.012586143249673422,-0.015151604387941171,-0.018365786959644203,-0.003740701046836458,0.016607942933676918,-0.01172329914071552,-0.011671640530836651,-0.01162361981914521,0.019592975340434183
-0.0012352833306375813,0.016680508273691545,-0.0019442777431998288,-0.0008580807421968407,-0.0028875315132100587,0.0062531745444996175,-0.013504422476441662,0.002248349909022685,0.012611723095317356,-0.004857041834841094,-0.0009370494490562712,-0.014042601662650492,0.008280925434163882,-0.021197676815949473,0.001662524757011076,0.005606678785413646,-0.02583503959267933,0.0060605467834768,0.02160323061049397,0.027123351724153262,0.009939168318765807,0.002238746537694701,0.03855268688839682,0.012299697195032438,0.01271492185814012,-0.004434662405144576
-0.0068198501946251065,-0.00438695236162145,-0.0009740495727950737,-0.010145152099589523,-0.005161814568535664,-0.0051143452642251576,0.01711153977188471,-0.007010633873972806,-0.0018874537719752351,-0.0037143688510511115,-0.00694002138398024,0.012068126285790074,-0.0073416153969408015,0.0011723499739535075,-0.009958592136095377,-0.006195056368943672,-0.0010407448736845836,0.018837234172064045,-0.003312784603024933,-0.005285023184927554,-0.006743158643008789,-0.008075696922290284,0.0662478365797051,-0.004597262633778337,-0.004810543141185047,-0.0011547362509414301
0.048962593744361994,0.02930164185686467,0.03639903609850243,0.05283617272893279,0.04057393916208121,0.02902928627713256,0.039030999300663116,0.03078224359864195,0.023827478416610082,0.03545713445806643,0.0500077405837421,0.04164148454246521,0.04345150193495845,0.031426968180012914,0.050144543599534165,0.05147806990399163,0.016926216596564073,0.008916035181625866,0.027835529788990458,0.028842565231041575,0.04238544239086232,0.041572909233875965,0.0396359151922995,0.029518196625024317,0.029195622255833706,0.05024354062920538
0.0034155163389905227,0.0042807580373849475,0.005017248947189995,0.007217155797977858,-0.0007410159205333827,0.004113945724598217,-0.004533676718841419,0.002739592132859854,0.0,0.005859553178902628,0.00221865389902688,0.011592972372803887,0.003839361309380915,0.013501159315146331,0.0,0.005163428346195641,-0.00432756832166151,0.006976797257915365,0.00485062943341029,0.004057508705213452,0.00968128124017159,0.0036586572563010525,0.039670192610140514,0.0039009581401535922,0.0035693489549565274,0.008498516775462801
0.0026946030855919977,0.004262511258057575,0.01903274712261993,-0.002166250932530233,0.004450886724155578,0.002604631024326026,0.011060521700772671,0.005191503114039112,0.005541116632642382,-0.00036395320734102063,0.004132206023105175,-0.002773349675890318,-0.003236455764834321,0.00650914992129435,0.004012789120899447,0.0036149248442883405,-0.008692822555789277,0.0,0.0008042863231949433,-0.0007347831833963367,-0.0005229588791067133,0.0019884916946591533,0.04707625031693666,0.003302835081847144,0.0037440028638441813,0.006320229251743399
0.006930592208349483,0.007640135039400486,-0.005817346904633468,0.009185008114678062,0.005908435088607676,0.0070055850651164035,-0.009009004814827607,0.008426027101001338,0.008449823175065423,0.00692021173686781,0.006025663435223592,0.0007361157546841643,0.0026565846533517204,0.01669432329057569,0.0055954181785079285,0.004739267408744939,0.013490812693270812,0.02771355485766624,0.007234810345923399,0.011397083297764109,0.0015697911394975492,0.002480466102953943,0.04070049932004216,0.008326919241746696,0.008205900662406241,0.0008025270372719539
-0.02739140889516636,-0.022114507543981227,-0.014167179857530219,-0.02730432049162488,-0.014831330451699131,-0.013594657908828687,-0.006493522617902538,-0.021832781202571303,-0.015664874811050746,-0.011032584308123131,-0.025711981782482164,-0.020433184836412648,-0.029437739126888095,-0.005029652201699942,-0.01828291188661019,-0.024150868193265455,-0.01896845465962117,-0.02031458034395034,-0.01915395331683822,-0.024354861765329455,-0.022117696533187996,-0.014846539727730328,-0.03228738365820793,-0.021893649461611344,-0.02127272340659379,-0.01858235598514779
0.013287188560526408,0.005168990082119407,0.0056233474442331935,0.01207894249154753,0.003428474760119505,0.006758745399178692,0.024182985917441467,0.005235506223728076,0.011472941612408449,0.0085953173280733,0.0388363435614178,0.017939080379537918,0.01364893444579792,0.003865617122933636,0.012550584550107392,0.01682127893350578,0.00647896550793606,0.04238921457980202,0.005288776091340013,0.007824138575283865,0.008904844158297483,0.007535149364925716,0.007518788432239628,0.005497602830766283,0.003968990797264591,0.018472480309157525
0.027365918001766056,0.01414190764871309,0.014290219056110725,0.02891241938258517,0.0234699838602893,0.011675420642124758,0.0165922826092477,0.014802694495701962,0.01829495169312428,0.01976441578407945,0.0025982017535089,0.02377046960910002,0.018252375971209267,0.02132699429201961,0.024790122705868358,0.027381612960464437,0.008055068887592077,-0.011970770746258585,0.016187806306905358,0.01663589503780261,0.012356455121074418,0.0234336413929582,0.02798505645585824,0.01405985638528919,0.014307274710007725,0.02396233022378598
0.004855600226593046,0.00485952531666204,0.0061256163903487095,-0.0013069664062996722,0.002322174799279956,0.006635894570459944,0.016321342372083457,0.005402445443771207,-0.0053899077822184465,0.008356990286919006,0.0035990466338543647,0.004203421367455651,0.005583297098716294,-0.0008701403810291678,0.0003901343642535434,0.006662975133079765,0.006352312410876063,0.0,0.0043806550354906285,0.008727311712378635,0.005056662102534494,0.005034096926288928,0.08529947843055961,0.005199298674075293,0.0051967032208200216,0.006233659451178581
-0.006627089875686386,0.0050462647007302065,-0.006697185545749064,-0.006379888436396198,-0.003330378946564445,0.0022929917665692693,0.0067943601040220325,0.004298900064954163,-0.00036126192434286097,0.003879412997275996,-0.0071726214986754825,0.001474941952099819,-0.00526004005141311,0.004528486782909882,-0.0070203283550588184,-0.004780208064278599,-0.004983299618586556,-0.033184902674703524,0.005947665884313147,0.005407301154359774,-0.01040939369311142,-0.0072710177202648454,0.05267560395575627,0.005555593839313286,0.006093072981572226,-0.0013541314613461713
0.016261379522348258,0.010250996788936793,0.019000827252808283,0.014981972709430256,0.0008716272112678301,-0.0005720109804418488,0.03865035159999671,0.009363142846301936,0.006505327201212524,0.010714982229230344,0.02008403592902611,0.019823312647789647,0.009694332676971578,0.029301243670182876,0.02160254317827249,0.015702885764874875,0.012353865091892052,0.02510943326998857,0.003941555147500573,0.006812406276997901,0.0098176108679321,0.003906292326276546,0.015885582314731347,0.00876349352473052,0.009359467950986735,0.01999994253347695
-0.0027352963972894907,0.0035204180516535915,-0.012631510746530948,0.0025952432534040626,-0.002322496467929841,0.0042917477447053974,0.01712925127791761,0.0042406814150728715,0.0007181506627401325,-0.000695302509400977,-0.003257750930705288,-0.002458968826116175,-0.016002234482782894,-0.008422087754426875,-0.0023067275258258943,-0.004910931435194262,0.006266547030228899,0.03014743830866232,-0.009030134892603498,-0.011752114382229532,-0.00902777685895778,0.0014591343416952539,-0.018373700613410145,-0.002077355789994788,-0.002909033691956822,0.0006647070169335765
-0.009599447250596678,-0.002269947836919232,0.0002820884317087021,-0.007118620936487037,-0.025171046588377963,-0.012535498436157163,-0.0029036078188424087,-0.0015833826727442116,-0.013276085352167354,-0.017565079281339442,-0.011084527014712728,-0.013577638538785023,-0.0029524968991171767,-0.01935427820145041,-0.006165775813908202,-0.01261184912298533,0.004916398619040855,-0.004811962960808192,0.004915451016698027,0.007822846525555604,-0.0049610003351048685,-0.010684778730684713,0.028673825409367908,0.003155794206984904,0.003403285174802271,-0.017270020506928378
0.01855433547206954,0.003929702308471387,0.012292446698259723,0.023138316042881142,0.02521332366818445,0.01904212832476327,0.04892251911955737,0.00396502256318871,0.02800011351065913,0.012984332899920688,0.022848180373450763,0.01880950496174571,0.01489434286113599,0.015331116423834818,0.018999678523323286,0.017400942271419202,0.011668387029390236,0.0,-0.000795594422600258,0.0010814920255910415,0.0076294421806793935,0.012436621408764377,0.05149049856436093,0.0036046766185002296,0.004019769112514881,0.01999305596539865
0.02283840500765718,0.016687130424344342,0.023072271968565337,0.019589083861479832,0.02417308783653794,0.01766700834841545,-0.00832861281815131,0.016061048244108974,0.01662538866412517,0.020620398964891817,0.01994955045005897,0.021151625841167056,0.018784850954437275,0.011196519109856943,0.016362195702019015,0.022015970583225783,0.011337759757361487,0.03380221486384348,0.015525458406665225,0.01584443004452511,0.0294065892498466,0.02634551766154069,0.003681875710040039,0.017769257839262132,0.01892630426093788,0.020923198401667502
-0.004917503113986814,-0.004457833008670464,-0.00682500356381454,-0.004061128579381111,-0.0030407732953476267,-0.0045069001954209575,-0.009518546803321818,-0.0046644134786400036,-0.004175360746149222,-0.006043794348755026,-0.004407698711202203,-0.014192537119308362,-0.004033569960660247,-0.012481233096003096,-0.00748777496006351,-0.008011340780123577,-0.003843575437669001,0.0,-0.0035279381313016904,-0.0028358794855330607,-0.002736969985705003,-0.01165360339095653,-0.0007336907748161505,-0.0052005388927440785,-0.005893952752715308,-0.006831430259929393
0.002404216170968794,-0.0018318431270142694,0.004182942540677575,0.01035124950500978,-0.0043571587704034,-0.0042479492781655375,-0.02204638640371946,-0.0018224286724091933,0.002795281246462151,-0.0026059957967419565,0.0040121425550574035,-0.018287915273472368,0.0037607435196265796,-0.007417981125299566,0.0033949681175198037,-0.0012562488306045686,0.012861663606124993,-0.012075284913017422,-0.011801801484431176,-0.009242744737759854,-0.006174887084897539,-0.0017526030630477512,-0.0007342294722065065,-0.0014936665640423198,-0.001976237278956931,-0.0018015727136452414
0.011325688894162876,0.008360485938638605,0.016959275055878555,0.015212741152226575,0.009919767285284473,0.006595568694395654,0.010404603212486777,0.008607081182811104,0.0,0.007490085596942337,0.01419308923295586,-0.0071345278237180156,0.01412101809530696,0.006036265697522059,0.007142831193560892,0.004671976427960949,0.008571515311626952,-0.016742012322625458,0.005573301700627086,0.005740989193563647,0.013634809571846191,0.0025538315451193658,-0.01028646876928838,0.008227289427221366,0.00864074304310431,0.01000820605632763
0.002371699194914331,-0.005460050573788936,0.003803444814112289,0.005810251801141046,0.00187757917051831,0.008503951043512778,0.023455461968242542,-0.004913280216195315,0.018815291500755248,-0.00587839807311886,0.0012229619235517768,0.009980060900835832,-0.003978550758705773,-0.00848588882065468,0.0,-0.00035768714655111004,-0.014479082560189356,0.0,-0.004750597291588592,-0.004994733478904665,0.00817301653334271,0.002706579670957984,0.06904223070471041,-0.004821865798835151,-0.0053541517473256256,0.002729001152544249
0.008149128616126688,0.0,0.00029137848226612185,0.012009851612513264,-0.010236242428464062,0.0074647300263078874,0.007266716947036227,0.0,-0.007865937290982119,0.002086932868365001,0.008413485636302327,0.018181941590336682,-0.006847300181937668,0.0034003456146760795,0.0,0.010556406269454964,-0.004790810627746728,0.0,-0.007955441348305545,-0.008605289844282334,-0.01401788081937427,0.012226061428089236,-0.05520830616848467,-0.0016773381158923118,-0.0007178335149229005,0.021902618110787912
0.02059977406246696,0.01850343788980703,0.018356610203830125,0.023584129316999183,0.017042848840572396,0.009330453632878724,0.010543728046446278,0.01819137752574436,0.0,0.022908684758509986,0.01776351583972859,0.021739087398302732,0.01896006523481564,0.012463742409687449,0.01381102678298716,0.017528382512448742,0.014762530928636998,0.0001750652188602237,0.010425034648381277,0.015913195043843368,0.018499419896459326,0.007843222176866081,0.05439173913884099,0.0184805708018943,0.01795652231243441,0.016803972635670524
-0.0402400172728966,-0.013974823388099196,-0.030042973467925595,-0.04432050649712565,-0.02062442807599892,-0.02028255870483515,-0.036243823010810534,-0.013527341621955331,-0.019303631377403967,-0.01510011574931834,-0.03860906379153604,-0.022036393337428413,-0.01691578881423719,-0.012934256734979095,-0.03718695750114475,-0.033930822576066166,-0.010436477500731749,0.035010889323129284,-0.0011905292949346109,-0.011391902562514331,-0.012277139524781756,-0.023501962521888128,-0.007668213997750744,-0.01154688352154585,-0.010407515636442351,-0.0405362685178969
0.002528916669233225,-0.0014173411028877165,0.0020650183911419305,-0.004299770774716222,-0.010529376404335914,0.0023310504536817283,0.0022791844945728285,-0.0010349480394296242,0.0010544529682351797,0.0013781480410865069,-0.0012378175099666288,-0.013403291560265412,-0.004588380805217011,-0.0051439392423963245,0.001912001366907284,-0.0010805991968272227,0.010003246457847849,-0.006384684130150364,-0.0015892505069659837,-0.003961136043819214,-0.009024397737209287,-0.0033472245525048164,-0.05198452115159497,-0.0009271634028666367,-0.0021390399928568767,0.0025999280501814237
0.001991520359782796,0.0026358839553600314,0.0038268358742056773,0.0010796406126027983,0.01581425376255929,0.010853205944310749,0.015349716619395885,-0.011655033030827109,0.003511250207740688,-0.0024083648307424337,0.0053705473664373785,0.020673183969583824,0.02131950028086889,0.010976463643299631,0.004198470890742032,0.006130565833351416,-0.002309930003227888,-0.006042888103780055,0.006764929788987468,0.0072307490168635686,0.01718221165060074,-0.0004796497540524444,0.031122679476427943,0.002227203003679538,0.0021436252930884924,0.006126394384012942
0.0013249177242461586,0.004651189862078298,0.013489678103084678,0.006008295204602917,0.010330300142417148,-0.01528346371261416,0.039753529091820346,0.026630402501164004,-0.01504551453328593,0.010863973919820774,0.0,0.018287202395352184,-0.016078966611325397,0.007971312801912244,0.015963488555418796,0.005555491585917481,0.007675190932949763,0.0369482676217593,-0.0047431696774269455,0.006819731739976984,-0.017229736239714917,0.031156316625120656,0.04060358629595909,0.00685177155248508,0.006595514455889982,0.017429671168843242
0.02608200522162914,0.016163337552234716,0.00442349800898987,0.023365461105593625,0.010944663845388529,0.03475348178028878,0.005385154776031494,0.0069714492835209465,0.0281478993237282,0.009723642830688078,0.02434701119098213,0.02030750124267177,0.04265716380408717,0.006929785623913073,-0.008604488798218679,0.03188137041177025,-0.0027382344164652603,0.0066886678403218144,0.013105639446195295,0.018894849900985763,0.03622352069133999,0.01575039717948681,0.07254856991338259,0.015072112298632845,0.0060208596889327155,0.008549861902778443
0.04103306337048709,0.032432397845813636,0.04775682899606015,0.04360990427702893,0.03010648602412509,0.027726547354517957,0.033767096772800625,0.032051276821027,0.04364653138286309,0.02735258812690875,0.04542373095348888,0.02290895431194309,0.023522813424932683,0.050296623045048436,0.054914701855858235,0.041300459947975765,0.022881422225149918,0.03806083423614152,0.026264255265372797,0.024142823847618296,0.02664181051733758,0.021553782256173874,0.058823555630204465,0.031249957484079542,0.03238872940115781,0.05256509427618969
0.00931863405254584,0.01221637240412632,0.012983451725580865,0.006093955299728204,0.008188754993271439,0.011696141174606085,0.01094885585950337,0.010683218535495151,0.003035500069210355,-0.00263728207941657,0.009597930976819009,-0.002916677292515011,0.01395358555249328,0.022060955642208512,0.007447879433077177,0.009113978439992551,-0.0040111403260372856,0.0260766025463808,0.0057296191976287355,0.01674066831219027,0.0004958454422927326,0.006830678152179808,0.02165718823973457,0.013113497716597665,0.012958128475817178,0.008982088702209677
0.014597641645769906,0.00977006591605579,0.011726359523485323,0.024372760439084214,0.015143148063269125,0.01296299792993812,-0.001031424657427252,0.010570319010122328,0.013786110105905882,0.02164941637643657,0.010791401820723669,0.02453473733269817,0.007824850388036217,0.018162633449550908,0.0162278594536911,0.016725188042111514,0.013940610441097605,-0.003889044531135246,0.011393715294920607,0.014112859781649244,0.002973787414784647,0.022764815199591858,-0.0549922404783538,0.010145139301894486,0.009257705282775712,0.010830835754357192
0.026807712199850595,0.01954092377710613,0.016172501886759,0.027171506510908352,0.021562297168937768,0.01723682577258216,0.025813141229750786,0.021892433114021427,0.01459367984262599,0.015528836327864325,0.03291819535693223,0.02890796322230238,0.019277384321874983,0.030765229004003636,0.027324397616803508,0.03125506578053792,-0.007332656542852411,0.027446060368828396,0.010138998952919677,0.01424782217636954,0.031955237591286004,0.027712366531243798,0.035110512040063734,0.019740313937544825,0.02018001624178184,0.029414357072037375
