BJK,CARZ,CHIQ,FDIS,FXD,INCO,IYC,PBS,PEJ,PEZ,PMR,PSCD,RCD,RETL,RTH,RXI,SCC,UCC,VCR,XLY,XRT
0.0071719595490139535,-0.005176865448639041,-0.01389770758975136,0.01923819758537061,0.018655506134696,0.04465117017175217,0.0227178150414743,0.04354850293487897,0.03214945984324929,0.015972354651142696,0.02555711946740522,0.03216196690391734,0.01927071638721556,0.03983743725242885,0.01837329755751359,0.016063424821324054,-0.04744906561810777,0.04836417521620948,0.014243396007731288,0.0183001984740213,0.0198965519324723
0.015011615391263881,0.024370106714848738,0.0,0.014997680014727588,0.01156489105646202,-0.005342888395410587,0.0049082883982636254,0.01869526783525528,0.012462399572492854,0.012380618897431571,0.005001083701925749,0.006604210387784001,0.012717429068863514,0.01928580998261551,-0.00787276880975768,0.01952454626085376,-0.01553298455985708,0.014533558393404,0.019968770280652547,0.013327041669032673,0.008343171334999702
0.018113397235877453,-0.009669376742510316,0.0024857431262232557,0.0003730649718915244,0.0031260617552056674,-0.01656229585568419,0.005128723378260062,0.0034169919953371576,-0.008514336419143167,-0.0017005132842833502,0.00779680882429593,0.002669206528893566,0.003895097363802418,0.00882133852565602,0.011742356734336691,-0.002997418298935732,-0.003808533154823225,0.00478063679246958,0.0008389963806209203,0.0010559679255978925,0.00034296104180773883
0.027840424568986517,0.015159264491424069,0.0012903926888373678,-0.00037292584632114904,0.0028047042107211023,0.017296430493565083,0.0018168260254588352,-0.007945726579898206,-0.00029618863703718035,0.008517847394308706,-0.03151886477734107,-0.015768889059777757,-0.0027535442881779816,-0.01926246586995105,0.002640575205118845,0.005893074279629628,0.0060076946833191106,-0.0006545122635060687,-0.0006519635354706786,0.0,-0.02009170260592589
0.002745212028670923,0.010123984234490804,-0.01675269050908288,-0.019395634745535743,-0.029832350218008986,-0.024608594332181672,-0.016900172135178606,-0.019832143661315842,-0.005035353182618281,-0.014478714428503481,-0.031360748208059806,-0.022055696303650132,-0.02773610759883887,-0.09083866828831473,-0.028641950503869876,-0.008847570973194411,0.021172662321831532,-0.034708910915777234,-0.017892157051380652,-0.01884195892731837,-0.033434225889736435
-0.08085418642235673,-0.031069847997797963,-0.04849263238791232,-0.023963540093456782,-0.028507288459208475,-0.02981636172913165,-0.0218868230650017,-0.02801547395787962,-0.03036630848644426,-0.034525043754385934,-0.032987050008707164,-0.031702186716901136,-0.026074636674701723,-0.06495149678732735,-0.02389424551090396,-0.02822681187218147,0.0441253792013937,-0.04002697762907453,-0.026567882947543704,-0.02442786914859729,-0.024345930904701003
0.025019954254693208,-0.02327361039271116,0.0013772531359401775,-0.008963296710841744,0.00329694840037853,0.009456127482832354,-0.006687121517135592,0.0032023956953997662,-0.004605600781518893,-0.0025360317080589238,-0.010107416463827346,-0.007470913705601405,-0.0058315394827722225,-0.06672752458428656,-0.01111116556393791,-0.014150894378565275,0.013238304920567065,-0.0138514804615628,-0.007115770599482263,-0.01070862623266246,-0.013588811999528938
0.0011623137211883474,0.011648995570390177,0.004814335427250139,0.017302276225901126,0.015445309647916685,0.014051414154095249,0.01657144705058976,0.007581986412717425,0.012338279359026505,0.003813693234172129,-0.000957467900612643,-0.0035423382321411517,0.025729893317060538,0.025569979346987542,0.009304899417218213,0.020145954991566888,-0.035175793263636776,0.029238926812238206,0.016493096377689857,0.02021651142195779,0.01114602165729201
0.022639231905101875,0.03376101226816031,0.03353872685326265,0.018167654192312355,0.01650491413829248,-0.006004440513266183,0.017575291911285738,0.01782167185773784,0.0298598840168032,0.02634240322328181,0.019163343646561797,0.0253278136559406,0.01871577762964944,0.04351284369431628,0.016872479882231572,0.01974832212967048,-0.035937446504019456,0.0408019153204431,0.019026535370656482,0.016851231730052096,0.005944873263635668
-0.0018921650201403114,-0.0005064349987522057,-0.009271654670480954,0.0037965290984803006,0.016873715447860517,-0.009758549665912743,0.0015018622560416216,0.015564276862704746,0.010650790705629585,0.014067317121528323,0.005014115362622571,0.008450785806846627,0.008293237824628935,-0.034089207641620135,-0.0001710226776070663,-0.002299681532757123,-0.008644108321109019,0.0048168589550746715,0.002843605008093023,0.0004603711684899201,0.0130510431109741
0.04132710574847286,0.00987866789456572,0.000668485573929666,0.024584165448017708,0.026299073474544524,0.033317875100808976,0.027576380056131475,0.012643771314359741,0.031322893899875304,0.028230617679780138,0.03710590648309763,0.03631269175408698,0.02631922330603829,0.13234602093988598,0.036441369880088836,0.01698420846452318,-0.043596836059832965,0.038615165421559294,0.02598980429881336,0.025153371709187924,0.04071449969250975
0.010012671889171286,-0.0015051222857492305,-0.0013360779989913614,0.008859201866170638,0.010372269461458677,0.02497734268770704,0.009161704818801512,0.009837339880805896,0.015895935718266526,0.015384589278734153,0.0045103188952363505,0.02114863668848872,0.0009862575532072527,0.00013902432326996458,0.0021458802782110074,0.0034592791411994345,-0.027350447664608115,0.02743594183438744,0.008935187508391349,0.00822875026417438,0.017049909852232217
-0.0448809154523844,-0.0401910199907642,-0.04949824410787504,-0.020856160675944996,-0.02656991840279729,0.004430595948278938,-0.017835452904195418,-0.03259671064224605,-0.021514555008012224,-0.022610622752213958,-0.005387646292979208,-0.015228384200532425,-0.021800788096339733,-0.0225374588251654,-0.008565318139731305,-0.03078940130296777,0.042765036258993465,-0.03518838655203993,-0.02172930181231016,-0.022852022004212158,-0.01573044807218701
-0.02151363444551891,0.008113283562649613,0.007741053192883152,-0.0014948086900649106,0.005272852441888761,0.0269077735048337,0.00024511679345680295,-0.012006093205074477,0.0002852922640606288,0.0028619662593406185,0.0072224719947496935,0.005979683744015782,0.001636708118739899,0.02191854373138689,0.00099696356582112,0.0008585243281534947,-0.008426820964764022,0.001810854810482721,0.0017732696204068746,-0.002581759057088139,0.0036161445033554983
-0.02217925714618741,0.028556716215618345,0.007681589599189923,-0.019169204336695236,-0.021598181181393686,0.05798971794037758,-0.023797635415807147,-0.033993102394784716,-0.034826790668670435,-0.03650589010059082,-0.015841790680454472,-0.022636328725742203,-0.0156712025373333,-0.08314764758451612,-0.017593467909198843,-0.0015930027627202976,0.059490227668957174,-0.044410393780026286,-0.02170667651148461,-0.018242956173789144,-0.022371012664747576
0.01775138195114636,0.01850566069294276,0.0,0.005357548101897574,0.003802463422132295,-0.006902256012216971,0.006720371939654428,-0.011368425064426948,-0.011239560056383043,-0.003951738050095874,0.008518790660211925,0.003988499096721875,0.00973585898768268,0.0016710886084222848,0.00236540459953358,0.008223864773971494,-0.02620339887287531,0.025007172432357783,0.00428509336723309,0.005755956338931139,0.012643110495293543
-0.014922439844722529,-0.027523265476554124,0.017325024551268175,-0.03882735545959369,-0.0405533908674104,0.013491549591566857,-0.03443970546097913,-0.04106762215080646,-0.03499858629126202,-0.037441264610975945,-0.030165857174728788,-0.045369165397063586,-0.03755390326026877,-0.11131341177256003,-0.032361449922196354,-0.03080099526256285,0.06974214048293967,-0.08540964324880418,-0.03802372501797039,-0.03727760030831922,-0.044640764195289416
0.001573869330904392,0.02141797634215257,0.007493136008985545,0.02178229861108101,0.022935788907139317,0.00040326119375668233,0.02219527347576836,0.036830723019638335,0.01735919286138881,0.029108777448907323,0.014618988670096063,0.012264621540679388,0.01845508851388888,0.0556314224983526,0.016025126294234273,0.021856439315631217,-0.040554521507487916,0.04553988579992765,0.02247391569554158,0.024582282635896617,0.01010978760610175
-0.010999913933717884,-0.01847236613746728,-0.033806565781339865,-0.00426358895445526,-0.003523321302672865,-0.02137078301243108,-0.0033794165304352622,-0.024783028239968356,-0.021633322501474376,-0.016771005269038887,0.010423027677499258,-0.004327209602900325,-0.0049185994289997256,-0.01163926452978508,-0.0012001763904525885,-0.005777674204814631,0.0005351274413996826,0.024810362064840857,-0.004916463975533096,-0.005174959276275946,0.004149811599337294
0.008738828706906484,0.006612322097980825,-0.009797121369720468,0.01479174900386226,0.019607815532374447,-0.011949024134637241,0.012885797277874221,0.007200269172526394,0.022734512310407032,0.026222149919857045,0.01759709694278075,0.019991160560793787,0.012357111930888743,0.04056265947271833,0.007552341307418989,0.009025829634871555,-0.02566866605254424,-0.0052452659141067745,0.01530698736446676,0.012767890917581043,0.020785256297347968
-0.036621167176677794,-0.03132898614771744,-0.03816255538612864,-0.009973418700147507,-0.011664424879959669,0.03753132164516403,-0.005356578347675068,-0.011354069283801676,-0.030450726582477206,-0.026296414558108692,-0.024746636807362683,-0.019173316962913637,-0.01079282253216587,-0.060829906955343974,-0.010221472957527957,-0.009680217511502772,0.010428281235113366,-0.032720551153575195,-0.010018878583600049,-0.006381125175171167,-0.008573418612601653
-0.010831989100757652,0.004173244627952667,0.024981669344932032,0.0,0.002232685692267123,0.04260457209409745,-0.0011782685146616216,-0.006380462470356773,-0.008166045839289366,0.007898386726424922,0.008865907907549044,-0.006733188296130588,0.001688433448494009,0.004184081006855064,0.0015491848024377286,0.0002477109286014549,0.004888639092531327,0.005871124268244943,-0.0011567620595277106,-0.0014099655497070939,0.0037231954397843625
0.027066265057712858,0.02545423799635977,0.0,0.019372566786934203,0.017823089252717958,0.049344505917600034,0.018787048322894347,0.03553101349854747,0.03419882200719572,0.03842228921241058,0.012727078207183424,0.01771274872466684,0.016597741070379073,0.007166771467818884,0.0060147292693970705,0.01942100728792798,-0.037838057896132635,0.046275668644205833,0.020167956419141854,0.020862758566192744,-0.004068581124521842
0.006638460452910693,0.020263484261757062,0.0,0.00646141276168174,0.005941234344586807,-0.020940441922469025,0.008848009763196656,0.0008267399439935741,0.015921948400955614,0.00949379113066507,0.011370408824598643,-0.005371775247262303,0.007014936783410935,0.0186993016568534,0.01127427135224526,0.012862511233326929,-0.013482879375293692,0.01461005274464739,0.007188869282708575,0.00921953514900854,0.006608399172412353
-0.02018386816386122,0.019364468506208026,0.000716804332540895,0.019259953630861484,0.02082690691643874,0.07129454758402147,0.01696724438028929,0.009500293328890257,0.017480274180344958,0.02122006782150293,0.013018074367668902,0.030244025956521706,0.02153299417902181,0.0758607933989654,0.018412261809057192,0.011141751253454249,-0.034168716860680626,0.03678488717197002,0.018031553420429496,0.018879436237835008,0.02052974014314136
-0.0022435425102443835,-0.018265727461011988,0.01934098020447068,-0.015561416661098169,-0.01583447866077312,-0.01260945112183497,-0.018940845010781863,-0.004910161740831032,-0.015402947511284562,-0.02077913320560789,-0.022196660258772496,-0.017613706186808666,-0.014135466260357662,-0.06522712836640794,-0.022557615209946858,-0.012914743268035177,0.029481093487241324,-0.033080734828557036,-0.015405862865392153,-0.01688567383956984,-0.007368192431179582
0.003883905774177404,0.022079082826148674,-0.005621915527807396,0.007903460708559759,0.016089243442735098,-0.036183020346906236,0.010351619538290696,0.010690847666741644,0.01744897396354716,0.01977318835924119,0.0074670775249446155,0.012593459455094822,0.00981037046782039,0.030851224999777764,0.010351254812960358,0.012243239128752229,-0.018900294938291956,0.02324366759967356,0.01049363888653004,0.00440789798636154,0.016024354974221267
0.020158819869639317,-0.008252568649568186,0.015547834133052135,0.01582103677314213,0.010048799490863037,0.027603945678008383,0.005366771375300605,0.029354435984575725,0.010853372363032552,0.009343365687811188,0.009365067042576659,0.006855825211862418,0.008108228829351671,0.0036039987641136037,-0.0011756416270226732,-0.0036759796781368867,-0.007589034308243566,-0.0044665430446968225,0.012053846430781286,0.013677685542120151,0.009210770053201364
0.029341355439503718,0.0265513432345599,0.029227423313861224,0.01805471296384498,0.020124857206524426,0.05157594266346944,0.018249713729282004,0.019794350005123786,0.008496612403992446,0.01546768338923512,0.01653825068693206,0.02286064126441816,0.021685046362238825,0.07494122295653634,0.014124665606917887,0.02768440200676878,-0.04352921155802894,0.05226939773516892,0.018689935046047382,0.019469581903485415,0.0242631390506714
-0.03548576389093233,-0.019258488950462217,-0.01960777019173104,-0.01556293154925616,-0.02071648659925599,-0.06982287238125857,-0.009395878742176695,-0.01979823638841588,-0.01917468222972565,-0.02100162870833878,-0.018593759225351128,-0.04449459677847667,-0.016494758533807618,-0.026869944638945903,-0.006466657114565968,-0.018479707284993773,0.02828998427315109,-0.022178888660464014,-0.014569829011427853,-0.009989441147607334,-0.03203590553306883
-0.006433508100722445,0.003190859868242998,0.0,0.0014706005240446931,-0.005137257893480917,0.03771501897055465,0.0030544434677285915,0.020198123614334932,0.002369949071417569,-0.0028288426119180373,-0.008584711193245597,-0.005364564729051148,-0.0035761979846529704,0.008059787667944665,0.0030041707088617853,0.0019067325050690664,-0.016746251434516017,0.005857221961160253,0.0006388543998138447,0.0016321019582665446,-0.005127348966261238
0.01922303083790895,-0.007340469833614765,0.02068953927743672,-0.009911908744466751,-0.0006076958442283805,-0.0042342370893037945,-0.005929822743508379,-0.008540537715841564,-0.0008866791247611453,0.004018986566344608,0.004478921458458967,-0.00388359517354458,-0.0011137849967363304,-0.056263057448331606,-0.004991746143911283,-0.00927690513684766,-0.0072994171299635,-0.013009187509343486,-0.009120642288435236,-0.010074033391797112,-0.012182524340962607
-0.0005955435173764768,-0.022676736330099825,-0.005405320101124761,-0.01816812277315584,-0.02188421259302069,-0.012402515003128388,-0.015558368759199253,-0.016836370716156818,-0.018042439677443213,-0.029432338048213824,-0.02288952369800093,-0.03487126355004026,-0.014867889552253863,-0.04141833044712562,-0.013545132000898005,-0.020168071295745917,0.04901971760397473,-0.0312580289153319,-0.01748888872785148,-0.01750956337613826,-0.008182168571996122
-0.0482718293629916,-0.008574952116456806,0.004755387934322482,0.010196307231942606,0.012119282870132309,0.012199465550104005,0.0027022494653641325,-0.010752585643494034,-0.007529645540536936,0.014798495191137715,0.0103438392485669,0.023563895453323484,0.013079782551133168,0.07364996207662583,0.011188284450920868,-0.0007352710734208075,-0.0011682848915832865,0.007386374323638078,0.010586489709075018,0.010814709554655863,0.01912971754487639
0.016280581082561627,0.0022893954978066944,0.009465990264559559,0.011962516498027143,0.010131773904670537,0.010280072297376795,0.013474946065363338,0.008856647963125616,0.013353347945601713,0.011474773052379416,-0.0072267328582351735,-0.002412042961108196,0.0029794664084965092,-0.007926854842091952,0.00553227287531954,0.00907327198906724,-0.026315555480074464,0.01903783345363604,0.010475589983518016,0.01145275193794316,-0.007156200938797214
0.0,0.007106510451991847,-0.012056389858044771,0.0221648637121781,0.024316347437362662,0.045614045589081414,0.023126476769158397,0.011572243084230084,0.009883286223766916,0.02599858556504402,0.032150069600955435,0.027252872502415097,0.030820858316207414,0.16287639280835053,0.03517841126506835,0.016160405507258564,-0.043844009647182575,0.050113605545026536,0.022018211979652882,0.02264638243915657,0.04076568767736356
-0.019305733730645855,-0.00025199923664642173,-0.0128812186939405,0.002529807652704548,0.0008902139044126301,0.01308726130601062,0.0015751632893890393,-0.0011835691992958964,0.0008896208446167399,-0.003915773048742582,0.0017631646369856548,-0.005134772047934868,-0.0009605944362674843,0.019688233195153927,0.006925453263359278,0.0008367992884750356,-0.005653257072803247,0.00324548521243483,0.00323163021523412,0.0026219861230250023,0.008515063949960837
-0.020733074771614728,0.011091863550909886,0.027472320259550192,0.005767776773817938,0.008301334945154148,0.04836034977166193,0.008177969116533951,0.007109140243741933,0.0026669789547550137,0.010637884018161957,0.00762722853256529,0.007096887192379102,0.009375160447103324,0.038097633845281836,0.01919388818182041,0.008721708863746791,-0.011370812188063704,0.0064702379369328406,0.006352821739279907,0.0063934559690521225,0.004164891167435828
-0.024807535364856685,-0.011468724423286409,-0.03074853495749466,-0.010394303710970556,-0.006468821705606793,0.0047392998280261535,-0.01115345684924124,0.0003922157761410265,-0.008274676954020588,-0.010983750274003688,-0.006113706592403578,-0.005124992800276651,-0.014765702312189459,-0.049556938846834125,-0.016792285537343198,-0.011843910765096909,0.014696405601279362,-0.010952503925245749,-0.010402716613988495,-0.013138679701001035,-0.0008966826633495758
-0.016447375144336116,-0.009836204783584672,-0.034482771972645536,0.002173239928203941,-0.001479645581552764,-0.0028301795099875925,0.005284753170004956,-0.0070561895786752935,0.0035758179506983744,-0.015965041425263317,0.0002929546515861087,-0.01266364374800049,0.002417417650307618,0.042159259716911084,0.01213084093960763,0.0009587744663180373,-0.010705191290883476,0.012277167552567624,0.002875153918375884,0.002047928550591257,-0.006507992166035925
-0.015607564222141138,-0.014518206064299778,-0.00642867988003896,-0.015720996908349768,-0.02519288479405689,-0.021128930326996018,-0.019223404273925264,-0.02098313735213777,-0.009998647781052741,-0.02398281760485783,-0.019669802134109918,-0.02252726115376601,-0.017117781028184925,-0.04310024973168552,-0.012300876165859287,-0.01891987899718838,0.02864409557441493,-0.049821421255764387,-0.017290592768955008,-0.012481862061218823,-0.020808822732102845
-0.02717999218278876,-0.04028395805982627,-0.031631864581695306,-0.005518827287322235,-0.00943305483193068,-0.009020682173530895,0.0007859665401739435,-0.0032283929514872033,-0.0078099415424297955,-0.006986133601979115,0.0,-0.0004454782787614913,-0.006026299281422461,0.009877582535003062,0.008143084755675229,-0.017942216761370703,0.004950642239418861,0.010324129978955241,-0.005834844668369753,-0.006824182440298674,0.0037039499719816343
-0.02211879062426508,-0.042295424185900383,0.006681544182805025,-0.038105765534039215,-0.04056548037231092,-0.01657993119775992,-0.030276474251115088,-0.04736842980456312,-0.039661069950576194,-0.05094642578107785,-0.011064512513420052,-0.04010675693694743,-0.0390992946366167,-0.054642687066039114,-0.010928088015183874,-0.03566986598228157,0.05665026048771962,-0.05636765558490842,-0.037780942069434026,-0.0358472609987124,-0.03771166797387626
0.031428511359307576,-0.00759485849423467,-0.008112121021407943,-0.004615397033974164,-0.0019217794519713828,-0.014876017430674038,-0.014537144301702052,-0.0016999921450204856,0.004728961385068558,-0.01278122481894738,-0.01753851285401189,0.020659097797209182,-0.0065669868821937,-0.07504471513301202,-0.02514004949307701,-0.005155229021815963,0.03321678899996812,-0.035972255440016115,-0.00466988482762078,-0.009450214305722465,-0.008389356556662078
0.021468167577484237,0.01927418673109595,0.0007435348327200774,0.036707828173205836,0.04268289304357925,0.05838929376956865,0.043667973223495686,0.04342283267451878,0.045497434930501235,0.04790275634195285,0.035703463575408094,0.030702910512172176,0.04912484882241595,0.09962697908967656,0.035643777244357494,0.03627401439380976,-0.09080653857663566,0.07980381307677299,0.0373420969018352,0.03769160515965589,0.03867550339561292
0.030056494587735245,0.033092575113507106,0.026003049181080148,0.026090407708621324,0.023084038416628955,0.014901623652384819,0.0248955370467872,0.018359681545772333,0.02701069080598085,0.03409930328313677,0.02823154595715162,0.04324779033737952,0.021250286243717355,0.061576017853023385,0.020777181516644424,0.030878899728133957,-0.04962789099663715,0.062176819905839724,0.026952298112149883,0.02637508697077661,0.02920611038344322
-0.050680191751650686,-0.008344364007329153,-0.01955121588217249,0.0003631158955359462,0.01083011164100656,-0.002499214381249436,0.007130631162404599,-0.01121793170870255,-0.014318802793699306,0.0074074803926397,0.03005762504215902,0.017555184946144862,0.0055649884757621405,0.04190634649237285,0.02144189014445251,-0.0063060455666030775,-0.009791084428203835,0.012704980788626752,0.0005393406000576863,-0.001321479937211382,0.01808951496681506
0.04367943664941756,0.01845801147463299,0.027326434052287647,0.020333998477014024,0.018452817708672502,0.008769119218969753,0.0188282155309617,0.014181480951398262,0.015119936413406941,0.01826360067155287,0.0126262044892359,0.008522160012314263,0.015399520219210684,0.09061923029935776,0.024338347509367662,0.01952639403429538,-0.03559654520284648,0.03728456702718237,0.01886451003810554,0.018673694561086692,0.013992091663587985
-0.0135077011441396,0.008795304751262395,-0.014378120264406956,0.009964402340686818,0.01490323551483957,0.023595379423308152,0.0080945160369085,0.0015981150807772542,-0.009346037613624436,-0.001630560662800527,0.005819027608712173,0.01628178994884756,0.017180087289494834,0.057004640529780576,0.02019587264228193,0.011850672872020242,-0.019822269968256475,0.011529206826522665,0.010492055951554238,0.011691871736641114,0.015003816676068055
-0.008305198608400337,0.023778198612112916,-0.007293933180675783,0.02501769605571411,0.019867622256969458,-0.006369486267923796,0.028028426113587628,0.02792181730598434,0.030070771136559007,0.03359781357672464,0.026997343163833985,0.028594782129421664,0.02038452635462033,0.056483399891965415,0.020669838354234638,0.02200391603075361,-0.025802033410033474,0.06481176034581672,0.025215765171486628,0.024539466036341055,0.01758745404714912
-0.045043095556037666,0.012129111028409408,-0.019838360213481274,-0.008250316278581691,-0.004799306301282622,0.04395595845629557,-0.004494765115658484,-0.011641482735170908,0.0002863670467510583,0.001580134663328752,-0.011534670599548215,-0.01360417074639284,-0.00022834893979117255,-0.046919038917166506,-0.010695982797965816,0.001041881009450865,-0.017895529252269716,-0.009444783112324828,-0.008510593044249505,-0.003898905916438544,-0.01993422469132909
-0.050248822485499216,-0.04768001907267677,-0.0494752590876163,-0.01975733691599706,-0.02014201770823528,-0.0558479701952927,-0.014655900667042115,-0.020808778198862392,-0.0017167682702879823,-0.015551162263522537,0.012754690714883743,-0.006795691842831934,-0.0213521342388526,-0.013416462447554858,0.0018738478858037891,-0.02636451584203258,0.013848413127587585,-0.03337221983408023,-0.019914331758122676,-0.021389519698396597,-0.001622924387438328
-0.003993001154983398,0.006158320797800959,-0.0047318528179732,0.014851431524310647,0.022003404976271342,-0.0188913054882413,0.02095820908394256,0.02285499087471921,0.005158896470912686,0.004120850805140056,0.020096412719162147,-0.001610140281310149,0.01668422267630118,0.04989826544443434,0.017266215870762467,0.0076008354633784764,-0.025880564514756784,0.04405973814765647,0.004466789843710333,0.012428364431234214,0.020047594338894508
-0.036832891167904905,0.008248796118778736,0.029318534311744863,0.020844561665783485,0.01218140826830985,0.0041035080169279856,0.015451526326448587,0.016735602366203212,0.020584365820138943,0.020643827460339402,0.02027004914712301,0.022833854835669857,0.017879018421228382,0.051198341519051824,0.013578680873490795,0.023625180226907187,-0.0472325422613528,0.04052067811116228,0.03161980467685255,0.023417536725058644,0.018962326004186257
0.030978574331628136,-0.02083480490525581,-0.03464201416547772,-0.009246501932030254,-0.004489830754572224,0.0295506310585278,-0.007254441890455051,-0.02318387129224516,-0.0064388759858891725,-0.009164226183451757,-0.005414999707826018,-0.0039534635007126145,-0.006442633126468496,-0.00853776717803457,-0.00021094964666079288,-0.01670507564371359,0.03795513717272644,-0.016001571685518454,-0.00787455903078617,-0.008306726897949592,-0.0021977834082181
-0.019862199680756108,0.002709830964517909,0.03857025693356896,-0.007950254292161523,-0.005916994873643606,0.021292658879503983,-0.0036568712429681243,-0.009493656136690549,0.014933669672422309,-0.0022556600673081443,0.009333562767461369,0.01369323676761734,-0.00944278718618322,0.004109850263811736,0.009810898660124124,-0.007668892533010556,-0.011194117775434827,-0.01611071639949039,-0.00949025787501948,-0.010331128676508865,-0.000944029655592972
-0.0040528664173973385,0.0005407071618904683,-0.021159742102494484,-0.017073198024184832,-0.02182559881809334,0.08288453609193876,-0.014093810169922063,-0.010782623283523434,0.002776162814317137,-0.026226632927828328,-0.017724090887955398,-0.018989954051590555,-0.025037105791339057,-0.06441869910553026,-0.014989730518918094,-0.004161092825749452,0.05283021307349012,-0.03942419864571204,-0.017507236557219082,-0.017209801527387124,-0.019002554073589813
0.0073249203020032795,0.02539178102430617,0.02722174681478239,0.0159518130311455,0.019124874675221584,0.016302861493321358,0.022261715433293527,0.01978182812703648,0.0066449078891021,0.03807770098333258,0.013598318444126269,0.012971455807649558,0.02226404841249853,0.10697910892525396,0.023108296889786675,0.016475542345699395,-0.06093187965251665,0.06503809752513352,0.016312218866162926,0.018085470520816303,0.018621493247803052
0.007271901296612464,-0.013698754478030824,-0.010912049421881318,-0.012560997357337109,-0.01535396834525159,-0.016857059997794,-0.017334450772546105,-0.029691262271072612,-0.022827599221838902,-0.024826684853410413,-0.02218785107146817,-0.004334054766626475,-0.013943113836549894,-0.009974392241559757,-0.007712238329197956,-0.007399595427275812,0.015267115618838503,-0.04057495486094017,-0.012037625373203558,-0.013252434246523821,-0.02395457106488184
0.029144269271257562,0.026442413140626942,-0.0007878887079457647,0.04098928946893651,0.03320809996166643,-0.027101661281017715,0.03528023733730081,0.04651169498458894,0.011820958962531831,0.01788979108128659,0.044854903296558335,0.022952148265380626,0.02956613314475543,0.12926514086444196,0.03927807248151145,0.032303791769827644,-0.06165407597082712,0.06258630447860543,0.040349589521310285,0.04214873604190872,0.032831031838186586
0.03949079537607506,0.030444669185543127,0.023659203355054302,0.025797646407448933,0.01872561117550892,0.046901566821873714,0.02269503147059242,0.028460026699449525,0.028372753265260925,0.025011386334564317,0.011868760018274112,0.015473786370092746,0.029852537829581013,0.039727356831570367,0.011218031896600571,0.0268225529777864,-0.03365384381088163,0.04229984455001473,0.025969639944858517,0.026734335257232632,0.02157371249567513
0.010747379056559305,0.028283340810143668,0.017719620610598914,0.00860371174833713,0.008779205047212416,0.003801354183764121,0.007840444509876629,0.013646622897186605,0.02867179160740882,0.01406895530976772,-0.004741793912756826,0.008761940245557218,0.007274369150703163,0.005342907305205544,0.0017168658277706176,0.014400633838877146,-0.017412892043170758,0.00997792751593782,0.008933615553162811,0.007344048425031126,0.004590984494890666
-0.04574682712993095,-0.005894068787981561,-0.018168059863011482,0.005905499052569974,0.0032636528211027085,0.0013523263650455448,0.003403370080051236,-0.002991589471330824,-0.003155278323052341,0.001083777468025087,0.006519685623057132,0.005475853227829778,0.003391903485469158,0.02077448794202842,0.009228728618042598,0.004291942771993706,-0.01603385830237075,0.01690911213052246,0.005083151830961597,0.0070256476955582285,0.0023355972285565136
-0.02461770609377365,-0.012104469987400043,-0.02004634437887366,-0.009132419619326228,-0.009487897540743764,-0.007563444887222873,-0.005468790895752839,-0.007502010510224219,-0.013716783056245524,-0.01234286998898093,-0.0007475542086365711,-0.02441313124229263,-0.015049085377634396,-0.032815281759895835,-0.0065316340969548935,-0.012820640547284216,0.01543745471645531,-0.007753521033358838,-0.00889120177192137,-0.007371638436051974,-0.010030343612285357
-0.04888425970259378,0.007751659440038291,-0.013375195612701158,-0.0016457214216165938,0.007936582543960334,-0.011976020449601004,0.0009746180622649684,0.0011336835033523573,0.01952402135390143,0.010743091319168577,0.018948081413492517,0.01809433659348758,0.00022134986348680663,0.01892169640770744,0.007100553093095958,-0.0017759128527449477,-0.0016892767185558016,0.013745048756646807,-0.002139939607731475,-0.003315082883200834,0.012383604485440786
0.04413406574060389,0.024317473801316623,0.04704945885704523,0.022749695805759296,0.02443637962028956,-0.005509671778057589,0.024546211300206625,0.027935169400469324,0.02964309274009233,0.027765681507631014,0.01590398606323254,0.024768463467156988,0.024573979936045112,0.06211479845868216,0.021673851653007784,0.02690981768102155,-0.04737721294659454,0.03909742610447485,0.0257339521322058,0.021421096098941283,0.02062258216800853
-0.012841060644837785,-0.020590846616209902,0.01294743461533789,-0.01972699096672094,-0.01934772546767033,-0.02825487131188586,-0.026469225659912686,-0.020131589289676392,-0.02213683536428724,-0.006909606482633146,-0.011307856455942893,-0.004091847310881273,-0.016075785084945227,-0.05607047043900906,-0.016741210087785816,-0.02035739605759301,0.03996436255302567,-0.05040659587483697,-0.021872087939692687,-0.02094758103747356,-0.0002644371461666001
0.01598933373878325,0.0074617411989447045,0.07067671859752532,0.00956147010238821,0.013553647726323498,0.03534773019854627,0.009098369918201588,0.010893882078705891,-0.01725035710322106,0.009594774618043408,0.012683165904879707,0.01021553049218514,0.011232561892869322,0.02435141521509583,0.0058486816480570894,0.008953151546911361,0.008539828203626016,0.004807747621975246,0.01109838010291875,0.010412517644205076,0.009776666862043716
0.05468100278487916,0.0186775959658458,0.11025283416299007,0.012736915236799012,0.0016026394917600635,0.029460475216759294,0.011225784371865234,0.0070606163616174075,-0.0002661784106467145,0.005279903673133381,0.0019266274522038989,-0.003677282080279321,0.010563111559118644,0.026188527680098637,0.008657411935921452,0.012927284119163458,-0.009314236582360207,0.02277414067135785,0.011626923577740807,0.012947373333817559,0.0021735058540471807
-0.05108748712735249,-0.010856387483880427,-0.06451626596092762,-0.019348736870240333,-0.018666576415226645,-0.03931536458658768,-0.02172292422984149,-0.019187999165498057,-0.013567194080066966,-0.022689141977168526,-0.034855851023936325,-0.018638212703769773,-0.021228703121622186,-0.0745100985718506,-0.032282796482155166,-0.016331320781736814,0.007692381834124886,-0.0374781418512471,-0.01912861860612736,-0.018781787983389624,-0.026222443154340733
0.031183428925524906,0.02121963587320001,0.06220422813319847,0.029595606999755438,0.02010862473284074,-0.0659799534826827,0.031521561794523575,0.024078105388018314,0.03182302128187983,0.03159933911219417,0.010709922006505446,0.0246336405582787,0.018055739273005068,0.12761579860544622,0.03124161868228887,0.02891692797047725,-0.04240884694068613,0.058929881349885485,0.0285152264576748,0.0319023707055814,0.022271687865800444
-0.031015616786118406,-0.01409121206181719,-0.014003759892126405,-0.01820525293171011,-0.021843205777238247,-0.015201249644094491,-0.017791496585766904,-0.02020573870933813,-0.03214846696847387,-0.026255494661233728,-0.041399791614503835,-0.0374382300037217,-0.01719450827549731,-0.08296941390553841,-0.02657238802047241,-0.0110065579613974,0.021257684772233616,-0.032904666409456815,-0.016650618670198198,-0.016488732276980573,-0.02753025649385792
0.014136968343795048,0.017199718032838526,-0.003873450108581753,0.0032534575913683353,0.001361423216007266,0.0021186420746421115,0.0008295553419415037,-0.00524932773650331,0.010531878059416782,0.005135931457046886,0.016709539427906938,0.019065944893252616,0.003630871561376873,0.04150807405446975,0.011341086694362859,0.0070231355973798155,0.010407600887220654,0.003067742085354617,0.0021872657126952217,0.00327451710758008,0.009877660508729263
-0.002104205404415849,-0.00833548007117875,0.012313657192763377,0.0,0.0002718186524681475,0.04077324585922307,0.0020722303941510933,0.01281563535485856,0.0010693156098334157,-0.007025631730909618,-0.008343912939427775,-0.007483670856378427,-0.0020829786863446643,-0.01699314288492292,-0.0002608491903228624,0.00246791310542194,0.0,-0.00315121941446618,8.099603200785304e-05,-0.0001304707946975988,-0.0053442808055248845
0.0018449083311734996,0.00576391878991781,0.0499358354005462,0.007457824938580938,0.005166136853063374,-0.0034823696489323327,0.0006202273698032796,0.0174916003835716,-0.02162315354168013,0.005360038201846872,-0.0007649705719070776,0.008105546919215573,0.008899160553394705,-0.023565942241755764,-0.004695423061114003,0.002140603246768933,-0.024892625964913317,0.010505907037101674,0.008083271560311427,0.004569507023432522,0.006082835356393829
-0.028150418512273512,-0.0191022892925872,-0.03780485497867346,-0.008046506223771392,-0.01081967020162176,0.006406567100639622,-0.0064758186013904725,0.0010974182256670306,-0.0013644401442416676,-0.011516273055496169,-0.015820442504641596,-0.009536191978395578,-0.014810036867659774,-0.021911682937494032,-0.009435358245088331,-0.012816331389656188,0.0,-0.011316582553882529,-0.008659970744328005,-0.00831799503808793,-0.0146110730931528
0.0002707503483000914,-0.021421613784620538,-0.0044359415143986865,0.004866970886963381,0.0076565119915596455,-0.0457176599697996,-0.0018027164214323805,0.006941837401913196,0.004644752469310389,0.007982836195158717,0.008037578259963611,0.02340948751502132,0.008621723191510156,0.0012987624446823822,-0.007937488477895185,-0.0046520520031987,0.0,-0.006234948504767376,0.005014770568333304,0.002883308765429835,0.017077226491027622
-0.018944498107417343,0.0027363585878447763,-0.006365345405511821,0.0009686796417773517,0.00027145346192576853,-0.025166601676046427,-0.0015977822655964553,-0.010159620500787857,-0.0073427246928404015,0.0036385605075758905,0.002057528382332004,0.01199028111741008,-0.004822248536934953,0.005188043084690864,0.0034672437842212345,0.005978097033728323,0.02156682604153819,-0.0067421732013716925,0.0009658770385475688,0.0009149423807439537,0.0008045450465146295
0.00220698014000539,-0.008186458592796767,-0.0416399730209173,0.011612838534297688,0.012208436771992744,0.043545800749173205,0.014124675617655109,0.003299158185767615,0.017260309494256897,0.0113028919980778,0.013346874011571044,0.010572292289534851,0.016958644689330803,0.03935485506961086,0.017541519363392172,0.007671553581349686,-0.023911988954814903,0.032902872978457766,0.013588589245815932,0.011228395299839251,0.008639762774874491
-0.024222569061152714,0.0040017975036035856,-0.016042712320607232,0.006094448649143512,0.0037522154896437072,0.01847987085154106,-0.0004117863777899562,0.004532083566317646,0.005116912913505725,0.008929850580691989,0.011965822139105749,0.0130249854599296,0.00339764285652516,-0.007448850966544979,-0.005093281529006549,0.0038601320102904955,-0.0066210958814255936,-0.003012149567255533,0.004442292163944988,0.009006432586037675,0.011109394964235872
0.029619182263476793,-0.01313282279203485,-0.021739185677037632,-0.01017160706642626,-0.016946065798422817,0.019607907578537555,-0.008835153013182273,-0.017140835258384952,-0.023311765736898363,-0.012136537948050013,-0.016052282868459253,-0.025356692087777376,-0.012445891793885923,-0.03502185607427958,-0.01286444189068841,-0.012323514156672526,0.02155076321903801,-0.022748478277409633,-0.010582932093170249,-0.008985797335294836,-0.024204801014667442
0.0008219490079078504,-0.029008123636392807,-0.037499915959555416,0.00417457206908031,0.001089199084367976,-0.013777376348621357,0.015750907336662116,0.005194833196682929,0.02414263905928806,0.00995558504719529,0.018353492225681587,0.007328368293937306,0.0032876240879660987,0.04536605899525285,0.01928212109316173,0.0,-0.01609385126888404,0.02876692339032104,0.004070898046938175,0.006088288780865052,0.012048168616818452
0.01642482477572127,-0.013626755491954485,0.014429951432366512,0.016629474654356206,0.008977212003990336,0.03084987552031402,0.021312912325260915,0.026208947396506227,0.015804951309315966,0.013213085076194309,0.008510614980094063,0.00018190848309725992,0.008519872673726269,0.0861749822293744,0.02178720242778924,0.0150211840439075,-0.05614509715632037,0.042991093645389986,0.0171716157782192,0.019054929623767456,0.006902871394046042
-0.012658156433019013,-0.012486334758198872,-0.0206259176525123,-0.008178795454759422,-0.014828814263781184,-0.012987109308530823,-0.00849443508914152,-0.0248200697128444,-0.018723474167174348,-0.010142697131190674,-0.029287816624470414,-0.029096038449940888,-0.01570441751398129,0.0019976189626471287,-0.001915168439205473,-0.009115291606883513,0.0,-0.004017061545979526,-0.008597173770372644,-0.003790198029888731,-0.03487347456319391
0.016093886001532026,0.007532628663085144,-0.03195346546242317,0.018395199042122192,0.019978096262869283,0.03403898592115474,0.014705598690376357,0.004426348305516152,0.015318175469554487,0.017565838466575008,0.014318472358140598,0.01535859710854475,0.016615048188608813,0.050697721198106366,0.008315224856314491,0.013419864463029995,0.0,0.015782521507741645,0.017816416896639143,0.017374713113791792,0.012456327950177171
0.011811977336094485,0.011482126936226343,0.010502580148684935,-0.02055431318769049,-0.018513442005423108,0.016044200802569204,-0.023666941170309267,-0.049577815842370886,-0.013763737055007082,-0.015002064776914528,-0.010335070674060486,-0.02840811367363168,-0.02218857884080556,-0.024938727051892085,-0.01801579286201561,-0.014096524173129297,0.0,-0.044885543959438313,-0.02323611181806575,-0.0241837084867158,-0.022674115205116342
-0.027062911334745417,-0.01821557981704662,-0.019302151841013426,-0.002543768883710698,0.007927706655644419,-0.042472121029336236,0.003745192344497028,-0.009659867338031952,0.008319848250196805,0.006884912510450375,0.01120722681421718,0.005505922641289482,0.0035426479387815875,0.050875629238505984,0.01111115300180834,-0.006824048622735311,0.0030445415358434005,0.0013554458764417376,0.0013479985805483993,0.0010220947935138986,0.00811479233766602
-0.08862831870083877,-0.07959129636904967,-0.1006813282707384,-0.04909142603307659,-0.05315962770799642,-0.07165191249865266,-0.054541626821836095,-0.06281701142349866,-0.0527017090818752,-0.06216330666735076,-0.05491149052310079,-0.05003770167038212,-0.04676835744550482,-0.147883722770578,-0.046511605037164776,-0.05943946390194441,0.12584637252250547,-0.0922381047962206,-0.051314384537353035,-0.0510463087217583,-0.06006192219681621
-0.012268091995053729,0.02775353992730852,0.0025252880712017195,0.01240357596675161,0.014895297342050626,0.0012250171660559061,0.014565053839642003,0.013738549387404346,0.0053385563026016975,0.02143180246951784,0.008528483365265401,0.006559335651151402,0.009488528319340358,0.00869304130886934,0.0071025338463933845,0.016697616792189483,-0.034632933827477584,0.013620858492474923,0.015108500581729706,0.0161376918523942,0.028985611156710032
-0.04483484206506352,-0.04007958539312361,-0.06800992199907603,-0.020529742596049092,-0.01975718087972595,-0.057203883641658,-0.01973083738492474,-0.014784437990733819,0.006987228013799082,-0.010815557594372052,0.0007927138107104973,-0.005924218540056011,-0.01616229051406359,-0.06463532215835238,-0.013838905982334143,-0.03022357086950065,0.02921586384490396,-0.03923486737578143,-0.020886547888512148,-0.02263101242525835,-0.016218560012414413
0.005074580151971446,0.0370150145015562,0.06936920864393184,0.02028390152259171,0.016412366827319926,0.030824104004144943,0.02106602661816883,0.010004283434158209,0.026367005296005056,0.022960884586951832,0.009242052518375385,-0.006555447568031607,0.013282181797680136,0.056926699387604765,0.02320881612827469,0.027519744732122247,-0.03130864421540139,0.028585856963084823,0.019988424029896444,0.022613159598013396,0.002169139262282023
0.02272006314826985,0.02370077936012249,0.003369825409158319,0.0009941592923989088,0.006232249637055761,-0.024866214972561317,0.0004945732149730059,0.021873577127783792,0.0040563779455369325,0.0010688724281712476,-0.010465808048962856,-0.0015995809092614814,0.0011495501824042868,0.002801882837959574,-0.008439965341205623,0.0016024015020742505,-0.062486611211601026,0.011116558224285929,0.0035403405320008343,-0.0007944538652774943,-0.0021644442812106274
-0.04813325481204871,-0.06694532519139149,-0.006717015648311244,-0.01049617557340303,-0.018299797818713697,-0.005164598684608613,-0.015536681037772556,-0.02920820117527141,-0.018288166559926388,-0.006551316624924111,-0.010468497259421705,-0.018092357795310286,-0.015856263237807026,-0.0046568533790268115,-0.008245865424360075,-0.021140369339588246,0.07308664991770393,-0.014822750318718247,-0.022809337827501604,-0.006341464158406572,-0.015883792990636806
0.016855764496460854,0.028993554701306525,0.0777683281525725,0.007049322127843386,-0.002880000531055764,0.03179743648987626,0.009349583403453085,0.01582017837318454,-0.009063504008197618,-0.012690936226717062,-0.015796304456578248,-0.016336568194706327,0.0056197536194614,0.00998136776936392,0.008314425054439916,0.016226794332123755,-0.004497816027898354,-0.043443604483552584,0.018286515070159628,0.015796548297491622,-0.007508711370474659
0.07076824307146984,0.05468304673164599,0.0070588365232963765,0.02766677367455227,0.027953682995180303,0.03333345104811049,0.025441695555679638,0.04098361990405005,0.031041961202167925,0.01699340326154215,0.04488580367270203,0.044633728720253035,0.03201760778951344,0.061766454139212765,0.014496610699676806,0.034807653792217404,-0.05400159629687735,0.10260417371929476,0.025389236581728758,0.024248860153884857,0.0287049941990477
0.02173263396953246,0.004688414256952847,0.031152685878326543,0.004865272498833053,-0.00588733553542224,0.004260372593875095,0.002988350224387248,0.014566962167184828,0.005914083033053865,0.00042837708988572833,-0.004686426110469535,-0.017289443498783474,-0.005076480198280975,-0.02763212527406661,-0.002753140432175893,0.003885433303441117,0.024334759873083363,-0.013226202740636784,0.006332172823911952,0.007334021077231236,-0.006922002638060018
-0.015442878360869685,0.019764030915141274,0.024169246045760016,0.010329233459089114,-0.005639975878199819,0.0033333563240232553,0.014066100346344538,0.01125336181079395,0.030465003184612826,-0.011134908846645664,-0.0075855684065414845,-0.006066679082158286,0.002721253871127193,0.0206399189214995,0.004995433448738496,0.018024869319919968,0.0,0.041359401277671286,0.009680555185999456,0.01711593119413228,-0.020039130251999597
-0.003847269333988178,-0.004038092501713672,0.012536777663325848,0.016613475943613946,0.013612992440957377,-0.039263051616548895,0.010454391043822876,0.01381427439056068,-0.002593421003679306,0.010177620853753363,-0.006852824863799083,0.009359098271514177,0.02058130318338959,0.07502935214295647,0.007194397397474155,0.007386530234719503,-0.0765985678629169,0.031074875511997106,0.014621326946669488,0.016827800265685543,0.020004209129970585
0.010398018658366526,0.0010812662258275713,0.011653344083387649,0.0043995914225587705,0.003917145462554761,-0.003143667030080849,0.0058153286446919385,0.00719170775798073,0.009880390473690987,-0.0002142390519165639,0.015127562932881597,-0.011892671212217085,0.0035457340710991227,0.050708707148370384,0.015714208947604637,-0.0020486724464622674,0.0,0.00044579029432439103,0.006535928922267629,0.005557495171429885,0.008280834383953767
-0.049397134580364266,-0.03212741378277091,-0.06551483243659396,-0.046620716198423034,-0.05657744879953176,-0.018606073190913973,-0.04349857043179265,-0.02292396966787996,-0.04299702090510559,-0.05960581689318524,-0.04888892787050402,-0.06487169265009804,-0.06116827527527684,-0.17462377125375972,-0.05638675693270356,-0.037925467419371466,0.013704982728293477,-0.07237072049076672,-0.04717577541706588,-0.04532043648840912,-0.08428783239191306
0.004330331037153203,0.037656749677019145,0.042372828920563536,0.04102405503595688,0.0398816709059588,0.029562975627459718,0.034792990173793385,0.017307791166471374,0.019370768708352703,0.04035582538253291,0.032710005063397836,0.03294075758108575,0.038457053599372605,0.1920779602061504,0.04905139534976342,0.03683736378532087,-0.005692366716460885,0.06254798477943567,0.040725881871960634,0.045027794493095456,0.04224698367150622
-0.00800748400215996,-0.0008060473421999244,-0.03917216783506781,0.005359299933008174,0.010795412279386614,-0.013732833801275442,0.00400757879288078,-0.0007562078253528872,-0.003167076074646709,0.006574656131109101,0.021825935349588942,0.033157271263940136,0.007248087107847216,0.052215277918707816,0.016016707698135468,0.0012997901700401698,-0.03220416701859842,0.009042447451650884,0.0049704431926162855,0.0029545012529167084,0.03170273036288219
0.008382489712444041,0.0064566491310465565,0.018461629599539592,-0.00501717592052361,-0.0053400000411591075,-0.0037975144637829327,0.00378871386512919,-0.00718890995295731,0.006619067480843397,-0.004789847087208653,-0.010679802103195008,-0.015535507568820196,-0.008320507910987431,0.0025062539694883854,0.009153268946293806,0.0007573087913348022,-0.006408770576182166,0.007169034089090469,-0.003846689464334207,-0.0030686932863268845,-0.01953469363777437
-0.04864530737643866,-0.04009639898496265,-0.058912464529209674,-0.037188933013445294,-0.035037986410753084,-0.03907241743699751,-0.0332277553685974,-0.050304690441483925,-0.037085867482865804,-0.034128080196661484,-0.03396511195312644,-0.04235871299389973,-0.0405893048920779,-0.09750011506979953,-0.020911966278349427,-0.04194140908149144,0.07988087644115556,-0.06584207770335411,-0.03767033925758762,-0.03890659179526285,-0.02798301010937472
0.02103558564916615,0.015594484143736553,0.022471903167744858,-0.008183394683374425,-0.009077782375419405,0.04958680069201663,-0.003973889738611959,-0.012439922362496428,-0.0076482261719663545,-0.010872298045416649,-0.016080902198304742,-0.01691234198456185,-0.01500841185810756,-0.0049859837523958395,0.0042459470352415405,0.0006769585466585584,-0.035837279886339724,-0.011334343190967329,-0.005323243027428814,-0.00935202322552426,-0.015661019934872546
0.0022186763655017935,0.011790650456036724,0.018053428337924057,0.020666785354706813,0.015366442003649988,0.012913445426689513,0.01728857930638169,0.02584480195350643,0.026041195677568543,0.01561750561318542,0.03485520888171287,0.02887447020541557,0.02670122217408196,0.043986488103316713,-0.001153100802796742,0.01127524183951666,0.016440230228627027,0.038053863067143714,0.012679076028168873,0.019072049743583088,0.02481655782094976
0.046568882486087516,-0.013378849689939352,-0.062451841238184425,-0.004542555838036735,-0.005280453363223817,-0.001554711399720445,-0.002151604566481905,0.0007961041618505571,-0.013154354735517196,-0.006093337643294713,-0.0016098713275356964,-0.012473249729896774,-0.006335847861318947,0.003733454254034833,0.01971990785713834,-0.002638684214386773,0.0,-0.009407663377383977,0.00015844642837718138,-0.0040774646898710295,-0.009392729208988208
-0.09234152566198316,-0.09580344164618444,-0.06367264130911066,-0.06290743128544428,-0.06099688047702425,-0.057925970734556326,-0.05115800708451421,-0.05568812283628408,-0.07372137684187799,-0.0767485822044454,-0.06611109935877213,-0.07317050638350253,-0.06080985073604703,-0.15515410853408454,-0.052496171552319455,-0.06695139676364728,0.09118622631008692,-0.09186347717728538,-0.06209710097413975,-0.05821396867000104,-0.05226630357095274
-0.03680557408584355,-0.03236629502001838,-0.050644630124339965,-0.029565415839832007,-0.0293567079705283,-0.040991748609460206,-0.03132982254204352,-0.032013529683221215,-0.03729795511818239,-0.032956106914359413,-0.03683482394379478,-0.01785717064142591,-0.026779148755720118,-0.1037736551746706,-0.029739340151543305,-0.02660717249670289,0.06638021711621063,-0.08525987584685289,-0.031146534913166907,-0.028664598189548907,-0.03831157184583519
0.030281224965254806,0.008520049325889997,0.024248380608379427,0.024014505658110308,0.018983323818729216,-0.0051705469646293285,0.02309139459755244,0.018276693415840817,0.02135471678998794,0.03229913626933575,0.014341426959513825,0.018421136857840952,0.021185811816609588,0.0785964947427092,0.020713892659391064,0.026221462976254467,-0.0451248682742043,0.049988526553726126,0.024155852321783928,0.02531457160010961,0.02435951261994862
0.07522744708573857,0.005318982352735261,-0.02178029192626696,0.012250531968861469,0.0186294758120716,0.009008950165327151,0.006763876555610301,0.01111133395829703,-0.005376739690739443,0.0014781261372367766,0.016789474313572462,0.029363395975260963,0.01859567727264409,0.034157697043241265,0.006993023726734145,0.012052506598816964,0.023206637361195288,0.01579795248423679,0.012099941289261607,0.010912666894014844,0.016596302767637294
-0.0475106350419072,-0.06349208464611761,-0.03775419172157477,-0.053250230752972416,-0.047427108930948814,-0.015109890299080202,-0.05016801791325234,-0.054099801200287116,-0.06306290079475528,-0.0745388357944786,-0.0556199519737547,-0.0438155560297935,-0.03713355299940034,-0.20195043260521006,-0.05855135497007325,-0.047874309882013584,0.07381455304740248,-0.10452813435795104,-0.05267267574010152,-0.053299083548296516,-0.04702722599719383
-0.009224469602228093,-0.04885323732433003,-0.011066476134011264,-0.007304711440746341,-0.0068336155100601845,-0.03870297147427633,-0.00023091298994063383,-0.035746223256255365,0.022756368657914357,0.01408845986751934,0.007668492324647396,-0.004295949604490433,-0.008254937139389193,0.01340167475068108,0.005640777083784337,-0.016385280095359136,-0.02035337345439692,-0.02445651541116356,-0.007315877489845581,-0.005273900336468565,0.005369355578488696
0.04862072641400924,0.058001326711123465,0.06815879386384892,0.04378226873609392,0.044560939401742536,0.009067886551150385,0.038219174918704295,0.037534757623614176,0.06079595627572967,0.054521448754475,0.026484276610697417,0.05105444286788933,0.04656032221717794,0.09723837714527013,0.031641057422765524,0.040691943219867965,-0.058016432223134386,0.1157806284442485,0.044771941422364916,0.04226953185522104,0.051627714847446785
0.02268985913195583,0.0013209730464580265,-0.01333333599838819,0.03454348113130858,0.039836938809062965,-0.021926742687553704,0.025627808636788974,0.024118017411005128,0.03249638704986325,0.03579409888447516,0.0370698456843528,0.04173324882171955,0.0345469547089363,0.11627080211108533,0.028161079124951856,0.0160067897557024,-0.07053687164720714,0.05068902227323343,0.03236048766487593,0.028732716794776562,0.048367544450806564
0.03536974523718231,0.08278365695109594,0.050193089301193566,0.02793868375869889,0.03288090304296355,0.09151053336666994,0.02144876908125745,0.040994353667110406,0.017453561939662264,0.024958087375357464,0.023162746770101283,0.043782946097441454,0.030270001598625876,0.05081000708432655,0.014101791516140588,0.034034843269827565,-0.036266095004949116,0.04173567369262436,0.02827110237545497,0.02525730548537749,0.033910036458460094
0.012111872170499286,0.0,0.0027573809539425268,0.00596629878848621,0.010513724962368505,-0.0013468289915085467,0.009402996338584288,0.005446062165996154,0.006186557129896356,0.008194900466371972,0.009781970302354216,0.01174493021453156,0.01573994874518416,0.03868216391782772,0.017381865359165933,0.0069784955355520996,-0.025551470696443524,0.018246660763949176,0.0073097493493417655,0.007559889909302731,0.017626208126273333
0.032218449641858,0.011879369797373095,0.02108156569146869,0.012520488206006193,0.011849891403478209,0.016183474188808906,0.011416915984342269,0.01166667778856838,0.016769365684351972,0.010914895470837616,0.0274009352320686,0.01388878104944769,0.0101010070620872,0.008728592426107308,0.0003944898919796924,0.012704884049489213,-0.010488785245592585,0.02239980378172676,0.015997348052197463,0.010219758688765488,0.008112183611804286
-0.030618345411051243,-0.021071811558760624,-0.02154401574010251,-0.006807203428677786,-0.018851893364038003,0.0033178514901423747,-0.009833593804301977,-0.01853381993699555,-0.014756896389935237,-0.0147024590240303,-0.019964645809265682,-0.029533463940943583,-0.010262231518951993,0.01586396441528658,-0.001707976702315056,-0.012659700252589357,0.011804441560970384,-0.018860762971250625,-0.014122193066189032,-0.002826532520030359,-0.013906077313953031
0.043544963846232805,0.005703878900997262,0.025688077987290385,0.02697365755730481,0.02907085728848587,0.02777775014667128,0.028098499427452298,0.0302140519495844,0.031816949394323515,0.02145033854093537,0.02998631897516712,0.027613747980431726,0.026185353994370726,0.08404299239684336,0.0219766454299595,0.020677027805911668,-0.04261903062127565,0.06269901894968544,0.029306221814363813,0.024242158929742318,0.020579705235855568
-0.02233326221718224,-0.032168920085527075,-0.005366687006332457,-0.021780874101245268,-0.027793784775195708,-0.026061778490706688,-0.019165222957863454,-0.021995900511007502,-0.0021639302231070178,-0.02716301892548259,-0.0360578284294312,-0.03979472412238271,-0.033498252404935966,-0.07359875602348619,-0.023435541918665842,-0.01980538636275696,0.006466148828561861,-0.032458482817814174,-0.020391693424751427,-0.01963977831889732,-0.04900260488281902
0.02795316037782892,0.03513765083453019,0.052158172564344865,0.020628696296491385,0.018378308593452363,0.04955403701957286,0.0191224254995079,0.0187421960991725,0.021415079165966074,0.019709338644926997,0.0077584965252446205,0.037171521368910346,0.019771984466644927,0.0783151522407397,0.022943116986363383,0.01997451344658908,-0.011613684536798915,0.02060085957538438,0.021553871393106803,0.020803702700609925,0.03374376717595299
-0.036549721788205584,0.03669720334537285,0.0017094789802249008,-0.0006415630705078983,0.0014319502300127222,-0.002832871918588964,-0.0077782833668093715,0.01798845095002179,-0.02919332617401197,-0.01035440466646217,0.0002750876815378227,0.003913358398838339,0.004561917115113698,-0.033822840897232635,-0.007347310999289194,0.006112849563292289,0.010000138618040841,-0.004814789377642968,-0.0003209169278454826,-0.00037738051866033833,-0.002426037654604472
-0.01578149027884132,-0.03569338801992949,-0.026450541587098798,-0.004494291674695098,-0.009153391102896785,-0.010732321793678851,-0.007701823820320231,0.008835414379187919,-0.024877080130059327,-0.018600313950031318,-0.019241479202119476,-0.015182581761136132,-0.01827876191511428,0.002985116771958052,-0.011556827914247905,-0.007200819379902088,0.0044554376944270346,-0.023074006834925616,-0.0053767937911846225,-0.0032720277844947693,-0.022772402892516082
-0.011100886618152391,-0.0220248859062614,-0.03856265828425173,-0.002257475096084134,-0.011258502090225268,-0.013082287261822468,0.0027025729600144003,0.008757952819903103,-0.007849827113493949,-0.00923964239713912,-0.009529052260601356,-0.01354168134378034,-0.00913593241562212,0.007846199281299359,0.0013136423712428367,-0.005892993181656512,0.012321291194181046,-0.004285756446558472,-0.0021784410187195465,0.0010100240455200768,-0.02647067411174553
0.0037418105134629453,-0.004691859655911857,-0.028258824569267694,-0.015190739735860069,-0.03328456898207883,0.013255702165407493,-0.014306355247047018,-0.023283277408367036,-0.010172359309050466,-0.011477751165586485,-0.026032915617094317,-0.02302000901823013,-0.031745959444008424,-0.05181209162150601,-0.01771182481050091,-0.011057861130754236,0.014362143473778044,-0.0019129663915166933,-0.015120973029166375,-0.014757746202569415,-0.0462468292544674
-0.004038454521445357,-0.005656993963207177,0.0,-0.005251098012207597,0.003020307526729865,-0.01754944953831401,-0.00189310064200354,-0.0092929843632164,-0.007136658904706273,-0.009675792260261152,-0.005229431661822456,-0.01124074851646653,0.0013255889638243744,0.017270618056068582,0.005743229700602738,-0.0028819093324760946,0.0031197966899649,-0.016674621021010916,-0.004679821866731082,-0.005249178694209979,0.005360455210505667
0.03025567160839785,0.026548887711735608,0.007504536585145014,0.021444999338038995,0.024088867475271003,0.04319573507388697,0.016930038743708742,0.024469814148056497,0.012650868755874513,0.02442594395034225,0.014894859592979684,0.03672917601732533,0.02732644325741908,0.07876427983052912,0.014873797295040734,0.018381531094356158,-0.02177048705500131,0.022025299414306046,0.020951881654328014,0.02084942647778257,0.025206133282221592
0.02028473806132841,0.0012314005461751887,0.013035482913761352,0.0009690233130573633,0.005880764519304964,0.023661320696347868,0.004973748468267685,0.0039809646810037725,-0.006530056891996199,-0.00023843664089166118,0.008057344753174815,0.007591635379235576,0.0015232466144253231,0.017027786074787627,0.00981414781574132,0.001475866271325077,-0.02005369251632824,0.010584390632843723,0.0016968246143995677,-0.0026473912554053013,0.008274218723734496
-0.018397613867327862,-0.023677631018083282,-0.01746334840895772,-0.009357687566175202,-0.011400102448964609,-0.012773649728956973,-0.006804910734832143,-0.016653584848815267,0.00514413257002859,0.002384959306893853,-0.01655725429331566,-0.004813620986455904,-0.009476909545433496,-0.0405885090579264,-0.008163784363979212,-0.015302672830565729,-0.020713604676548137,-0.003963020556031265,-0.009759785129636829,-0.007837152314467022,-0.022039828593337345
-0.021160916477404482,-0.004724504513526118,-0.020579832806343668,-0.008469054338020622,-0.004730919615062475,0.008934085780147694,-0.010589275563408213,-0.010886880116182955,-0.03696327388557473,-0.02141329725666738,-0.007837302704922217,0.002523648424994075,-0.004960975957468424,-0.024061234626191474,-0.012411943725629784,-0.007597708406226806,0.04485197966345695,-0.016767887843075792,-0.004805571925374239,-0.007134668148576045,-0.0064734399311162935
-0.02378004405718369,-0.04082287988078817,-0.011461333846490144,-0.017161210559731112,-0.02228169724325718,-0.02381688333890949,-0.02000525416075974,-0.019568074664181204,-0.02539608966160521,-0.010760817349693662,-0.00015216982115813908,-0.007955820516487844,-0.024107970457858015,-0.002438380335713656,-0.0015872774709633289,-0.035726653826200286,0.0,-0.02794097288175026,-0.024963252729360147,-0.019119547843778152,-0.0045387147576488865
-0.0025308875822197627,0.014114337856435247,0.04927535497188766,0.03186858386128436,0.03571207369608834,0.0553645544008926,0.03460906562500909,0.02370075576789541,0.025812449731433245,0.02668630052042647,0.02847902461183091,0.019499757205091724,0.03402429054170384,0.07794683033248727,0.029813167132407288,0.036217558467801315,0.030975678951529258,0.05197717563058942,0.036224577375458616,0.03544722384684492,0.03017022241006535
0.0019029126778284855,-0.004940734026986955,-0.011049835865160524,0.02243187958404313,0.024124903775812216,0.0062240597312882544,0.021369343606040488,0.02680752634232981,0.016281922531101386,0.020938796891519357,0.01655731494587731,0.02474007959859502,0.02158258526754318,0.08163263710590861,0.022259203168985067,0.0089170326234243,-0.054412116268628165,0.027618099550801443,0.020887691948254974,0.02218832130794652,0.02479935892151787
0.0307059589193944,0.06189999818366501,0.03631283087619962,0.00794900247027689,0.010916487466936829,0.01148734702190448,0.008260594311404013,0.011075798053255046,0.038158937671027286,0.002828858561647728,0.0033699143803762825,0.017650721450070874,0.011544821082099584,-0.010715091901039156,0.0006294891746447478,0.021397813030981372,-0.06780088578232589,0.022748057437980036,0.00788144297638404,0.004465471761905304,0.008066387173205838
0.016277582700032395,0.010598423352747036,0.01168020093509487,0.00883280773586445,0.016482017997257525,0.006697705681406932,0.005372466964010217,0.00665097266970565,0.0014029681903151982,0.00940294482718728,0.0033582794940073394,0.012161001050508366,0.01141277425159764,0.02236865062575945,0.009433926302180413,0.005806601210237309,0.0,0.009506663131694664,0.009636794967369426,0.007656055317954591,0.017146931732874723
0.0377759125123972,0.02190009740125002,0.006216697676997786,0.0006253631247791853,0.007548202787809536,0.0263234069113699,-0.002672091455945285,-0.01321413778483678,-0.013168973615973176,0.00209591559225958,0.010320893602822769,-0.005121092801093684,0.007222027277746111,0.05043778326453535,0.0011214567142072977,0.012565072370664851,0.0,-0.005063799465224731,0.0003910959694075977,0.0002452644050138744,0.013486105039113431
0.0020383464583100318,-0.0006036385658665879,0.00970871358549345,-0.0037498661027934774,-0.008324183351326975,0.010428384708317744,-0.00040178103653311516,0.002363274343030928,-0.005962462176063298,0.0013943076196648947,0.007730498556845556,-0.010096960008686729,-0.005489660349254152,-0.007893081540646392,0.0018670527922807773,0.0027949013608450433,0.003489048075328216,-0.0007143463546101643,-0.0031282262927704685,-0.0006126095653498983,-0.005766263518180409
0.034873541774096635,0.01449690459532251,0.04020977401310802,0.007841850774103683,0.01091217962579274,-0.016178463316582018,0.0077723103035667795,0.005893857825874635,0.004569866576403569,0.011371710446200528,0.0038357532039461797,-0.0037999694779247955,0.008674051803518646,0.021657448015911903,0.014536090653545369,0.01070242879909757,-0.007221170170563133,0.020373433763099448,0.007923456309018554,0.0052713200853160965,0.01516814451102929
-0.012636931202220343,0.0,-0.014285655077822004,-0.005291285989933771,0.004982080312076325,0.007371770124311478,-0.008244196198974658,-0.003124946298770659,-0.0017056434629196039,-0.000917752986014678,0.010917177692256258,0.010439646534604708,0.0050256123398632795,-0.033960740545542795,-0.009919269955204106,-0.0011031576925484997,-0.009159397687030484,-0.018565477222409418,-0.004825689496138394,-0.006097416380977147,0.009448632897777271
-0.01820244110391442,-0.011014886721753566,0.0,-0.006883300718185609,-0.011291741492161472,-0.023642109861628614,-0.011530625619463051,-0.01606590131960882,-0.006551067189743733,-0.01171355649805628,0.002969635370713722,-0.015299014565318434,-0.012779156981920786,-0.03470655980294917,-0.017192269876547588,-0.01004846949384109,0.03425763354565711,-0.025876781131674825,-0.0071171541752558624,-0.006871200126214546,-0.020026045759196868
0.015932873911630775,0.02799501867203844,0.02557544002000331,0.000945104955362136,-0.0011141681529227656,0.04929382037513322,0.0056293014143940535,0.013938481034365015,0.010321341488690879,0.0074365735944048345,-0.026917902677175098,-0.006255036762642496,-0.002588913211444361,-0.003479550729500233,-0.001132698373619809,0.008254252882490844,-0.0015773288864097633,9.167116496935043e-05,0.0006302038359341411,-0.0007411894925465175,-0.01132844421465523
0.013116472478998465,-0.010248898646017041,0.014131366237057857,-0.026125289873456286,-0.03179039533626322,-0.008791086195980279,-0.025559925565870167,-0.021602355948893225,-0.011634561011443258,-0.03552480048951508,-0.030982151815964313,-0.02680203608421062,-0.029116232454030437,-0.10335181461321252,-0.02960819858213438,-0.02279009454233553,0.016324387732372624,-0.011540658212227188,-0.028261106295348944,-0.030291909813479723,-0.02224207237669437
0.010413974208378557,-0.026035359016119496,0.0,-0.00032322534241978465,0.0072004148633178,-0.0008316553955301209,0.004014391716105972,0.0,-0.003445375695326105,0.006936170928956964,0.002569085110506985,-0.0020862991195818308,-0.0004649452637628471,0.03037371345167882,0.0011685960235090608,-0.008943592965205343,0.02409320800605696,-0.02242395436466155,0.0051037286565712905,0.0010199813813279405,0.005285019872010396
