BJK,CARZ,CHIQ,FDIS,FXD,INCO,IYC,JHMC,PBS,PEJ,PEZ,PMR,PSCD,RCD,RETL,RTH,RXI,SCC,UCC,VCR,WBIA,XLY,XRT
0.0022186763655017935,0.011790650456036724,0.018053428337924057,0.020666785354706813,0.015366442003649988,0.012913445426689513,0.01728857930638169,0.0028584049010479,0.02584480195350643,0.026041195677568543,0.01561750561318542,0.03485520888171287,0.02887447020541557,0.02670122217408196,0.043986488103316713,-0.001153100802796742,0.01127524183951666,0.016440230228627027,0.038053863067143714,0.012679076028168873,0.02478772673004201,0.019072049743583088,0.02481655782094976
0.046568882486087516,-0.013378849689939352,-0.062451841238184425,-0.004542555838036735,-0.005280453363223817,-0.001554711399720445,-0.002151604566481905,0.00503366282974245,0.0007961041618505571,-0.013154354735517196,-0.006093337643294713,-0.0016098713275356964,-0.012473249729896774,-0.006335847861318947,0.003733454254034833,0.01971990785713834,-0.002638684214386773,0.0,-0.009407663377383977,0.00015844642837718138,-0.007901851432453746,-0.0040774646898710295,-0.009392729208988208
-0.09234152566198316,-0.09580344164618444,-0.06367264130911066,-0.06290743128544428,-0.06099688047702425,-0.057925970734556326,-0.05115800708451421,-0.05489732420146989,-0.05568812283628408,-0.07372137684187799,-0.0767485822044454,-0.06611109935877213,-0.07317050638350253,-0.06080985073604703,-0.15515410853408454,-0.052496171552319455,-0.06695139676364728,0.09118622631008692,-0.09186347717728538,-0.06209710097413975,-0.06560187455857347,-0.05821396867000104,-0.05226630357095274
-0.03680557408584355,-0.03236629502001838,-0.050644630124339965,-0.029565415839832007,-0.0293567079705283,-0.040991748609460206,-0.03132982254204352,-0.05181773209725304,-0.032013529683221215,-0.03729795511818239,-0.032956106914359413,-0.03683482394379478,-0.01785717064142591,-0.026779148755720118,-0.1037736551746706,-0.029739340151543305,-0.02660717249670289,0.06638021711621063,-0.08525987584685289,-0.031146534913166907,-0.012814643185942871,-0.028664598189548907,-0.03831157184583519
0.030281224965254806,0.008520049325889997,0.024248380608379427,0.024014505658110308,0.018983323818729216,-0.0051705469646293285,0.02309139459755244,0.015425326718744971,0.018276693415840817,0.02135471678998794,0.03229913626933575,0.014341426959513825,0.018421136857840952,0.021185811816609588,0.0785964947427092,0.020713892659391064,0.026221462976254467,-0.0451248682742043,0.049988526553726126,0.024155852321783928,0.007692344214440005,0.02531457160010961,0.02435951261994862
0.07522744708573857,0.005318982352735261,-0.02178029192626696,0.012250531968861469,0.0186294758120716,0.009008950165327151,0.006763876555610301,0.008680500624678775,0.01111133395829703,-0.005376739690739443,0.0014781261372367766,0.016789474313572462,0.029363395975260963,0.01859567727264409,0.034157697043241265,0.006993023726734145,0.012052506598816964,0.023206637361195288,0.01579795248423679,0.012099941289261607,0.015744482567659684,0.010912666894014844,0.016596302767637294
-0.0475106350419072,-0.06349208464611761,-0.03775419172157477,-0.053250230752972416,-0.047427108930948814,-0.015109890299080202,-0.05016801791325234,-0.020653942100877315,-0.054099801200287116,-0.06306290079475528,-0.0745388357944786,-0.0556199519737547,-0.0438155560297935,-0.03713355299940034,-0.20195043260521006,-0.05855135497007325,-0.047874309882013584,0.07381455304740248,-0.10452813435795104,-0.05267267574010152,-0.028182228743681162,-0.053299083548296516,-0.04702722599719383
-0.009224469602228093,-0.04885323732433003,-0.011066476134011264,-0.007304711440746341,-0.0068336155100601845,-0.03870297147427633,-0.00023091298994063383,-0.015377975455009216,-0.035746223256255365,0.022756368657914357,0.01408845986751934,0.007668492324647396,-0.004295949604490433,-0.008254937139389193,0.01340167475068108,0.005640777083784337,-0.016385280095359136,-0.02035337345439692,-0.02445651541116356,-0.007315877489845581,-0.008265122026494959,-0.005273900336468565,0.005369355578488696
0.04862072641400924,0.058001326711123465,0.06815879386384892,0.04378226873609392,0.044560939401742536,0.009067886551150385,0.038219174918704295,0.05711749423808338,0.037534757623614176,0.06079595627572967,0.054521448754475,0.026484276610697417,0.05105444286788933,0.04656032221717794,0.09723837714527013,0.031641057422765524,0.040691943219867965,-0.058016432223134386,0.1157806284442485,0.044771941422364916,0.014182021505316647,0.04226953185522104,0.051627714847446785
0.02268985913195583,0.0013209730464580265,-0.01333333599838819,0.03454348113130858,0.039836938809062965,-0.021926742687553704,0.025627808636788974,0.025200458543139383,0.024118017411005128,0.03249638704986325,0.03579409888447516,0.0370698456843528,0.04173324882171955,0.0345469547089363,0.11627080211108533,0.028161079124951856,0.0160067897557024,-0.07053687164720714,0.05068902227323343,0.03236048766487593,0.010091582164897528,0.028732716794776562,0.048367544450806564
0.03536974523718231,0.08278365695109594,0.050193089301193566,0.02793868375869889,0.03288090304296355,0.09151053336666994,0.02144876908125745,0.02841021151837097,0.040994353667110406,0.017453561939662264,0.024958087375357464,0.023162746770101283,0.043782946097441454,0.030270001598625876,0.05081000708432655,0.014101791516140588,0.034034843269827565,-0.036266095004949116,0.04173567369262436,0.02827110237545497,0.006422416669968436,0.02525730548537749,0.033910036458460094
0.012111872170499286,0.0,0.0027573809539425268,0.00596629878848621,0.010513724962368505,-0.0013468289915085467,0.009402996338584288,0.01012940911599222,0.005446062165996154,0.006186557129896356,0.008194900466371972,0.009781970302354216,0.01174493021453156,0.01573994874518416,0.03868216391782772,0.017381865359165933,0.0069784955355520996,-0.025551470696443524,0.018246660763949176,0.0073097493493417655,0.0017016800282325026,0.007559889909302731,0.017626208126273333
0.032218449641858,0.011879369797373095,0.02108156569146869,0.012520488206006193,0.011849891403478209,0.016183474188808906,0.011416915984342269,0.022195830649602236,0.01166667778856838,0.016769365684351972,0.010914895470837616,0.0274009352320686,0.01388878104944769,0.0101010070620872,0.008728592426107308,0.0003944898919796924,0.012704884049489213,-0.010488785245592585,0.02239980378172676,0.015997348052197463,0.008446959090883688,0.010219758688765488,0.008112183611804286
-0.030618345411051243,-0.021071811558760624,-0.02154401574010251,-0.006807203428677786,-0.018851893364038003,0.0033178514901423747,-0.009833593804301977,-0.02093830695899944,-0.01853381993699555,-0.014756896389935237,-0.0147024590240303,-0.019964645809265682,-0.029533463940943583,-0.010262231518951993,0.01586396441528658,-0.001707976702315056,-0.012659700252589357,0.011804441560970384,-0.018860762971250625,-0.014122193066189032,-0.009359052118639202,-0.002826532520030359,-0.013906077313953031
0.043544963846232805,0.005703878900997262,0.025688077987290385,0.02697365755730481,0.02907085728848587,0.02777775014667128,0.028098499427452298,0.02724742160099566,0.0302140519495844,0.031816949394323515,0.02145033854093537,0.02998631897516712,0.027613747980431726,0.026185353994370726,0.08404299239684336,0.0219766454299595,0.020677027805911668,-0.04261903062127565,0.06269901894968544,0.029306221814363813,0.016060562078554247,0.024242158929742318,0.020579705235855568
-0.02233326221718224,-0.032168920085527075,-0.005366687006332457,-0.021780874101245268,-0.027793784775195708,-0.026061778490706688,-0.019165222957863454,-0.01862137171419224,-0.021995900511007502,-0.0021639302231070178,-0.02716301892548259,-0.0360578284294312,-0.03979472412238271,-0.033498252404935966,-0.07359875602348619,-0.023435541918665842,-0.01980538636275696,0.006466148828561861,-0.032458482817814174,-0.020391693424751427,-0.010227729530376891,-0.01963977831889732,-0.04900260488281902
0.02795316037782892,0.03513765083453019,0.052158172564344865,0.020628696296491385,0.018378308593452363,0.04955403701957286,0.0191224254995079,0.013553326869827888,0.0187421960991725,0.021415079165966074,0.019709338644926997,0.0077584965252446205,0.037171521368910346,0.019771984466644927,0.0783151522407397,0.022943116986363383,0.01997451344658908,-0.011613684536798915,0.02060085957538438,0.021553871393106803,0.010803158992698505,0.020803702700609925,0.03374376717595299
-0.036549721788205584,0.03669720334537285,0.0017094789802249008,-0.0006415630705078983,0.0014319502300127222,-0.002832871918588964,-0.0077782833668093715,0.003100820316739723,0.01798845095002179,-0.02919332617401197,-0.01035440466646217,0.0002750876815378227,0.003913358398838339,0.004561917115113698,-0.033822840897232635,-0.007347310999289194,0.006112849563292289,0.010000138618040841,-0.004814789377642968,-0.0003209169278454826,0.0,-0.00037738051866033833,-0.002426037654604472
-0.01578149027884132,-0.03569338801992949,-0.026450541587098798,-0.004494291674695098,-0.009153391102896785,-0.010732321793678851,-0.007701823820320231,-0.015069518533406075,0.008835414379187919,-0.024877080130059327,-0.018600313950031318,-0.019241479202119476,-0.015182581761136132,-0.01827876191511428,0.002985116771958052,-0.011556827914247905,-0.007200819379902088,0.0044554376944270346,-0.023074006834925616,-0.0053767937911846225,-0.015752893948191966,-0.0032720277844947693,-0.022772402892516082
-0.011100886618152391,-0.0220248859062614,-0.03856265828425173,-0.002257475096084134,-0.011258502090225268,-0.013082287261822468,0.0027025729600144003,0.01608465482908663,0.008757952819903103,-0.007849827113493949,-0.00923964239713912,-0.009529052260601356,-0.01354168134378034,-0.00913593241562212,0.007846199281299359,0.0013136423712428367,-0.005892993181656512,0.012321291194181046,-0.004285756446558472,-0.0021784410187195465,0.005760076552996303,0.0010100240455200768,-0.02647067411174553
0.0037418105134629453,-0.004691859655911857,-0.028258824569267694,-0.015190739735860069,-0.03328456898207883,0.013255702165407493,-0.014306355247047018,-0.03822384029379123,-0.023283277408367036,-0.010172359309050466,-0.011477751165586485,-0.026032915617094317,-0.02302000901823013,-0.031745959444008424,-0.05181209162150601,-0.01771182481050091,-0.011057861130754236,0.014362143473778044,-0.0019129663915166933,-0.015120973029166375,-0.010468238616579048,-0.014757746202569415,-0.0462468292544674
-0.004038454521445357,-0.005656993963207177,0.0,-0.005251098012207597,0.003020307526729865,-0.01754944953831401,-0.00189310064200354,-0.003613027648759157,-0.0092929843632164,-0.007136658904706273,-0.009675792260261152,-0.005229431661822456,-0.01124074851646653,0.0013255889638243744,0.017270618056068582,0.005743229700602738,-0.0028819093324760946,0.0031197966899649,-0.016674621021010916,-0.004679821866731082,0.00474397598362457,-0.005249178694209979,0.005360455210505667
0.03025567160839785,0.026548887711735608,0.007504536585145014,0.021444999338038995,0.024088867475271003,0.04319573507388697,0.016930038743708742,0.01490722294146538,0.024469814148056497,0.012650868755874513,0.02442594395034225,0.014894859592979684,0.03672917601732533,0.02732644325741908,0.07876427983052912,0.014873797295040734,0.018381531094356158,-0.02177048705500131,0.022025299414306046,0.020951881654328014,0.028470351837636774,0.02084942647778257,0.025206133282221592
0.02028473806132841,0.0012314005461751887,0.013035482913761352,0.0009690233130573633,0.005880764519304964,0.023661320696347868,0.004973748468267685,0.0,0.0039809646810037725,-0.006530056891996199,-0.00023843664089166118,0.008057344753174815,0.007591635379235576,0.0015232466144253231,0.017027786074787627,0.00981414781574132,0.001475866271325077,-0.02005369251632824,0.010584390632843723,0.0016968246143995677,0.0026165990643358212,-0.0026473912554053013,0.008274218723734496
-0.018397613867327862,-0.023677631018083282,-0.01746334840895772,-0.009357687566175202,-0.011400102448964609,-0.012773649728956973,-0.006804910734832143,0.0031759097536532407,-0.016653584848815267,0.00514413257002859,0.002384959306893853,-0.01655725429331566,-0.004813620986455904,-0.009476909545433496,-0.0405885090579264,-0.008163784363979212,-0.015302672830565729,-0.020713604676548137,-0.003963020556031265,-0.009759785129636829,0.0027472886059918392,-0.007837152314467022,-0.022039828593337345
-0.021160916477404482,-0.004724504513526118,-0.020579832806343668,-0.008469054338020622,-0.004730919615062475,0.008934085780147694,-0.010589275563408213,-0.005935885797104879,-0.010886880116182955,-0.03696327388557473,-0.02141329725666738,-0.007837302704922217,0.002523648424994075,-0.004960975957468424,-0.024061234626191474,-0.012411943725629784,-0.007597708406226806,0.04485197966345695,-0.016767887843075792,-0.004805571925374239,-0.011187166531152207,-0.007134668148576045,-0.0064734399311162935
-0.02378004405718369,-0.04082287988078817,-0.011461333846490144,-0.017161210559731112,-0.02228169724325718,-0.02381688333890949,-0.02000525416075974,-0.024283470595048956,-0.019568074664181204,-0.02539608966160521,-0.010760817349693662,-0.00015216982115813908,-0.007955820516487844,-0.024107970457858015,-0.002438380335713656,-0.0015872774709633289,-0.035726653826200286,0.0,-0.02794097288175026,-0.024963252729360147,-0.014777253977635296,-0.019119547843778152,-0.0045387147576488865
-0.0025308875822197627,0.014114337856435247,0.04927535497188766,0.03186858386128436,0.03571207369608834,0.0553645544008926,0.03460906562500909,0.029731997077315775,0.02370075576789541,0.025812449731433245,0.02668630052042647,0.02847902461183091,0.019499757205091724,0.03402429054170384,0.07794683033248727,0.029813167132407288,0.036217558467801315,0.030975678951529258,0.05197717563058942,0.036224577375458616,0.015701904138139176,0.03544722384684492,0.03017022241006535
0.0019029126778284855,-0.004940734026986955,-0.011049835865160524,0.02243187958404313,0.024124903775812216,0.0062240597312882544,0.021369343606040488,0.02191753900632205,0.02680752634232981,0.016281922531101386,0.020938796891519357,0.01655731494587731,0.02474007959859502,0.02158258526754318,0.08163263710590861,0.022259203168985067,0.0089170326234243,-0.054412116268628165,0.027618099550801443,0.020887691948254974,0.016151352526664758,0.02218832130794652,0.02479935892151787
0.0307059589193944,0.06189999818366501,0.03631283087619962,0.00794900247027689,0.010916487466936829,0.01148734702190448,0.008260594311404013,0.01193274796458666,0.011075798053255046,0.038158937671027286,0.002828858561647728,0.0033699143803762825,0.017650721450070874,0.011544821082099584,-0.010715091901039156,0.0006294891746447478,0.021397813030981372,-0.06780088578232589,0.022748057437980036,0.00788144297638404,0.0009084311733927367,0.004465471761905304,0.008066387173205838
0.016277582700032395,0.010598423352747036,0.01168020093509487,0.00883280773586445,0.016482017997257525,0.006697705681406932,0.005372466964010217,0.009248517449302815,0.00665097266970565,0.0014029681903151982,0.00940294482718728,0.0033582794940073394,0.012161001050508366,0.01141277425159764,0.02236865062575945,0.009433926302180413,0.005806601210237309,0.0,0.009506663131694664,0.009636794967369426,0.016787397570895726,0.007656055317954591,0.017146931732874723
0.0377759125123972,0.02190009740125002,0.006216697676997786,0.0006253631247791853,0.007548202787809536,0.0263234069113699,-0.002672091455945285,0.0030545491402324946,-0.01321413778483678,-0.013168973615973176,0.00209591559225958,0.010320893602822769,-0.005121092801093684,0.007222027277746111,0.05043778326453535,0.0011214567142072977,0.012565072370664851,0.0,-0.005063799465224731,0.0003910959694075977,0.004239227024345433,0.0002452644050138744,0.013486105039113431
0.0020383464583100318,-0.0006036385658665879,0.00970871358549345,-0.0037498661027934774,-0.008324183351326975,0.010428384708317744,-0.00040178103653311516,-0.007232452428619217,0.002363274343030928,-0.005962462176063298,0.0013943076196648947,0.007730498556845556,-0.010096960008686729,-0.005489660349254152,-0.007893081540646392,0.0018670527922807773,0.0027949013608450433,0.003489048075328216,-0.0007143463546101643,-0.0031282262927704685,-0.008487133515181624,-0.0006126095653498983,-0.005766263518180409
0.034873541774096635,0.01449690459532251,0.04020977401310802,0.007841850774103683,0.01091217962579274,-0.016178463316582018,0.0077723103035667795,0.01035277300853567,0.005893857825874635,0.004569866576403569,0.011371710446200528,0.0038357532039461797,-0.0037999694779247955,0.008674051803518646,0.021657448015911903,0.014536090653545369,0.01070242879909757,-0.007221170170563133,0.020373433763099448,0.007923456309018554,-0.00483979182621557,0.0052713200853160965,0.01516814451102929
-0.012636931202220343,0.0,-0.014285655077822004,-0.005291285989933771,0.004982080312076325,0.007371770124311478,-0.008244196198974658,-0.003795257423593872,-0.003124946298770659,-0.0017056434629196039,-0.000917752986014678,0.010917177692256258,0.010439646534604708,0.0050256123398632795,-0.033960740545542795,-0.009919269955204106,-0.0011031576925484997,-0.009159397687030484,-0.018565477222409418,-0.004825689496138394,-0.00027022826356569256,-0.006097416380977147,0.009448632897777271
-0.01820244110391442,-0.011014886721753566,0.0,-0.006883300718185609,-0.011291741492161472,-0.023642109861628614,-0.011530625619463051,-0.011809354124630857,-0.01606590131960882,-0.006551067189743733,-0.01171355649805628,0.002969635370713722,-0.015299014565318434,-0.012779156981920786,-0.03470655980294917,-0.017192269876547588,-0.01004846949384109,0.03425763354565711,-0.025876781131674825,-0.0071171541752558624,-0.00445942123418083,-0.006871200126214546,-0.020026045759196868
0.015932873911630775,0.02799501867203844,0.02557544002000331,0.000945104955362136,-0.0011141681529227656,0.04929382037513322,0.0056293014143940535,0.001541873834810296,0.013938481034365015,0.010321341488690879,0.0074365735944048345,-0.026917902677175098,-0.006255036762642496,-0.002588913211444361,-0.003479550729500233,-0.001132698373619809,0.008254252882490844,-0.0015773288864097633,9.167116496935043e-05,0.0006302038359341411,0.01036140636630906,-0.0007411894925465175,-0.01132844421465523
0.013116472478998465,-0.010248898646017041,0.014131366237057857,-0.026125289873456286,-0.03179039533626322,-0.008791086195980279,-0.025559925565870167,-0.02663580269333491,-0.021602355948893225,-0.011634561011443258,-0.03552480048951508,-0.030982151815964313,-0.02680203608421062,-0.029116232454030437,-0.10335181461321252,-0.02960819858213438,-0.02279009454233553,0.016324387732372624,-0.011540658212227188,-0.028261106295348944,-0.02709344187245297,-0.030291909813479723,-0.02224207237669437
0.010413974208378557,-0.026035359016119496,0.0,-0.00032322534241978465,0.0072004148633178,-0.0008316553955301209,0.004014391716105972,0.0007512856263542619,0.0,-0.003445375695326105,0.006936170928956964,0.002569085110506985,-0.0020862991195818308,-0.0004649452637628471,0.03037371345167882,0.0011685960235090608,-0.008943592965205343,0.02409320800605696,-0.02242395436466155,0.0051037286565712905,-0.008976067615604223,0.0010199813813279405,0.005285019872010396
0.00389966551360204,0.025212467349700854,0.004917996830400575,0.01928906806942111,0.01172439780523893,0.00610276074848165,0.013648268775949459,0.01631965220143321,0.014949566748548753,0.03237510600457336,0.015781762412475697,0.009642298084607152,0.03262371844751786,0.013759165769717484,0.043587836707206055,0.01219043175495515,0.022046973693781145,-0.028585708686789533,0.03554498584114942,0.012331712981180095,0.01114733601910994,0.018643834993361863,0.004032973995237045
0.007491499646561994,-0.01606399534964919,-0.008156633101810985,0.001591442755575066,-0.0011121164953312448,-0.0024814817732878307,0.0004081723714884223,-0.003421444140830251,0.011885948363454477,-0.005313214404290023,-0.007960564857011259,-0.013276850287047514,-0.013184606910488684,0.0008049215881145076,0.027281453355376645,-0.0010249753971893222,-0.0013414124731099734,-0.014323097152013534,-0.001373012480176462,0.004952412625882358,0.0032154605493911,0.004644234141779799,-0.0052537379715711825
-0.004131103778511118,0.017835473718555744,0.01973695792424484,-0.0034953879873778422,0.00028381218965841033,0.024599301695168472,-0.004255926781569469,0.0010923861860052963,-0.009788577037666413,0.003092603434593439,-0.009912659173305787,0.004294405112664363,-0.006372017600385561,0.001149341526662943,-0.004935468781536861,-0.0026934784866172365,-0.0026860017605843892,0.004755714018057372,-0.006691022799798257,-0.004453493530526818,-0.012133679313747463,-0.0037481835931636154,0.006888715071998673
-0.016316227837011813,-0.0026728527788694627,-0.01935495008871796,-0.012755076770148576,-0.0204197624662213,-0.02212030572712565,-0.006503353932192459,-0.012899310979349838,-0.01977060088144976,0.007006748973979954,-0.012395881790005985,-0.002280626026281701,-0.014067020910172165,-0.011937577516156758,-0.038970210407856885,-0.005658443279068836,-0.007294349436151545,0.04601641655140051,-9.227373892543687e-05,-0.01182317418810958,-0.012282713824395207,-0.010659730529253841,-0.016647678748591004
-0.005622811021900288,0.00744478819436895,0.012335652637963004,0.0074288914907138,0.002316016679481989,-0.0016552062697193705,0.00806174842907407,0.003592612180755339,0.010084680636608216,0.023935406766608568,0.0028964270680811193,-0.006857194736008706,-0.015526781417257404,0.003136479461459694,0.009338886596579587,-0.002974629656627639,0.0056523608514011435,-0.018853823558873144,-0.02177931642504161,0.007356664945575216,-0.014547190976880368,0.008873160379221787,-0.003942233411611225
-0.015267065316067094,0.005911874249480209,-0.020308755482635082,-0.018916271538787617,-0.01502007534276384,-0.010223903528840431,-0.021326289638347283,-0.014555638362574862,-0.017971304576212436,-0.01821135104093941,-0.02767742291548896,-0.010356766453545791,-0.01939460545586815,-0.01378100943237883,-0.06939355282415206,-0.030873041841775157,-0.012702363812798904,0.024340078732028626,-0.022641373703666874,-0.01861807931362737,-0.01571429672640189,-0.019474836737313067,-0.019092156130397327
0.007751755770158942,-0.0399648814760629,-0.033996739310417315,-0.016666568293262494,-0.018475109729933287,-0.022892234096292145,-0.015365066401454219,-0.007983897343161682,-0.01667346232966744,-0.006367785507879125,-0.016336418085054115,-0.015406998866433359,-0.012605890390247322,-0.01608736239615923,-0.07090540945127465,-0.0206129583884063,-0.022088253410282317,0.018009181055675384,-0.030888164595048256,-0.016354601989413662,-0.006773058172447496,-0.016786141751605387,-0.025160106975060298
-0.00797709562811606,0.008876645781949103,-0.0008583178375543251,0.04220658225309053,0.045712526439824167,-0.07514278416429336,0.03894179801360445,0.034044219087352064,0.04880071480436029,0.062413053129144136,0.029944562220625214,0.05107773233520234,0.10059426515323773,0.050006037250049734,0.10363285598947146,0.040317166890530776,0.021655726796439973,-0.036363480137240084,0.07161347892024729,0.042730116011608914,0.08207493106368323,0.03896785290441774,0.08132447662820455
0.0307294236702797,-0.0009099412936059418,0.012886639064031024,0.0213647297297875,0.021142899727096362,-0.024405333513734712,0.02048187743240801,0.02580166256406117,0.023659330539745425,0.038814585659781665,0.025897886299781948,0.03820208544379634,0.021999974584028158,0.024664525592317615,0.044909311442833263,0.017078064702542622,0.014700813907495912,-0.07317708339390863,0.04563617820243248,0.01969222168295833,0.02282242717562053,0.018564789578722363,0.02026573188144295
0.029813400456088462,0.01913137398177189,0.013570812086801337,0.023727667868329836,0.02490229255070902,-0.001266618674879922,0.02174345910431048,0.02371116164184889,0.009630054145130408,0.01842958322154411,0.025720208324931763,0.012175450326578413,0.03757337748892385,0.02096515419923978,0.09157532963409208,0.01898745992126772,0.018980317638361503,-0.034938065777876774,0.030311239652394895,0.023768642970134708,0.022137139980286685,0.02192126259421964,0.029353237086814563
-0.015692670451085106,-0.0035756623803445842,-0.007531457249647835,-0.020432998625186813,-0.018018295958426685,0.018072357717219018,-0.014471120501906059,-0.0212718389304165,-0.030522659394583262,-0.020822897635381768,-0.014627202095971103,-0.010157663503769685,-0.026216529009252167,-0.02325064700028215,-0.06935136103116216,-0.01394347584928341,-0.013887338785614992,0.0,-0.018635205501231503,-0.02031478945833633,-0.0055973874533355224,-0.01855881090415731,-0.022083960960258543
-0.015118273532643962,0.058612502570922334,0.011804475799962041,0.036114717295709815,0.041701660114122636,0.037994296447936116,0.030696027962490307,0.014388381307299346,0.045257703523207064,0.04126571445547119,0.029453239871137207,0.04212800468781989,0.07766818134536696,0.039933208527283895,0.1528846007293007,0.027509956634495392,0.03721922833976602,-0.03078686557600145,0.060131866020478326,0.03811963326982317,0.0346393816397827,0.035240777013569015,0.05108517284800435
-0.019536546946539887,-0.014406693398165553,-0.047499957150917364,-0.01772838126332741,-0.02802261508135829,-0.022802206901580985,-0.0073487454490065605,0.010451716214757935,-0.006400533768976368,-0.015074157762715456,-0.014648596483556663,-0.01243841676580411,-0.03666445889495863,-0.02973585671855963,-0.10904924119666028,-0.01063430529331992,-0.00937505535720902,-0.00647052161080521,-0.005307266604029567,-0.019298370254960742,-0.00991825533669217,-0.01921474856537787,-0.042344354498791564
-0.0384288458450859,-0.002006420352309376,-0.020997403762052398,0.001437899636032543,-0.01427775935268026,-0.02609772334934933,-0.007078457533316584,-0.014407068086642634,0.0030313012957113267,0.007035695916104506,-0.00180104151078637,-0.03542143646854302,-0.007314762400486645,-0.010251304981702493,-0.11420548353131432,-0.029590340862952664,-0.007288189998208545,0.019834131818320302,0.011254760783204148,0.0016893188335148268,-0.004565189016848062,0.0030018010104900226,-0.028035029186057527
0.03312593531883492,-0.004136197681346928,0.0008936015819815041,-0.012887804957710356,-0.0084426124411277,0.022091529928031057,-0.008817190732434355,-0.013476583701266968,-0.009822338201168693,-0.016465890621988662,-0.017948897012916794,-0.018831770810429662,-0.01077912537086638,-0.013294552769911669,-0.013309067489165036,0.005475166428751104,-0.004880536394612227,0.026705462149070616,-0.05227547050738727,-0.011143493125476214,-0.014437283869598324,-0.012734908547218962,-0.009217541969445523
0.02570901235807869,0.03660687604207279,0.04070431901905319,0.02160908054319765,0.005633916317903985,0.025933869822643254,0.01714893420735191,0.018586182811938152,0.024799723497734884,0.010994414091944559,0.0049847135594408044,-0.0050071281657211465,-0.012999525026798912,0.015511772055572698,-0.02519190300300861,0.012664948081585557,0.0221826413606041,-0.03477536650322667,0.025859790130290054,0.02028425554850869,0.008805765340048306,0.023587196248181282,-0.008168929719062754
0.0011525858575981045,0.009809410696673987,0.02787470875691877,0.008833155835927841,-0.004761970216412057,0.012037332851330684,0.00930862766347327,0.0056667982209081215,0.013030581069480292,0.0064262901568557925,0.005195907309344821,-0.003075383263171557,0.0005810587802050872,0.0014493444049779873,0.024157476234432863,0.0053412335915040635,0.008138099321814817,-0.0041006926382248544,0.030894622025322886,0.007541509022229175,0.0032067017753870343,0.007681105004711686,0.0068634104360344355
0.0011510152543638065,0.0022204441293687547,0.017796601262308188,-0.0018113800330965093,-0.0011258719189171417,-0.0023787662495782275,-0.0017413455462563464,-0.006799376174523489,-0.0069826228993510155,0.001473302344775568,-0.011513154077028088,-0.009253721377560128,-0.01626011846818498,-0.0020039644609266987,-0.04360954647266781,-0.006479214175733604,-0.0034442626717461444,-0.008529265669600645,-0.012843754230903077,-0.0008318720378843162,-0.013340162439629443,-0.0003570858582170124,-0.01317873032604328
0.004599041588709539,-0.0033233014684008557,0.012489536690192274,0.013006599088559093,0.01465205762888134,0.034277180946648354,0.007494580072733505,0.012784229243396405,0.025536514586007586,0.0036782974061230623,0.002139332015544662,-0.027172498661536638,-0.0011807205976393845,0.008478245085320366,-0.0513334267531523,-0.007434427915176944,0.009936313258497396,-0.014535784247895782,0.02135121227741721,0.012938875868768991,0.015550878883551975,0.01346353287487947,-0.0170388771228842
0.0011445800938945608,-0.00833562316713029,-0.005756576431090896,-0.005971919602895129,-0.0036100268553158296,0.027953865831305654,-0.0039118258458027315,-0.003996083633870285,-0.0014435237756341846,-0.011238704766564248,0.00047447193239332267,0.011056109272063037,-0.001575940057014995,-0.008185779126629697,0.01874243226675223,0.00341663702702481,-0.006202500711883758,-0.0003010161867067405,-0.005389507090901737,-0.0059011808291288435,-0.001488663491197234,-0.0067012350414537274,0.007964328245967545
0.0,0.0016810736488999064,0.045492171115334684,0.015019679201620876,0.01086934747425604,0.017101081092724037,0.015193437973720587,0.014848174156338337,-0.0057824421953267926,0.0170496608648309,0.029397740353494118,0.02503607034535538,0.023677988659999576,0.018737314843323177,0.06824915939209329,0.02134617533329266,0.007317405854136108,0.019873477750861242,0.02413789717180209,0.014277145857748337,0.0053247241758307634,0.014676394868920572,0.023471893069989504
-0.004001193215731789,0.012867195051645222,0.003164532121530125,0.008878042871595666,0.0038598743671411314,-0.018191754124731157,0.012619522498713884,0.00435962421201289,0.0054525687215673385,-0.0019436011191154992,-0.0009211511815086072,-0.0011230356897913329,-0.005204506054267348,0.003175047752295693,-0.019444402222575832,0.018592140044890938,0.007050336841143825,-0.04340129785021743,0.025493027017521784,0.01000149825022838,0.01186445155077115,0.01026461253398808,-0.004995422108791765
0.0060258246852463344,-0.0027615634580698627,0.009463729854107551,0.002346953586263589,0.005767885071338839,0.012071905880193108,0.00400824350335972,0.005003051136965326,0.004338472725601808,0.0014606629916777245,-0.0048410544318858205,0.008993897434866114,0.008331982186436954,0.003710538588840222,-0.010481476822711895,0.008182228009609542,0.003818895623365494,-0.01666657750210382,0.0071919304914555985,0.002053707606968565,0.004187526009412114,0.003579380545332473,-0.002282005459114948
0.014831739376421444,0.006923070366132877,0.01015629157082627,0.0011706690733440366,0.0008192423081771543,0.0008321974408366222,-0.004179345242211847,-0.0014641052506929814,-0.010079203944839663,-0.004132221319559043,0.010655600739675485,-0.02367693836314897,-0.005764906248021545,-0.003370453182385732,-0.06727734447063308,-0.012985310871940391,0.0013737965426265182,-0.012554941989588448,-0.0012419916770747411,0.0010980792453449354,0.006463851156573503,0.00092022368849444,-0.022872887444403068
0.0025294597904962322,0.003300566990903797,0.006960542007846219,-0.0023387204246549838,0.001091465970578756,0.012749417281226224,-0.00432188486452073,-0.001099782820570491,-0.0010909102149173203,-0.01171603279439548,-0.010084770200621844,-0.013694829799442457,-0.013529180139734464,-0.0006546841456436152,-0.042357406129036414,-0.007590165034874042,0.0026382188573819717,0.014303821805107125,-0.0161639735314497,-0.002193636801448807,-0.01628356970406243,-0.0017241303432459609,-0.013576780374017787
0.03672552067670928,0.0013704904540174578,0.02688170762684953,0.008789873611398033,0.007086349845840341,0.03256697938145083,0.006416662865281859,0.009394569946535728,0.005824468188958429,0.000246907686008164,0.00995593056627508,0.02111677471147655,0.02233535020900701,0.00906118228066298,0.04006412085136227,0.00675587965171538,0.010630434788461773,-0.01034149487094573,0.01832554596480846,0.011358622876752959,0.012130505964529952,0.005872264726302424,0.007119118979871665
0.0010817202867462116,-0.003285092490036229,0.009723300695062607,-0.00804349315270652,-0.02435735595042749,0.0015903112057349196,-0.011688688089142064,-0.01112494514164425,-0.014115071175086041,-0.003209834001391411,-0.01650606162058094,-0.02287282442828649,-0.024997476130728183,-0.01252358701910399,-0.1026194884454502,-0.016206578494455517,-0.00926893768258772,0.021215862594157992,-0.01846113401146789,-0.01449188127156395,-0.031127092908012112,-0.006193388411777481,-0.029102737729658625
0.018368402219488,-0.00293833867560632,-0.017037094086768102,0.018202921306101145,0.023485157655877227,0.021434171753189447,0.019910324481704687,0.016727964659474494,0.018722449981404723,0.021055291488790682,0.013286726826622136,0.017406231425508262,0.03676749225866053,0.02198757115666243,0.08688190119588894,0.016859723292351688,0.014191160116666856,-0.03410852099170991,0.032365233028605736,0.021175452671786343,0.015490741211107785,0.01605817455579475,0.027737427775698063
0.009814340922417585,-0.03498614119136655,0.0030143723009537163,-0.008073514826171664,-0.018739845735613898,0.016580423426863857,-0.003914771721336928,-0.011390227211854521,-0.003603607545914814,-0.011887634234512594,-0.017943443159864764,-0.01853429187180172,-0.027498580519004483,-0.01785689397871592,-0.05529218396111735,-0.0035438788542805693,-0.010261159848774858,-0.006099501347484829,-0.005053447416388455,-0.008016195944513659,-0.016737415280599546,-0.007845218961131637,-0.01728224141768956
0.008142915657261352,-0.012275254528862323,-0.00826459179984278,-0.007558214941254512,-0.005812433395216927,-0.010448541823729028,-0.0067996448034994775,-0.008412539823867544,-0.014104861347474813,-0.01644962297827006,-0.00796429960393511,0.00987784086932272,-0.008385318834397028,-0.007995539815648354,0.01237455293159973,-0.0011432468615085113,-0.003770114948440736,0.0009690015754297632,-0.01215943233562939,-0.0074983770047206315,-0.01534135291087329,-0.008136772831119283,0.0033726686760249345
0.004950413405024635,0.02601140304120694,0.011363744023043326,0.02050378334894737,0.0180955921031306,0.0007726169826316095,0.01909421831331037,0.02692717956510917,0.01870878800346102,0.02446331428224792,0.02739054755269054,0.022439763902739857,0.04759104092181185,0.017555361648832573,0.08259009287913267,0.013479206302016386,0.01587310311642621,-0.020974458836595374,0.03957611738772509,0.02097843730062639,0.029147754348118823,0.019641797725450882,0.029771698860074258
0.02048223037793117,0.02000018162452899,0.009737712487227962,0.019804826133347588,0.012305328249137257,0.03499738651377168,0.01836679135707928,0.008548841901659278,0.008282291059862942,0.023879225243818063,0.02068501225923688,0.02166573463626456,0.01952321425169037,0.01638453020904047,0.002441126308332148,0.019824346923346912,0.026800478174032,-0.03724466178780062,0.02607917430630131,0.019326157863748132,0.024877684981715328,0.020509865194646298,0.0004664036619502921
-0.012703193711347358,0.005799300493863551,0.0007418723536391643,0.0002814252128702929,0.002431198954948596,-0.00248638472114963,0.005326015363967275,0.0014958637044106505,-0.011428619547444478,-0.002617864359101416,0.004053126413136328,-0.014596501560416229,0.004418970855406196,0.0008540430297697052,0.02283106794311001,0.007997000474365894,0.006348862366769313,0.0,0.013584531122060732,0.00049314237165933,-0.001867186901748589,0.0012213967962723595,0.011186115189056024
0.004374626393352098,-0.004667605724261988,0.024462642783663918,-0.004783314593250786,-0.01670720792233931,0.03040882917921693,-0.006381316954205583,-0.007823669226231286,-0.026011589222027825,-0.01503230359066188,-0.0013456636551629328,-0.008943541913526712,-0.0093492017396073,-0.011946784781771124,-0.07976191028073899,0.0020750084420993365,-0.004005535029185969,0.005477756385608689,-0.008214516580787345,-0.004226756673050813,-0.011432040020031434,-0.0032161210468754217,-0.029038751581171533
-0.0007686511605403888,0.007724108514838666,0.003617953990107229,-0.007916332887471442,-0.010139705109527641,-0.018384135554049257,-0.005210690737565247,-0.010286600917768209,-0.010014810537499587,-0.0038760253689901062,-0.016617878241367273,-0.012972419850414744,-0.016099273882442717,-0.015113652677908063,-0.08699865465795616,-0.0019487970039447934,0.00030155513336149693,0.023493307444562343,-0.01409477372486216,-0.009267913197902029,-0.0097981582809165,-0.007009184113112977,-0.027771313254834003
0.017435935794433387,-0.00848618753603097,0.015140583951265512,0.01652885233519546,0.009966854688863215,0.0049285061255426536,0.0178452102817933,-0.00028982515353092816,0.01686018999258728,0.022616850566671717,0.029687230485166437,0.004285707187428036,0.0054542081741923215,0.00909775491118449,-0.013815111575518159,0.009397129222569849,0.0074380887851019,0.0,0.028592656509964943,0.017495172384108082,0.0014014303401219006,0.01669446599894947,-0.0034179564487708987
0.02167341277718957,0.037272030352035385,0.029119272981971905,0.017101311980562785,0.021929776312828247,0.031388024543930526,0.017651980194744638,0.030284364297267725,0.014001527309180991,0.017360239871233727,0.01973802787617687,0.01963019976735252,0.010101049731831195,0.019769668613788243,0.031249825157638106,0.014871172248799394,0.019754424369101683,-0.0691949855587148,0.04599504233329706,0.017966319089773586,0.01823580365226661,0.016530871232136538,0.011758949737943251
0.001233359709132019,-0.013840622224145472,0.013802586022491237,-0.017089494662246713,-0.011802563323361505,0.0054682709697256365,-0.019403729141670184,-0.013747780657967364,0.0029070534932699142,-0.014726409040944298,-0.014788908848915703,-0.0058593765052077605,0.007963004068290544,-0.01182361700672361,-0.026819786366284168,-0.013223699092477064,-0.022502618946071976,0.012508922057499892,-0.044383395828903896,-0.01709762304437479,0.0010828497144370248,-0.020273191354232032,-0.006295376730920902
0.012564652193754631,-0.0021592481483241853,-0.010891748783895672,-0.002243194525769406,0.0027143866879309093,0.0007094282709273991,-0.007495191759975536,0.0006774513594412624,0.0010868843084909817,-0.007354763200124344,-0.0061810127212958725,-0.04602858613374591,-0.01690248897495399,-0.006898605941695202,-0.05977089713054318,-0.02474944212404352,0.000800665054132489,0.02435582572500756,-0.01705874718731713,0.00014011114640614304,-0.011898758244831132,-0.0024344137298545733,-0.02607209259290847
0.0036496129484410093,-0.013254101801939096,0.019270538177633547,-0.0013133515036542489,-0.006767693105575793,-0.00921550866375406,-0.006343816138889546,-0.004310890993337855,0.0008278659897240155,0.008758132800353629,-0.008514973510262808,0.0002962121235149484,0.011735167236960308,-0.0025199526434718923,-0.043395628541957984,-0.007180179793547602,-0.010701134867385541,0.011026820673624468,-0.002333349782098689,-0.003296068864923876,0.003157852714863497,-0.00396014363016356,-0.006119664433852283
-0.012848439873357266,0.02016166938224369,-0.013504422476441662,0.002258654951115206,0.010879755890207109,-0.0054853207948566615,-0.0021887431716521213,-0.008444191391609884,0.009057934154854584,-0.010491165806442469,0.004035052219704496,0.02479330338812132,0.01298702059574899,0.012229535228474378,0.10664558059950896,0.0033666846954681236,0.007699071510024023,0.0,-0.0019304436707843695,-0.001055401628442007,0.011332645367564669,0.0012288684628701026,0.030103776587996962
-0.02554031396361208,0.010065426294165864,0.01711153977188471,-0.00788723294583093,-0.005675784852847953,0.02110311846227579,-0.003227318829909904,-0.001129889569032599,-0.004667901305219419,0.0026505204021975287,-0.00982372638023186,-0.017569169427818467,-0.02106222727341149,-0.013484255752559113,-0.07695077972706017,-0.01478817141219391,-0.005355178851444107,0.0,-0.01816841259322693,-0.0056567331339182035,0.008843477028846063,-0.0047975243185199535,-0.025048950349577062
0.010584704229170806,0.023431177066830837,0.039030999300663116,0.01050542768601477,0.007882688614570673,0.0204320995263888,0.0091343955866779,0.009257533264480948,0.0147908120971608,0.002883954248141296,0.011274031401607695,-0.0035178774032545443,0.007109463311076206,0.004483442675358321,0.008570270600183165,0.0108477512015426,0.013917170163600648,-0.0006816467964726242,0.010446049127483134,0.011652745426791554,0.006603385802810386,0.011098666083906724,0.004030128447747821
0.013217016499936046,-0.01236849224143727,-0.004533676718841419,0.011239013806954865,0.00997848159537635,-0.0036823204652348227,0.0064393214075794646,0.008273426021963038,0.02595093627267798,0.00047932915654173966,0.016053569522459572,0.0,0.002415060671158777,0.009253144465291808,0.03437627334904619,0.002495570565922698,0.008215525111738517,0.0,0.021267370971288148,0.009762534348981229,0.000820023951038547,0.01042254488666834,0.012543869302034804
0.00024605778692524946,-0.00639491201284462,0.011060521700772671,0.0033342533567628503,0.002670140287438166,0.0080849005263729,0.00730370814429377,0.0010702701967931698,0.016285437961115503,-0.01988032433639151,0.012508177634763636,0.02706662658742101,0.011860526017912824,0.002265186196092245,0.060866279321194074,0.015309969473494072,0.0030806233680444346,-0.02455661093690316,0.01084598824304967,0.003756032813944468,-0.024989781934460213,0.002853007392099399,0.023785858245229455
-0.0031988238387985913,0.009117692300421835,-0.009009004814827607,-0.0036001841994135774,-0.0005326167214174116,0.01901929187453925,-0.005033596497619674,0.0017818644696703254,-0.03545848543130874,0.0053765722379177615,-0.00216734406267125,-0.005442520478546442,-0.011721502828644646,-0.004735427944524297,-0.010911574372553736,-0.006987933702570067,0.004160903234474962,0.0062937313762082645,-0.008583663281115459,-0.002979575142181524,-0.006470576531153617,-0.003939301008845371,-0.005082229987664271
-0.034806276633267234,-0.010895382072596584,-0.006493522617902538,-0.01417450217866841,-0.017852317061489282,-0.048796962481103885,-0.01246675550818626,-0.012806836498135798,-0.016967227392593185,-0.01701522746837943,-0.013249379371614405,-0.021025240646948943,-0.02724247871890494,-0.015030175763824509,-0.10320287874267264,-0.011234583571470304,-0.01687052233626996,0.0264072574690256,-0.029148722356429305,-0.013205596808488698,-0.0268965243668153,-0.0128527237437001,-0.03551437371773414
0.026598481161898575,-0.0010748155696889026,0.024182985917441467,-0.018043365184227573,-0.02306037318920216,0.01796700254673082,-0.0168933980189556,-0.0045044618387687,-0.020136624453375808,-0.012858581866847777,-0.015188020585726434,-0.0253017182342064,-0.03524484723022882,-0.01921188401114256,-0.1158730329471569,-0.020102261332319786,-0.01033618635673112,0.0155720371989268,-0.02615944522522566,-0.01880538678280988,-0.008387865253267252,-0.017916850520330787,-0.036822294050369235
-0.0047333553273939885,0.015599668219548909,0.0165922826092477,0.006316391928448932,0.015551161234318604,-0.002322396404149578,0.0018611057712615868,-0.01107697227850912,0.007339472324041533,0.0,-0.0026822554850996034,-0.022336267728384627,0.016192730459211217,0.014103479758353637,0.09515250404217528,0.0003821174426161112,0.0043601828028973725,0.006666809705391495,-0.004120736481573446,0.005383719570276793,-0.006442462325730809,0.004306055623371411,0.02906528159184863
0.02928654662859524,0.0026483533515473533,0.016321342372083457,0.01797430355228221,0.017227348138371252,0.019553027879229648,0.015479911678531575,0.017204168750333364,0.018943577354998214,0.014779632580261397,0.01860158522831826,-0.0024697911179732013,0.01729485407382748,0.01059599565256069,0.017213293511424546,0.013756216859851287,0.009994933952195315,0.0198673689518728,0.03754785750960075,0.017063983095603866,0.012792168372073382,0.01624714311968059,0.010178182800937748
0.010214033761189442,0.014263246647149584,0.0067943601040220325,-0.012051714142843341,-0.0024192302801808283,0.0018266193195939507,-0.00707336301277543,-0.005361796428734401,-0.026099386654465127,-0.0195013009865068,0.013201262924558482,0.03683088563806943,-0.0019100653810165,-0.007645124714656986,0.02900881650050112,0.008292567269004522,0.00010002784531491038,-0.0347402444494447,-0.016248250474960327,-0.010108714146377816,-0.00609763379936822,-0.009992213316906598,0.009571774693154088
0.011073661484742715,0.02838535887615672,0.03865035159999671,0.01021283549755802,0.02613861171975609,0.015040968867961059,0.009702900779248428,0.010853864305797456,0.0033039543856445922,0.01837863844850807,0.013246413842490241,0.01820869373328714,0.023349322792220687,0.013757321993577331,0.09906028850135057,0.024174466361680563,0.011394225345576976,0.0,0.01921919058950097,0.013048580317305705,0.01796668690382627,0.005158756897445938,0.02794401956718935
0.010714321716952763,0.02076474465530882,0.01712925127791761,0.0019300604297471035,-0.005514917534274156,-0.03188147488826675,-0.0031017503788353068,-0.0010021778453099262,0.006952086634888928,0.008652588522422795,0.0034290784897278393,-0.01671053030700366,0.010473076582648304,-0.001324699316111156,-0.028856425384807483,-0.018250341989694597,0.003261186001311667,0.0,-0.012227356718776805,-0.0009800164866678616,0.015927768584810573,0.0025303852946978577,-0.005300847667045504
0.0054180378678430775,0.003380492104485693,-0.0029036078188424087,0.008436552447785772,0.01751938925976139,-0.014378474246396752,0.0007930155469721157,0.007022063497318181,0.012709648049210834,0.013376919351333923,0.003972704240241568,0.016515921757053582,0.046185475610942,0.015609663416265794,0.07300061766825068,0.010286134290467644,0.003053606151303395,-0.016145224887845387,-0.0034303025542703827,0.004414572252888817,0.026797727418601057,0.006030786277363547,0.02377455525804295
-0.014058047525336528,0.0352532158703449,0.04892251911955737,0.018683743378591376,0.00780446937527857,0.014352930999757537,0.014794684671110515,0.017148168971448354,0.01688820567177161,0.0220285165339164,0.03200335664369235,0.005004289313957264,0.004789869392624924,0.0059113496815766595,-0.013675105148628398,0.003434864017748241,0.012177180250299952,-0.02837610875364357,0.041005709607708316,0.02107042492128287,0.012386564674253435,0.018206216135720644,-0.002872837532738255
0.002851678699480136,0.00407679902277925,-0.00832861281815131,-0.008760031902440102,-0.013680890591005166,0.032707044523959665,-0.0043987861674212895,-0.00930403865233645,-0.01872789329500744,-0.003079092643503593,-0.005375153517294414,-0.01523141998545156,-0.027719003922313773,-0.011325853150433229,-0.11369151859007935,-0.0053789623655863955,0.0014552643179360624,0.0,-0.014951189889386669,-0.008366852482356467,0.004241519116842102,-0.005451656514495949,-0.03961587003425128
-0.00047390739000817596,-0.008359236721264434,-0.009518546803321818,0.0035902861843810758,0.01805812491785621,-0.011455619596522592,0.0021787371831432398,0.009744446436693116,0.0046813511006062476,0.0009504018741046881,0.006651380064167292,0.010410617370560952,0.022153630684572653,0.009186225154191327,0.0473210670914477,0.003318493959606925,-0.0023251043207461386,0.00879658771007233,0.007735053992959994,0.003734654254901701,0.012629783657521815,0.0015349197083461784,0.016249971436788885
-0.003556266672823022,-0.0009633981141423369,-0.02204638640371946,0.0063290602611168825,-0.004884459493037409,0.024312784812754458,-0.0006644190529301778,-0.007482533464761461,-0.02186375598171747,-0.012105508736537604,-0.0024777920076782057,-0.01795717431262446,-0.0008882159868696373,-0.014778388039689125,-0.04182232026195035,0.00379770788869345,0.007671280721535238,0.01988149473557837,-0.005503429993777906,0.006683718415552096,0.009825583262949888,0.011383450113891821,-0.012546029937805831
0.024268446670072552,0.01253617865964692,0.010404603212486777,-0.008203465794538687,-0.010333107884244882,0.01730249765739664,0.00012104669630591789,-0.010568583041902136,-0.010993145743785671,0.004565183177702849,0.00041406043007478357,0.001199044710000362,-0.02204837608855434,-0.01619566837543736,-0.019485504508292197,0.0036611871242239577,0.005300324315268792,-0.016073897907155885,0.004223163730639089,-0.007734536952623877,-0.008340011999508769,-0.007575938032346372,-0.006477154686509479
0.02276422000625584,-0.017142785650497545,0.023455461968242542,0.0074442378173774455,0.008352870552701796,0.0013082955197448753,0.0075528436424424404,0.006195277152639877,0.008521653469674175,-0.002152688892236597,-0.010138712589915371,0.0044910251111634145,-0.005090816578630282,0.011932434920955214,0.017090599340216714,0.01483464136066625,-0.0025881934438977336,0.0,0.002610302671772525,0.005932228662248328,-0.017220588432444273,0.007306535225978935,0.007522326107780511
-0.0009084211564338168,0.009689842690720428,0.007266716947036227,0.014231110837763798,0.023039082666237762,0.009582002387565723,0.014212906212708452,0.004812400971096156,0.018001457270354574,0.013662553609598515,0.01254175036547618,0.0321908050048945,0.044042214480030234,0.028714826612559075,0.11137170562778234,0.02048875617833984,0.007208091907738866,-0.028501891249656595,0.035001452717655056,0.014880437686742512,0.003667484282416279,0.012666589395788129,0.039074217825953515
0.025232931416326945,0.024472259885191416,0.010543728046446278,0.010253324283218491,0.011892721820743071,0.017903230640273233,0.008337228464969086,0.02278491675901751,0.005052475094043861,0.010167990800274794,0.02085062855049664,0.0011549542784283562,0.00455107247591298,0.002653428610292534,-0.008438864183877607,0.007044764608628356,0.01564883888555224,-0.02969589142673042,0.021241004181497287,0.010743233264523021,0.01075920101841794,0.011652628683834359,-0.005508952108328972
-0.004434484993896766,-0.016393523791256942,-0.036243823010810534,0.022970355653393747,0.03275819380228538,-0.010171614781711216,0.026974769053752786,0.021106638674474928,-0.0032316476872807378,0.014044801003111094,0.0036400444789593954,0.02884344768746992,0.03275830011794553,0.033343905565476194,0.138652490943741,0.03754232012021884,0.009770759273528716,-0.04609141301240681,0.05309234389232622,0.022327619789386084,0.012010498425792576,0.020923669763660183,0.04816950973197383
0.010690395692686129,-0.011904811358298378,0.0022791844945728285,0.0062661368150213935,0.011380153997908994,0.02997215816819735,0.0069091348648750465,0.016084421743615913,0.00252159633451702,0.00623277324658246,0.0050372566652199715,0.031118511204901517,0.014847387604735609,0.010858449713354352,0.10339439853572276,0.01988989350610414,0.006605872756282423,-0.02628534027987677,0.02117978809671028,0.006146550805181897,-0.001746540658080826,0.00662468507288676,0.03239894497283044
0.029969213160100545,0.01012064219180666,0.015349716619395885,0.008043613221708277,-0.002633524552855627,0.003949252693184724,0.011455240975324884,0.011283334847415793,0.011857734152904179,0.0011470173748194948,0.005613460737936839,-0.0021747710814156085,-0.004488859837133624,0.0007093441807784647,-0.037820849063460456,0.00837364018594453,0.005638214296258085,-0.021437042645679884,-0.0006361539138276562,0.006564170941641168,0.0019880954741030893,0.007403492750200377,-0.01446701283546058
-0.014334704252233918,0.0019082881302813414,0.039753529091820346,0.011995424127402116,0.014402218488143603,0.028713123900640975,0.008297819447373487,0.011452778563611715,0.010653299253166888,0.013290554382565786,0.004984032215860161,0.01471370580996034,0.018871112340882196,0.020459395969912062,0.08213530410440785,-0.0009833089304566933,0.007720560809893026,-0.013387552022562508,0.03819720881616563,0.014812028254726172,0.0007936603171567215,0.013747884487398087,0.032395399834495776
0.03647240459231209,0.004999993402316753,0.005385154776031494,-0.003312079861744968,-0.004022708421107306,-0.0008054444666996355,-0.0012430340153393804,-0.007851576990509283,-0.012297807063597866,-0.0006784328799364848,-0.0016234731217356154,0.002778391813220253,0.005485121701876536,-0.0027908213510435373,-0.02296190393570753,0.015183779066590197,-0.0022801525525364395,-0.0049341333358452295,-0.0011038414629834438,-0.004404650293704297,-0.0035288592717790256,-0.0029298411585760593,-0.007251002132249464
-0.00557352630643509,0.03790574082601605,0.033767096772800625,0.028885405414438993,0.021620377054098826,0.028617507788446038,0.025885647674054102,0.03167227211418828,0.027392231280537783,-0.003620696778078198,0.027446261773227315,0.020161487947206173,0.006214206268108904,0.0215890773579834,0.0602109171218624,0.027142404466532797,0.03053293560466155,-0.04586770720147385,0.04149433683796736,0.029172287400905817,0.018758483409369885,0.03130996775735572,0.02058425629663227
0.00689805522688426,0.013238953133831314,0.01094885585950337,0.030310562484015573,0.03046521674530947,-0.005681826986595805,0.0336070587115948,0.025640990864920863,0.02112205338443031,0.028616842147536136,0.024390322555954688,0.032674364632547165,0.019990256747587427,0.02788385766565132,0.1169851915766928,0.041875326354499934,0.024305910056953445,-0.05413603863972516,0.07361958998516435,0.030027346660406018,0.023926886159400924,0.03193179790312478,0.03708533530482186
0.041532880120199615,0.0022529031071325885,-0.001031424657427252,0.006992932526132615,0.009252944834981224,-0.01990150068565951,0.009575378249839726,0.011490628141198778,0.009155547590693916,0.01545606139949567,0.01058198910961937,0.002806797510622419,0.0009560044339243408,0.011422066719786154,0.027178939934684218,0.015442813300024226,0.01030571411990772,-0.01098897732682473,0.01626375318802422,0.006834622399442122,0.005231030224077435,0.0054269441440707245,0.010037557231933121
0.0160329000427897,-0.004270739435966554,0.025813141229750786,0.027298943308664784,0.009839047917826707,-0.012062718187891622,0.029027223536969307,0.016579738980374962,0.0393145154457665,0.01000207675498114,-0.0009349465037133553,0.0264632410675628,0.00238784124366592,0.016186648264786045,0.02691610672235837,0.03917816744376665,0.025887158951883957,-0.053703670332174526,0.06358127135067622,0.02733215995740005,0.004292142633811057,0.0321968818311891,0.011180163236921272
-0.02710901918720637,-0.03340861046905196,-0.050830330702017534,-0.03263400935623964,-0.04893714105941849,-0.05352061034759891,-0.032006586523112675,-0.03684691058498293,-0.021015213367120818,-0.02023693018314378,-0.0568969033857472,-0.054536441799724666,-0.05272352496897822,-0.04500831930421046,-0.19546874173362228,-0.04632678729643512,-0.029996724328773993,0.03033259013132408,-0.0621187512507577,-0.03157533435631473,-0.032526559963913834,-0.03128439023461327,-0.06859130588138168
-0.05822417219859579,-0.03176089794375615,-0.061505924040987564,-0.04457825766777995,-0.03492427419129501,0.0038701395507910632,-0.051585279545305,-0.03656311070237965,-0.02542925088300324,-0.038452990984372215,-0.028973978720142218,-0.05138960764312845,-0.01877627152009777,-0.03781998607209641,-0.061292059928917314,-0.048374032196621834,-0.04729084482539735,0.08214642991362411,-0.11317072293372027,-0.045706986710792666,-0.03514467351440819,-0.045080020246334514,-0.01648712841130565
0.05475821827528765,0.03810901388862866,0.08418084449626409,0.040100840214786417,0.04077191515838225,0.004283591311114053,0.04473745692159253,0.03176664146769548,0.04439166135127519,0.036105981784229815,0.039648517406242235,0.05279154370178317,0.02938669426367988,0.03799637040402777,0.1076470354115528,0.046240954330343725,0.04330922633155577,0.0,0.09375389379370658,0.03979759244720572,0.007212011996276386,0.03927410445610425,0.032856426164256575
-0.0018840240162247847,-0.009525907011394243,0.030745208591921088,0.008244415261927304,-0.008113229918182172,-0.00597139307559088,0.002587165113481575,0.00015770029160319443,0.0042181420062760685,-0.001543861787425022,0.004914501220176707,-0.02310310395182873,-0.005643178627702076,-0.010195137310463384,-0.024960253530923897,-0.006736754672652043,0.0011265861954611169,0.0,-0.00011182698646394172,0.009188287569601149,0.0026550828507782643,0.010688046657576014,-0.005410066261959007
-0.0312500121995553,-0.028618344742032918,-0.043478344401455586,-0.02573349709064153,-0.02360344739631433,-0.012658244162073187,-0.020328512516502084,-0.02791357071559,-0.009369951060933027,-0.019659727797897937,-0.028951601630842767,-0.015318452343888771,-0.023869131458275437,-0.03256821419364441,-0.04193883831046768,-0.015825763536287202,-0.027008284237916454,-0.047828032011198576,-0.053649316389917504,-0.02665068671954577,-0.012918805190806357,-0.02700404017846,-0.01414273823553066
0.05325826881846934,0.010625380388241205,0.048625776859026436,0.0288816896978824,0.019387087587706558,0.0,0.029351555068425118,0.01946789095846871,0.0335941887135827,0.048895819962626916,0.04411778411814109,-0.0038210249097002475,0.02462381115827313,0.030419862702550437,0.0042638215852493855,0.011903621407921668,0.01895016621817472,0.017050557349573028,0.04936809922139016,0.0304776727386716,0.03145971180246778,0.030955760316141587,0.003089775757000003
-0.022199404964402984,0.0021506084096106887,-0.014112892058069237,-0.010316690282396238,-0.007513276248038575,-0.009995628024986412,-0.009661498787571216,-0.0015913145549526426,-0.005995604256829129,-0.006015033202576712,-0.014470287219689697,-0.005753438555339844,0.002670192154261208,-0.010922958345050192,-0.036512836432013016,-0.006913708182893201,8.730165418088538e-05,-0.03624829780171672,0.01012947829403465,-0.010700278039849312,-0.0047288154474770215,-0.009977314318197988,-0.015621451313540015
-0.051292749845647634,-0.04625665673657023,-0.05981597604737605,-0.043935233501470376,-0.05228287385956755,-0.02172964196710406,-0.050730439558058685,-0.028052266596653323,-0.06571431151161737,-0.05597583474745256,-0.0522710535227278,-0.0383024526211616,-0.029627130369321093,-0.0354646132892823,-0.11985914157627585,-0.04748545649169015,-0.041994044421788855,0.021156571573230296,-0.08768792978631883,-0.04413634896324089,-0.04039764990868922,-0.04473330319937865,-0.03706815337713424
0.02038542881562161,0.02200003202075926,0.01740073182464302,0.010933028753872115,0.02563857037446191,0.03836666590890731,0.014991440257737304,-0.0006560008315304995,-0.002044273679349231,0.021225491992861903,0.014137897550887828,0.036301037485182513,0.025960406524901315,0.017896038250179786,0.0946919612097288,0.016363017217991382,0.015948226341937478,0.06230986286745058,-0.016549692394643208,0.010769286648732385,0.0020636723136989643,0.011080099612284762,0.031191762572051408
-0.026492856244144877,0.017368050907406313,-0.021378878720486418,-0.003772578779213167,0.00048757759863651395,0.023552245508395853,-0.011682753394432541,-0.0037412832930426576,-0.013974089773647985,-0.01818993535572094,-0.008353770905891044,0.0,0.00603020635882648,-0.007520307503389758,0.008876850699451204,-0.009123092169554209,-0.0028704039138079626,0.006507609249100418,0.0054664710607718325,-0.004034871554659013,-0.011820534258327957,-0.006022381983073564,0.004289066258906008
0.04885119062502685,0.007934588241704175,0.02403055686924592,0.003786865025849431,-0.0024360850194038147,0.014355106161623162,0.0037182294952969523,0.0004611173875886967,0.01486348059096875,0.007090504174007025,0.015820852325573686,-0.01687883155532886,0.005827408720637771,0.0006143999845472916,-0.00637138102565335,-0.004007828255122452,0.017092342036425,-0.006896514397575404,0.0033362577150185856,0.004620926995558128,0.011795089914031843,0.00536345794355941,0.0
0.012973236811951273,-0.017891367200247102,-0.025599901663143028,0.01358142619820032,-0.0019537011849311567,-0.006451595158736607,0.020844914040827268,0.0046098497307293105,0.018392364237157392,0.03429479460366256,0.01112472398220672,0.005910553935803726,-0.005131535790299208,0.0005115850662466979,-0.03816797955585535,0.01816216956196233,0.005307058746210547,0.0,0.049507352146288,0.013861704108097613,0.0033366953268290523,0.01738794009319002,-0.011463383620866371
-0.015116537302837962,0.003157618397851682,-0.0027368027534987725,0.009677539939723655,0.003670209197008117,0.016966889567158153,0.006553671520658861,0.013307100311237498,-0.026755781391575046,-0.010759773219155612,0.016203168515794498,0.023782897343251067,0.020965049248414084,0.024752050421503732,0.1231747934663644,0.03984185037295896,0.007390427186596809,0.0,0.0024643007848252703,0.00919761375698724,-0.010838718410294752,0.010972986803733141,0.03956352824656459
0.017906617287010644,-0.005811056147806468,0.00933037242344661,0.0004914507670433016,-0.014870729551694562,-0.018537567665102842,0.0002689568725910732,-0.004075605674321328,0.0017181174573551398,0.002219800329760257,-0.005905488134900137,-0.0016398668488574446,-0.00521515905799444,-0.013674110969652944,-0.04861516408567172,-0.020133543615560013,0.000436684733018341,-0.003906330348115552,-0.04939719684996845,-0.0001231009204787963,-0.0012867161223587904,-0.0008645465646801943,-0.01596676080031618
0.01465971557042818,0.0077934791756426565,0.030451364468096882,0.008597531618245334,0.0034644838127497767,-0.01594967656027964,0.005325742487032276,0.005521233401982156,0.030531750927767526,0.012403041646306288,0.033465237396719104,0.002463743776846639,0.015563621313065684,0.007690785980423031,0.03297684253978804,0.006080316706128801,0.008380577183104027,-0.05228754363204166,0.060953147449955135,0.008622346633440615,0.003781877556750097,0.008363846253621939,0.01244724075898806
0.018575751283977142,-0.010149965970430944,-0.01213722627610639,0.001461288431559132,0.010850842239130612,-0.016421432378911575,-0.00037452831843806254,0.007590480293371073,0.01031958411754015,0.011594807942960993,0.02490911925158614,0.025942033002711376,0.01968050087223479,0.008535776982351983,0.07075052178544222,0.004584793132377842,-0.001212038378650011,-0.017471164038296717,0.010561632432789854,0.0016485108212792642,0.010350670517909066,-0.00019069384852550049,0.021075607146462876
0.01033439031088933,-0.0234374465595896,0.018696662556879132,0.009484355157113187,0.0039034167723737546,0.006504777036879025,0.009421349281039479,0.005097033960163551,0.008896274205266619,0.01254330025761926,-0.004860743174230318,-0.01384076191735044,0.008226640514763803,0.011649938810448748,0.002686056686290137,0.002696779117367139,0.00026013014555712757,0.006551174332543214,0.007005813922058044,0.009631894013252304,0.012580356910764591,0.012014815695490724,0.0032252304260722738
-0.008824699443900477,0.00675014540195743,0.010487698698041278,0.0045772367979088,0.0007289145314833492,0.02175786785473467,0.000901538403368548,0.0011800411344328795,0.008164538918599626,-0.0004271850271529958,0.008641712274949828,0.004858329777498063,0.0009414276157207748,-0.0006889495168465561,-0.005625602940761311,0.0015516536704826467,-0.0021664127592447907,-0.014411925931909937,0.002167105950096395,0.005675577870175743,0.009065192354403385,0.003863306267494659,-0.0008571820354061242
-0.024281663124079797,0.02359069510546743,0.023871239534913068,0.034772244551362366,0.043710469626724965,-0.00210825281682437,0.029299634814121175,0.0343728590638821,0.02364758470943329,0.002136795002954421,0.04153475885705163,0.050228274046386384,0.05847299341102372,0.0381169159234365,0.19881477057787145,0.03997108248011425,0.02553185013230305,-0.023584855416235253,0.05496737946348828,0.03452210944694747,0.012673515798234284,0.031725117806117954,0.06284850245121135
-0.011198651455886088,-0.01649676591511771,-0.02128738812077896,0.01830811043255234,0.014425408545681785,-0.014789815845509369,0.02388416361815689,0.017061864887322475,0.0468355233539136,0.022814396241920186,0.010550731801714524,0.016624009244039076,0.005479923152550613,0.008918214286991959,-0.008764056273701658,0.017181474561524027,0.013125550860308413,-0.07053143688774202,0.04552331446256778,0.017294299408703966,-0.002297098040546109,0.01992364070183706,-0.003834562504312036
-0.00335575607985711,-0.0505673531686547,-0.03417914251971126,-0.004084571806229032,-0.005045774894136708,-0.003002397692690745,0.0007541618144636153,-0.007479246954677263,0.00665044184244197,-0.005628398462020004,0.0005309679271725223,0.0032703985136578093,0.001914899065239158,0.0002079664741106376,0.06529141636961132,0.0040031529432329425,-0.020812389165313968,-0.009875387132312313,0.01269089299851065,-0.01015448880163603,-0.007502304010732852,-0.004438448170678577,0.025359733201679453
-0.03514308265026977,-0.0209984549144922,-0.044504111215532514,-0.01855673494672221,-0.019691532452520567,-0.01398151908885883,-0.026675348024705028,-0.02388883192514318,-0.021881224801067325,-0.02209089681833436,-0.03042891603019815,0.0016983938574696615,-0.02955815936178541,-0.023845447456836748,-0.10472603238714147,-0.02586800081989228,-0.011132355524520791,0.04493483317219787,-0.05275862557688951,-0.022361849129151408,-0.027716694509648324,-0.0181459067048416,-0.03727199487504092
-0.026390413834350347,0.0034973937185598233,-0.021324210793020763,0.009337043641490394,0.015094451882871791,0.013525333854718744,0.015243330178200818,0.011583372380277946,0.01936663090358425,0.01331908174210612,0.016075892848074057,0.0015076242840333196,0.02323471478130824,0.010910490616829213,0.07093558929567698,0.008385794021718618,0.005484457937175964,-0.003019687845873506,0.022697878013306496,0.012262182388831606,0.0213214580516026,0.009149238799031713,0.026153242565302364
0.0324821260082798,-0.00562995839630316,0.010894361419444843,0.0185014795966256,0.0037174467300028326,0.004089582979204632,0.02068378602861162,0.012113626993999456,0.0060314126148128255,0.009539933405123449,0.010967327057921354,-0.008529930973784959,-0.008904743766232737,0.005444098303080095,-0.029117565347375682,0.022076996988720538,0.01696967491693907,-0.030792414097528156,0.04070694269848744,0.019047744775780133,0.0009292858315114998,0.020761390143940576,-0.012241660922678005
0.0010848169777726538,0.0016177410255073634,-0.030629564044539714,-0.003860258933861113,-0.004398186672816099,-0.01586290198812716,-0.0039930701775871495,-0.002301671698633273,-0.02338120528660416,0.009449867365903216,0.011381810796076057,0.01467608116525956,0.018868011130831874,0.0031347712095200087,0.045100649747354934,0.0018403485698166844,-0.0014472668924674775,-0.02916689611516221,0.0,0.0008026995394248755,0.005126568263522997,-0.003907876003641168,0.01726933849188076
-0.0039012077432567993,0.005383560715441601,-0.005851417483107936,-0.010029547483376748,-0.020460324953407383,0.01916798647930323,0.0017538969617528794,-0.01445703927660396,-0.027931337228289776,-0.010817639730098536,-0.030947791234273606,-0.006733101854044029,-0.03747802065963162,-0.014488638002894676,-0.04556403611448552,-0.00048341672142328273,-0.004007176722206561,-0.0021457851995808647,-0.013644696696982563,-0.011171609036713766,-0.01012045022032109,-0.004547510883374068,-0.014579537440615447
-0.046344538472156686,-0.004819330338514223,-0.045909378798469735,0.002993310016870389,0.009494345523191812,0.021585812733760184,-0.0017508261930123973,0.0046816144892309975,-0.007578103508305581,-0.028811749986176468,-0.00018140392861395096,-0.007783111758699125,0.024889304837442804,0.0006726551543908528,0.03672240316776229,0.004933270557918717,-0.00042802867344572735,0.020430045118718217,-0.002151903051584312,0.0036499368408674546,-0.00202852525813398,0.00197066442242903,0.013173993558815766
-0.010951475817417651,-0.012106358681761764,-0.001233701264095588,0.009871526970878857,0.009640232021879616,-0.01673641140137749,0.009020354014134868,0.009630355917983934,0.01940817897338776,-0.013209113972796898,0.038656992822981184,0.02378538083300097,0.029350359691664205,0.002784697721277892,0.06420196366980753,0.016267238757391084,-0.004710115893116589,0.0,0.02495383627541269,0.011949528217328613,0.010529320820062495,0.0076881425403329045,0.02000388668700563
-0.034371433393426486,-0.02423748772311512,-0.03953056749305562,-0.002955296296833623,0.002328958911316033,0.010212754953014951,0.006257727306370011,-0.0013538385460724082,-0.006242185294679589,0.005924945930030991,0.00017475410139102896,0.0266930955118995,0.011000245377729364,0.00909695672111482,0.00561690769519682,0.020931969553143862,-0.002151053483490343,-0.030558438784971487,0.00881678751658463,-0.00034221573555562513,0.016011506562673267,-0.001863018287897075,0.004118450588490569
0.02006697563995091,0.011163646724394028,0.017363284117766706,0.019607920336969727,0.016031502179528874,0.008845902097992459,0.018113645590739268,0.015005009862808004,0.02386926911400936,0.018324505359327642,0.035115254109552366,0.02070292119077131,0.02347880481307654,0.009679376085023,0.038891204548894234,0.01530757198909266,0.01638352220623794,-0.037500036394361766,0.036249835060945215,0.01757590989053024,0.0024154262902664047,0.02115367670547173,0.014062494819844316
0.001405052609676204,0.0019322166366115441,0.015170611352830156,0.01520567871851046,0.002515359697725903,0.0,0.01842153537676136,0.003855055638812275,0.0012270533264910847,0.007926351461588028,0.011645537490072156,-0.0028301849140617077,-0.00027977569258550767,0.0011277039245062793,0.006172738229707603,0.011970030393169248,0.01247135494647767,-0.014680942165577303,0.033448372786948344,0.014468278338111838,-0.0024490615092885464,0.017930134947970192,0.003274287186482597
-0.06969128392450237,-0.03388438662688754,-0.06102115659317045,-0.014097065516981918,-0.010720770277993176,-0.05490610978893523,-0.008615703421433444,-0.006350120934353983,-0.02297795120726473,-0.02125399799171094,-0.015014978425501584,-0.008041723725998786,-0.02378624882962704,-0.0059142929692216455,-0.041955264330792136,-0.0008126321754562463,-0.019524012523977227,-0.01203439321561342,-0.011035866673484164,-0.012216690521661541,-0.002534298372506034,-0.011714400055491295,-0.01535802183500598
0.0065359961348272,0.02338182334534701,-0.0172413417330592,0.012734737390896415,0.01152873667988853,-0.016567246585502116,0.0076341832938419596,0.009890429444821484,0.024772601020240544,0.005646025596405274,0.01507451899406655,-0.009775792152347076,0.009746371471898302,0.012749029198674464,0.02458164752089148,-0.002530315162256981,0.0164943276209962,-0.012760905183672677,0.01434727554439701,0.01108072550280362,0.011155228851635212,0.01159375023493082,0.00955350968710043
0.02422574493565862,0.051994341573217535,0.06477735487108119,0.00022052812286065996,2.3199045052919955e-05,-0.033917370333967516,0.0036691514027427045,0.0064788501429067355,-0.00030597389316325095,0.010148938172285238,-0.01084604380646768,0.00024081979141401006,-0.008800493303697208,0.009977602635364369,-0.014112771140172087,0.006341729459857125,0.011602429706622838,0.011163183438909504,0.0066562054081232115,0.0008855124787503809,-0.021239814535128715,0.0,-0.008304350849735338
