DRN,DRV,DRW,FFR,FRI,GQRE,GRI,ICF,IFEU,IFGL,IYR,KBWY,MORL,MORT,PSR,REK,REM,REZ,ROOF,RWO,RWR,RWX,SCHH,SRS,TAO,URE,USRT,VNQ,VNQI,WPS,WREI
0.006017910375032739,-0.007364570851550485,-0.006969874708323972,0.006160171311465145,0.00227236713551278,0.0072122754831176784,0.007285899504436291,0.012423537226758487,-0.006459282122780242,0.001982001899858816,0.011280675624039864,-0.0003363780558606944,0.04652335889828701,0.08621223947304392,0.005636713407781816,-0.012743617094357756,0.06077341481205565,0.015713381006563373,0.030514837819818806,0.006077916912293763,0.002375856124073464,0.006190087506530157,0.014099384483617984,-0.007434874826039155,0.014384729294088754,0.008869962155637155,0.0070976452101395296,0.016219595793441892,-0.003156294002201457,0.002450898080833075,0.009082098200969191
0.05097501766906328,-0.05256502605428539,0.013298923433985277,0.010714380087698363,0.0158730281897837,-0.0014246751157137468,0.009453390259848309,0.023169044662041116,0.01891245787141169,0.006264569061229346,0.017521722099016392,0.005047133682049647,-0.015329358527692844,0.013796332510473172,0.016990715720190463,-0.012528541472907882,0.016281081650631888,0.028174982933886813,-0.000412683357786744,0.011116678584269448,0.017286991493021132,0.0029523690156903113,0.017745678088893695,-0.03511238974820552,0.030210069487415787,0.03386378469713207,0.01670582131613959,0.01832729331047129,0.006891231638093993,0.005704868455725559,0.012506848188321113
0.016580088503950773,-0.016161272664283938,-0.014217911931247674,-0.006562312123848367,0.005580556909942899,0.0063186262794537726,0.0015183715363748967,0.0024726953553594784,0.016241413585010644,-0.002293711465068677,0.003412921046034276,0.0043519980936892275,0.033756330988053404,-0.0008780935651552642,0.004133729548073833,-0.003460223019080296,0.004215798662930391,0.006208448933900661,0.007851179811942208,0.001911822222857168,0.002603700518472685,-0.0012263783765113527,0.002906135831964176,-0.0048520521356944495,-0.011928780897725423,0.005505884445293946,0.004107920525934548,0.004083534613358658,-0.0016646564115188672,-0.0010804025399577726,0.005215475965148307
-0.010223777573992577,0.0044031108705027185,-0.02699726307089304,-0.010671270934849618,-0.0022199108085792034,-0.015394033575301681,-0.02122805925758265,-0.0048027640696819964,-0.009132435407230544,-0.02955635769822765,-0.005720406595656077,0.01558060755495633,0.03924601616816077,0.019332367920202813,-0.01046313148864534,0.005787114695971973,0.018471823676213958,-0.001063363944206894,0.0024599798263425904,-0.014790159890910568,-0.004920391095105284,-0.02284466793628832,-0.005151357451752891,0.007313428885117139,-0.04678063441713731,-0.009969200533586188,-0.006647930606657554,-0.001656902515322164,-0.02871993301990788,-0.028934657098099413,-0.004369250814530867
0.046728827678942715,-0.04704109101160942,-0.008741797179447291,0.0017980652345036484,0.01334827393654782,-0.00020570900622268973,-0.0025819849259029345,0.019827515652653768,-0.017857236551810648,-0.014551771139034556,0.014616804286905476,0.010217280702888323,0.010070634066762285,0.0073271690677701295,0.02236097984445902,-0.020329858759875214,0.0049464596190185745,0.02513281018326521,0.0028628510527298067,0.0062955413986090095,0.01703272605020598,-0.0075415345624357845,0.01618127839221414,-0.03097772836706666,-0.017941884780780657,0.029782866743982474,0.014414293506055359,0.015691017958441016,-0.01602417439237449,-0.015594600664919684,0.002468152284967532
0.02279133293474836,-0.03202403455539909,0.020322124275012114,0.01153555805575365,0.010976713658300077,0.005761559362522226,0.018379578788879237,0.014581754507942109,0.004399160121487071,0.021634644342917002,0.009501613545286768,-0.018596995544963687,0.021934021359061032,0.01112553679696639,0.0013562358625095591,-0.005090059524727169,0.009843833370020613,0.013920819693902506,-0.0016311820828428284,0.016602473380401696,0.013371291201334814,0.01975689871567337,0.014012539362321795,-0.019979979551710568,0.006985550148085082,0.016940355793476268,0.01141865196515917,0.008764262016252695,0.02326468843951407,0.02178227018599253,0.02024669667746188
0.06593158503623933,-0.06433922193921103,0.028184860214511144,0.018499495525264417,0.020629772123322287,0.0233221106227557,0.01804751195338096,0.020675657390420613,0.048175040310409714,0.01411759635614603,0.021254185793567675,0.023271205207587298,0.02731704514678234,0.015658206259735533,0.022180851168937497,-0.02125152909155897,0.013810094821414593,0.012295102286162679,0.02859447206230282,0.017515068756772785,0.021591030355741867,0.013412966993186087,0.022299158893301196,-0.04230372540576867,0.034151465476250184,0.04320146640198135,0.022578803383291254,0.021793385077790026,0.014399555991329475,0.010243914724289429,0.025207829982573104
0.0157327774274697,-0.01640948972452391,0.0036548969033320467,0.007962248491578517,0.00638324400723346,0.008796792912392111,0.004744287171476461,0.001853026620972461,0.02618391433926116,0.00662917186078305,0.005500379516183204,0.01099125051542325,0.0006520844733995204,-0.004583192014450244,0.010104348254583102,-0.008041763070304608,-0.003205192880754084,-0.002024443215040539,0.003177281941878781,0.009071738678305508,0.0039140241829473356,0.013235193983837502,0.0027648584643965675,-0.009047397450720107,-0.003095921476868461,0.011293962486153834,0.0019631381018368954,0.004611659947160418,0.0056032641544688675,0.008769322923990108,0.0034004875839285104
0.0424358561038632,-0.042701061346365934,0.001456729657551879,0.004936899684154865,0.01427037348392888,0.005350649039561537,0.0007454999922132718,0.012698664249686385,0.007871613227689339,-0.001976004382805774,0.010496662990605334,0.01677992018096728,0.040457208094378506,0.022603523692343586,0.0037718680628314907,-0.014997993466837388,0.021704191876301914,0.017444279939885957,0.014251737892910904,0.007837711966224915,0.012475451623742957,0.0033865331530709896,0.01256144001305217,-0.02363040966061285,-0.016563075147393542,0.022593141516615296,0.012976918195162132,0.014632243289362454,-0.0039003343643480735,-0.004618434514900105,0.011730784929619884
-0.015469218142798563,0.012448147209417249,0.002545545043096173,0.0024566542286374947,-0.008337427766881109,0.007293409919961348,0.001986422790698105,-0.006452480874193457,-0.004039564479004129,0.005938975824265028,-0.004535638808425769,-0.0069819019946300576,-0.024245353157813964,-0.009824016692469002,-0.0037576945348257056,0.012345719431162637,-0.00865449594404515,-0.005382794147703698,-0.007025792527412879,0.00068599776756977,-0.00372222572557225,0.00892000665868433,-0.0036311921003693523,0.008800797173807667,-0.004736825341064139,-0.01104689136684537,-0.009184823404463615,-0.005655353263689871,0.013052242240774793,0.014738196395238727,-0.0018036081327605688
0.0008268668381707885,-0.0040983584509539685,-0.024301944809559297,-0.016172259777871213,0.0036786892446543907,-0.015851202135808172,-0.017843659286130985,0.002082947383360496,-0.02947566842332165,-0.03607762053195372,0.0010286860572815092,-0.004154858003653959,0.036099637211803766,0.017775819682986624,0.0014758188487204876,-0.0032520512247293932,0.016666562713294582,0.0040086794388102575,0.004324113010844353,-0.014171188769475544,0.0012885824021643172,-0.032736062976619844,0.0009111934465636832,-0.0010906448703076439,-0.04389217106268729,0.0015231169878597776,0.0034153376889693525,0.0018483033908786234,-0.029817852736062807,-0.034696303734699084,0.001548884605651608
-0.013220313075617171,0.007818892575601697,-0.0014870072925209242,-0.009713849160592987,-0.003665206090430083,-0.001988645419925639,-0.005803905277496267,-0.00183411057247384,-0.008079942291132323,-0.009867151637537359,-0.002348958384416339,0.0010549948692745203,0.0012505575464513748,-0.001624751931616481,-0.005567237836456029,0.0012234416161372953,0.003122488079632406,-0.0065880708109664786,-0.0007829228331682895,-0.00811518889398684,-0.00977870020945132,-0.013834046285878674,-0.002427324160536329,0.0016377053835463144,0.01991164300864348,-0.0058299331266518355,-0.00389033045082417,-0.003122424078419669,-0.002466270485923565,-0.0075227360929123735,0.0
0.012141422126473235,-0.016537380669763985,0.02308281645163612,0.015845122256244664,0.0015761786514824534,0.00032890716922036827,0.01065990042445882,0.0,0.005898746823744722,0.025085977357353968,-0.009860334720109014,-0.0003214980459003746,-0.032112872275681645,-0.01261165530608952,0.006132508099692189,-0.005295238821879217,-0.05447468200753357,-0.002411565199251571,-0.02115146904609521,0.019752561272021886,0.013165345136692094,0.03497521249101638,0.00030426273910222584,-0.0038147168142886336,0.03362233138226554,-0.0011476951829020008,-0.005857830612256341,-0.002989715071360243,0.023583082827735958,0.01487910393036971,0.0
0.04219247082521505,-0.041934743586287515,0.02578929937762685,0.017233774340360972,0.01822440208923165,0.020175988454796446,0.024028761530856885,0.023856344264107016,0.012940999779905022,0.02267429377823391,0.024452461051637703,0.011593865177124916,0.026168408854396717,-0.013185020903356605,0.017549525721438773,-0.009828025026448271,0.049982723444787235,0.02773521568735557,0.026846061633828737,0.01359781522868592,0.01652054676771689,0.008526309352086842,0.02272096964215609,-0.025711212947866928,0.03672619278573405,0.029237068376125313,0.01203049254752406,0.021769494946165268,0.01839478407160941,0.024525544547660517,0.01743005244989624
-0.024409713594233832,0.019934974709117075,0.013878897055413307,-0.004882708224387886,-0.007756223504496858,-0.0017622831724835558,-0.003945421601318671,-0.004220442663249221,0.002491983837843853,-0.001979439531983052,-0.00909919951757841,-0.005093718787519228,-0.04371554388447296,0.0255658184646396,-0.008704182596819422,0.007030555784155423,-0.002448839201684701,-0.0023744801146721047,-0.023348129608566803,-0.0018190840702849746,-0.007872082227605146,0.005555722151263071,-0.006283592674379474,0.019090367876486915,0.018724666482862955,-0.019302614274782068,-0.006793072372996891,-0.008721224663961278,-0.001824781971254923,-0.003263791098455981,-0.0002544073646691878
0.06224578293528471,-0.05629919517539848,0.011231904045857864,0.01692840481708711,0.017717907372729283,0.011573120341300236,0.016093098721090528,0.01901389245402951,0.02043638126351581,0.01752057365906313,0.01762467960463893,0.006720206047126197,0.04100472960473761,0.000416090094539925,0.013821097677525136,-0.011499060741578424,0.002454850736402288,0.013090088069698342,0.025526731171173826,0.017539990199982022,0.02047613198715029,0.01729496726290169,0.019271122682932844,-0.035261700379806755,-0.003974181913942034,0.03657142298616041,0.01685415421269188,0.018447439967764972,0.016267676213785102,0.02046367754064525,0.011719589059360672
0.003638465856255871,-0.009905379710465288,-0.010065855738173445,-0.001206472140072608,0.003072050175306294,0.006011231368642446,-0.004386117017981604,0.002495627005552661,0.010013280683589431,-0.00682238902114847,0.0043661029262225546,0.006303222375242589,0.033093613822958064,0.012906095313280528,0.008821212662354585,-0.006231698454543461,0.012244876704787114,0.00939727551100401,-0.00039512970402472017,0.0013430440053516337,0.0023827322157017102,-0.0025975230146519502,0.001772809134917586,-0.009137550865482569,-0.031421338380185466,0.006737883306630928,0.006485573135282749,0.004180043157939288,-0.01510777070740681,-0.011764425209006646,0.00805858956793478
0.051326063164267084,-0.04888575058930359,0.009817731690710945,0.018840782175318448,0.017866105547929022,0.006746584281809137,0.01639728861534716,0.017308908516464813,0.005091144526281166,0.012103091316737863,0.01767871633716811,0.01713211960052757,0.005570958659694049,0.0012330117733955464,0.01669323908525774,-0.018394775975570283,0.0032260026587135194,0.01764919860612114,0.01027680395466274,0.012743090333885895,0.017390093445014892,0.010890391589638287,0.017103973249963583,-0.03515865051624518,0.004119413931823663,0.03711359300547902,0.016706401439413904,0.016095343792538182,0.01314824323701698,0.013798892344923071,0.01523869745922653
0.03992741430356493,-0.040401688706773485,0.006944383470343771,0.00806071835093333,0.012537816990478142,0.00631784786683096,0.00987242221563648,0.016315279716959667,0.02106097100842767,0.005817918438316093,0.011960663015452152,0.012788191111371852,-0.009695396907040693,-0.002463047584068615,0.0161063551542352,-0.013628571805997844,-0.005627166471659693,0.015437299168451709,-0.0007823741632676759,0.014790357400440194,0.013526958941528573,0.015222601386924372,0.013337083359982035,-0.02568686962736513,-0.027179549487753942,0.02381785901765867,0.015258483049105263,0.013519206811867277,0.0052270554424814104,0.007472404388488502,0.01033433465950618
0.01553220867441465,-0.015695131054580775,0.0179309139024045,0.006585197943863755,0.004952823974433527,0.006849323011013573,0.014067712846260358,0.007682526050794725,-0.015926851566737857,0.020244103015414586,0.0043619317299508605,0.0015401448870463205,0.015997861220746472,0.008641860464548127,0.004155021761783178,-0.000431732537149508,0.0064674503918957646,0.005442973824423767,-0.001957752584393888,0.009353980166658013,0.0049743183306083325,0.01222605462185556,0.0060086150722905,-0.008583682435522284,0.049551967180552714,0.008480389845177497,0.005548996579139197,0.005659027231863893,0.020441349287822548,0.01827833194704841,0.0014612728761688315
-0.021653048006580543,0.016957828202371506,0.000677689841562334,0.003971975122198856,-0.006899679327012164,0.0041575552254926405,-0.0014105916435330462,-0.009331009732864128,0.00610244667974578,0.0028347461323787308,-0.00406295773837919,0.0035278873741400587,0.025321868961846208,0.011831965727756737,-0.0027586817431297715,-0.0017278935463408824,0.01285128019690201,-0.008773670568737115,0.014907908241297852,-0.0034482937261616077,-0.005674147779305464,0.0015951341605400242,-0.0062572353778080295,0.008657999957685824,0.014565564400012462,-0.009431998401927991,-0.007817901589938359,-0.006699073029532783,0.0038654629521064033,0.00130073823773718,-0.004134241279320722
0.021780973292198937,-0.023394764684150717,0.009478466805809256,0.006283388521316328,0.007444095525187467,0.012607869386435091,0.009418289878518806,0.005398538747392196,0.017932540694903337,0.0075377107166319434,0.008158742735406063,0.010768966192962994,0.02245177668022344,0.008064614588362978,0.00614743189944687,-0.012115972431175407,0.011895134226523465,0.004331525297782317,0.012756045294153421,0.006055288067931562,0.006678124029582939,0.004550949913889489,0.007727611253163604,-0.017780444223657182,0.011386085010946644,0.017551862832245597,0.010197040170413929,0.007418347860735742,0.012953046042984565,0.010132277280795129,0.00805870277935087
0.05655841768268824,-0.058104184223921274,0.020456139940422082,0.01734494747576284,0.018226460391065617,0.0013009681382804173,0.013529408147592051,0.0166801770115023,0.027979397743340087,0.014339101723768843,0.015069001936444726,0.023440257670485663,0.010101618392911422,0.009199945190502259,0.0186344271151704,-0.011826552425783702,0.00862090429280793,0.012938373424076966,0.02366412959777377,0.0167670672405094,0.017850573658888258,0.013363157230836274,0.01817651857437446,-0.03058678928591737,0.00440527118229889,0.02987593598242237,0.011470532228058605,0.018744515072055944,0.006912072459172915,0.012088515393323259,0.023740151548672383
-0.06622202414437854,0.06764077826498507,-0.011501697296934734,-0.01636715408480315,-0.02128681266873464,-0.0007422157891398607,-0.015190250803825397,-0.02359808635976308,-0.031250085717862884,-0.01259984079631718,-0.020206142616904888,-0.028554359485695777,-0.008695788770863638,-0.004755994526188179,-0.02339195524776049,0.01728729607332403,-0.003885061501676536,-0.01888196749068669,-0.016032894462494705,-0.019238931423949616,-0.02156662069565101,-0.018104605372967552,-0.022314895559206332,0.03927886849922927,-0.00048723938230554143,-0.04006532691187835,-0.02268100830478562,-0.022079323063194132,-0.010640015590350778,-0.01016523215985562,-0.025792755405901976
0.05035731297858564,-0.04967039804511851,0.0029919454884008673,0.011555073060407978,0.015323609169948188,-0.001300477831515464,0.007712168740542946,0.01519145136259336,-0.002341521799188081,0.010893117534104905,0.013467878820645865,0.02005762213215125,0.0047636664684821365,0.0027875189325962365,0.006602275250919009,-0.006971630142910077,0.0015599945688981904,0.013207635598594723,0.01326261440476045,0.003233408221887002,0.0070245204917242,-0.00227622671652534,0.015121410759396057,-0.026022401501622782,-0.021940562100106555,0.02793905125985587,0.015549019767148968,0.0162613507853103,0.009887094492282663,0.011553580307961338,0.01335942868180415
0.0008294219631652919,-0.000533403024866346,-0.0009943974611165193,-0.0013706605357698195,-0.002920880281816718,0.01747534983314878,-0.004406130314429216,-0.00782217589312024,-0.004172037949490184,-0.01262315529195098,-0.005398624629580399,-0.0015069478212903138,0.02495630910440895,0.010722796267696231,0.010066521071876328,-0.008336976994669806,-0.016354917214918926,-0.005214317899524967,-0.0063576344652168035,0.014267310976288259,0.009342256702841029,0.02268995636174229,-0.0042163798256852295,-0.007633552799004523,0.005483599867832772,0.002218633272733484,-0.0070841268868546345,-0.007934517848325153,-0.0037785714090651603,-0.008883621596834578,0.0014382943409087582
-0.011768554900341992,0.01173964758346552,0.018968936258643217,-0.001789219192687227,-0.0022405917928592827,0.004985119094538047,0.010075993796048902,0.0019928536722229914,0.030211830605019037,0.021245515611795763,0.004223303152879416,-0.0012073037126305785,-0.03203782708931755,-0.036935300108753816,0.00030301844361199263,0.007079597436123428,0.007913382559481744,0.0011849483908885176,0.008646128159291302,-0.002567970806620359,-0.006605736345085596,0.0033876094615335178,-0.0011219352893569472,0.009615332131445713,0.027268034213168188,-0.007051027301851623,-0.0018412770169405008,0.004067530901357216,0.01461647291318899,0.021503118588354988,0.0021818323484826744
0.03220393180834391,-0.03586500620479078,-0.004942429387381504,0.0006924406964288925,0.01179362494191109,-0.0011022440308048034,0.0011634821466709373,0.013326873831238215,-0.021502637759146525,-0.006817486544217521,0.010202615974717312,0.0057418200323983105,-0.027802276342981103,0.02713772329626614,0.00847715314425767,-0.008348054766474452,0.008038657399485019,0.011505079705341991,0.0,0.004076574004626478,0.012090703097568926,-0.004726569031225861,0.012205261754736692,-0.02031744751122001,-0.0009649514882212335,0.020672511861368183,0.011528799490895176,0.01219337476276851,-0.002393610543308552,-0.009150861298039915,0.007942178743279037
0.03932406776615483,-0.03555802266281473,0.00894040822644857,0.014071570490797542,0.01262741593611935,0.008092614617595284,0.014179445809175854,0.013945714180346031,0.016680111594931078,0.013104452442680782,0.010929719430257176,0.006610508008690349,0.042534106414640185,0.000808581731724296,0.013359299960176648,-0.01107653117430315,0.002392499021550132,0.014543997829352538,0.005280850567730877,0.012392989123046904,0.013618290481000791,0.011759427294524049,0.012338928017499523,-0.023331180478132287,0.0057969388213115255,0.023429107468379676,0.016639930081171015,0.01350272602921882,0.010282468093996095,0.012057616561659368,0.013610580035960577
-0.018918097341224342,0.01191158284723812,0.00262538226454046,-0.006369561022395068,-0.005275692819486979,-0.002554244700858673,-0.0027502902519565306,-0.003913624010385602,-0.020833635460970786,-0.007699408708351766,-0.004652954671520521,-0.00924597538951971,0.005000137698911618,0.004444578493739718,-0.0066658461349906545,0.0017921024050266527,0.004773350373874664,-0.0018377491878727558,-0.007129276560116831,-0.005065555113263792,-0.004950041747558663,-0.004246713729688002,-0.003878100146078043,0.008626395721088408,0.038424605526307325,-0.010376480834334015,-0.00964123547703163,-0.006922709168965451,0.0011877760478181151,-0.005577027797243889,-0.0014136353289982975
-0.05035866082909123,0.05044837306957682,-0.0019637863781307593,-0.010073052733211666,-0.01880427027305582,-0.01390127055987008,-0.009882800902412682,-0.015940572374130175,-0.01329749289575603,-0.006517618086510105,-0.015949616204839152,-0.017241302897997482,-0.02894665861377648,-0.016894647938339058,-0.0165522902587451,0.01028615498581498,-0.019002565938675428,-0.011231716137879136,-0.021164210634073897,-0.015273427146106132,-0.017173957017593208,-0.015263889643565832,-0.017797604315121722,0.031578969176153236,0.02127655373316373,-0.032212820734486704,-0.00769725429440873,-0.01722984163641694,-0.008641291269408815,-0.010450985233173069,-0.020523766299466832
0.006544779656433849,-0.00987190229113125,-0.0095113821526394,-0.008326002399526833,0.0039309116343971134,-0.00649262574242471,-0.011141956900444096,0.0017108788006380366,-0.012668836318430556,-0.015620180575803297,0.007964083745287405,0.00030740908507843044,0.021425278535960626,0.014320977549697316,0.005155485911935485,-0.007525402747911025,0.016948997041050608,0.0009310568742473263,0.008494557631684042,-0.004739427689143367,-0.00012051891146280844,-0.012081049219800877,0.00028338130872859827,-0.01785714142263285,-0.016757106429516104,0.015972145724337392,0.00022782799856746212,0.002676424098507229,-0.013672662235718232,-0.014167998515887025,-0.0036126547575086095
0.05068353888547048,-0.050121391243314745,0.019205307230685118,0.01655800930623905,0.017131820181853198,0.01941754671634587,0.01830969577766445,0.01753785609715023,0.02839206940817921,0.01872423000226308,0.01580289737736559,0.01107685094439762,0.029298863547669005,0.011698320874026844,0.01749892037931968,-0.01025867246828528,0.012698566062179256,0.016557972494804143,0.009188169513266462,0.020346179870834136,0.016994385566467384,0.029072339306203437,0.01783166419218135,-0.030519479775906425,0.00736966923181593,0.03144262717414492,0.015054837290214416,0.0174856074771743,0.020793566850775963,0.02273334782645077,0.01957944522058355
0.01999363966170288,-0.024113307616375125,0.006497747519415249,0.011700176559900532,0.006737033380262854,0.0109890792680904,0.012217706555986856,0.006715353843626105,-0.0039815786529887294,0.007476621783705858,0.0072324921808588905,0.01407969576482024,0.006669516095077759,0.0035882749649325195,0.010229644619193658,-0.015322293745885285,0.0015674247944065648,0.007686714893804866,0.011760215160348914,0.006364334423527183,0.0069920046792553096,0.004932987598275673,0.0075084372229409875,-0.014735432004773097,0.026977720384751797,0.0142825711276828,0.010112273129582952,0.0068215402917514425,0.005431734998963405,0.005109639544279346,0.0073495435938242485
0.014779210777753246,-0.015407258288446685,-0.0025822039224647204,0.0034013614387709717,0.0047803427061246595,-0.0027174389405826074,-0.0020495184617913024,0.0053362245345647905,0.002665057867677038,-0.003092031256455661,0.005283915486549036,0.00692956560646423,0.014575578913638103,0.01072708888258682,0.003228660391336803,0.0027459768190333717,0.008607201541935066,0.0076280800175230375,0.0018748581283864964,0.003794015310212444,0.005413473351264513,-0.002008203098945844,0.00441605426016511,-0.012236569079104687,-0.016028606559461863,0.009457703082126696,0.0035595883358714195,0.005602552802518659,-0.007259488723694506,-0.00482941104485728,0.0023534361017530088
0.03020070113220213,-0.030705367620083523,0.012621331360119713,0.0038415468094485923,0.009990464012728564,0.0025430880373055018,0.00593350218864179,0.010616100084169109,-0.0071774093862021935,0.00186097294037242,0.008355975071095735,0.003889902579990297,-0.0017411055890857582,-0.0035379567112230163,0.007314358574306529,-0.01597442488839226,0.0007756661333198697,0.007930815685824114,0.005239444931997638,0.005670104200280474,0.010652046468822488,0.001565066480432901,0.011541740619732666,-0.01789396500365924,0.03438920654522163,0.01842589750648861,0.008202294444590646,0.009588132095939093,0.0061222441482257075,0.004852847439882456,0.010096149585786578
-0.1522320617464427,0.16539728004046025,-0.033237465506565346,-0.039171382032237884,-0.05228446917999227,-0.016669683427791487,-0.04265014911047321,-0.0554768601487727,-0.02088316019646393,-0.02879256732976604,-0.04784843604971359,-0.04619951352271602,-0.0614914648115686,-0.028796622587664307,-0.04632606507480831,0.05380334879006594,-0.031783000261229155,-0.06187410548176605,-0.04020843854412751,-0.041762601985737516,-0.05316183946321616,-0.029464464158877806,-0.05324623736974149,0.1002101287695001,-0.02449691414458013,-0.09547181380952584,-0.04617440123482534,-0.05210507400213379,-0.029073603794425907,-0.026944562566062247,-0.036494654275506314
-0.009829735832006305,0.00627300462152909,-0.018843080955068214,-0.009840596740921269,-0.001987952108881768,-0.027270953944276442,-0.01255893286673205,-0.0016218837469569108,-0.007930182319812639,-0.014026042709642968,-0.00407089447416831,-0.004999993877110493,-0.008800257919508841,-0.007717238614784244,-0.006699928847832556,-0.0008802313963854662,-0.005604465670396793,-0.006481062191021634,-0.0011637195613012153,-0.01612534814042935,-0.009908184235832786,-0.02322919386339397,-0.002295737463453117,0.005095614538539496,-0.02645729439816618,-0.007797084325302555,-0.003227280363475034,-0.0029787569407033047,-0.020543441514089808,-0.018025065425183784,-0.01616426066664759
-0.028895705634500987,0.024934967930800696,-0.026954182087294717,-0.01585448703969421,-0.015438177216514281,-0.0038406780240718336,-0.017518746901636482,-0.01647686139186141,-0.023153424960146544,-0.020045533525087974,-0.018463680098502758,-0.01459490618875906,-0.01693328275679847,-0.00982404250170152,-0.009915035813697137,0.015858966852509624,-0.03542664999242538,-0.014773613208522662,-0.021747360283711624,-0.0037038745793807524,-0.00030725706273944733,-0.0061281794255728704,-0.015242863672112856,0.020278836192796662,-0.017042981813929485,-0.021526337159827123,-0.018501253163134303,-0.0180607536020384,-0.01830765110940089,-0.015163649966455224,-0.014712648114348382
-0.0029206770610096604,0.0012671949451814,-0.01460680753491336,-0.01257208849166692,0.0043786819211759104,-0.01068924405519364,-0.00960676159835361,0.010843233448735149,-0.030659413114950487,-0.022833160474832283,0.008512646952022241,-0.0051214682532880465,-0.023444898620980908,-0.0301780022123482,0.0038716995718832453,0.0008672531473900325,0.014659563323921482,0.0132374100181422,-0.0010690650401038834,-0.011427432641417023,0.0004985995980328791,-0.026717859035608336,0.007745825645967177,0.0018632750228295238,-0.030459191925622256,-0.00015774684852529644,0.0030628382979813852,0.00831882005729532,-0.016008905655453882,-0.019940570541330343,0.006995360903270622
0.04979862526169356,-0.05416358214698113,-0.005691900055928731,0.0017152592779866491,0.016185923391778774,-0.0009643731401717992,0.01414040676836606,0.021994755617405062,-0.020122687452486528,-0.010530202972631443,0.011637940505650543,0.012548137151385268,-0.014208772964863503,0.03662618848731957,0.01450185478052431,-0.01993058561969375,0.015189883939778388,0.030050380457375486,0.010437512145465748,0.00475991529023915,0.01868215960572304,-0.011029394429787584,0.01778443045899287,-0.026038413264146628,0.0004834786773281224,0.02309887267869976,0.0143297470975998,0.017303346171076726,-0.012808505282507756,-0.008881449947286934,0.018186402452657426
0.04935469104498876,-0.0478993555901689,0.009660006029776206,0.011741758783327038,0.017919217376893778,0.015256670976887569,0.002201671836212584,0.017147966322474777,0.0071429394937322956,0.009269118903903412,0.01406048412406535,0.014617446880044368,0.05947988790010096,0.0071310256570282235,0.01246961306797112,-0.014146765445870213,0.006650082785141237,0.0186333282811084,0.01470004901943337,0.011955851241402271,0.015649751081312026,0.01065671150292332,0.016327779404892415,-0.028644149236893263,0.011593938298458268,0.028734057219372063,0.015516203179020296,0.016056346625643404,0.009025796626126492,0.005600370766359925,0.012723234753510823
0.09606108166789301,-0.09415407461752053,0.02551400354126672,0.031189492910988614,0.03227420583349605,0.032337985219881155,0.031974546315791684,0.02862635981663685,0.04107581833684718,0.0251700202750014,0.0316527907087151,0.03764286407136567,0.022659630279584148,0.012494542090711686,0.031390777713513826,-0.026457444484751298,0.010734954916554584,0.024574962138147183,0.03328116486773037,0.02853326529540753,0.03153997136809774,0.0245221203274954,0.031848727920068425,-0.06290960895240909,0.015281872341007204,0.06317899277978847,0.029646722815742755,0.031873770030352765,0.02273583977595776,0.024784315486878882,0.03237511242695082
0.07566343408037139,-0.07322354344996015,0.016240204491893298,0.02696344966251552,0.02273781379791712,0.024322605909329338,0.04068104003571208,0.03024985987103636,0.01901790463906521,0.03881888833687447,0.017919949431586812,0.02515926465068495,0.01589593390483627,0.009050020897869573,0.017911487176882488,-0.017964042969126858,0.010621004508422693,0.031199284313186162,0.028419614559395963,0.031859445052704896,0.029991769959078,0.041406962212495936,0.029227072040239718,-0.03636366487112585,0.005644304185308406,0.03680126993354927,0.013289086090859702,0.025178596637124254,0.03607879664656495,0.03913061123356727,0.030657480897019113
-0.00324212362789455,0.00033469260017703035,-0.014960825197346022,-0.010730201116933312,-0.0004631011342194432,-0.007914966952028438,-0.01863633876113367,-0.0005338467931140611,-0.02506980853241967,-0.03353566801347445,0.003867800449700793,0.0035481367637521725,0.0037934764096155733,0.005707096761713524,0.01459228796799704,-0.004690399616379135,0.00242502023659706,-0.0005245238896590892,0.005158518299952002,-0.014702674628099825,-0.001133066698930444,-0.03562349874112011,0.0002653683744000578,-0.006531239138337236,-0.013096222466003254,0.0037207329371605783,0.007650150454055817,-0.0007596090467460621,-0.030953385463425208,-0.03582659389632172,0.0
-0.01923352449217099,0.016733626720761643,0.01933041352622088,0.008077272371079358,-0.0055609896017981345,0.008159558073876015,0.009263728998264591,-0.004700403466277889,0.025143090178075825,0.025115636441229317,-0.005314226583181978,-0.012669326370117476,0.02145946811919238,0.011349942690926366,0.002115214211234505,0.005183753453225496,0.0064516532004978535,-0.002274636219947221,-0.007331437793503475,0.007674245097875788,-0.004764126256591475,0.020018691743802237,-0.00504099037560057,0.008765630217533153,0.031279609797943767,-0.008515440843146694,-0.007809059309725938,-0.006081430320571482,0.02341214400577741,0.02576634904474808,-0.002270728564003737
0.028695085990726368,-0.030283085416061787,-0.0071115666317953345,0.00297631871775092,0.009320075206810084,0.0007194759996996034,0.0013768272174888635,0.01363097489606102,-0.0016724352341006255,-0.00580270268406191,0.012421675491981893,0.005848199631233901,0.007906843115714029,-0.002004044177648541,0.001829235080019461,-0.010782861524716213,0.0,0.009645679961413696,-0.000369120919388422,0.005500124095242764,0.010713524996352407,-0.002803560175296977,0.010666555999020751,-0.024619873678809447,-0.013786812436572348,0.025260398574642927,0.012024516430414531,0.009305296688105869,-0.0035466448510219884,-0.00978309277762581,0.007055196291929475
0.052705200751263316,-0.04955869169907167,0.007503741358093129,0.009586683376234969,0.016620308491824786,0.017972724739014786,0.011228089645666156,0.016730067417026297,0.03461752168980396,-0.0003241846335549379,0.01609475898980169,0.02055412157552195,0.025381006271514267,0.014056249450039795,0.021067370548764598,-0.0213271062793438,0.0144232141719938,0.0165018762459608,0.020686995042911344,0.011571724759220643,0.016689454067609466,0.006560567765082279,0.016094755425102313,-0.03192286108882141,0.020503158335330937,0.032718726976640064,0.023331194279183502,0.01755497229231769,0.0005337583671948297,-0.0013354047847673994,0.02824862970857635
-0.0006655804302525932,-0.004285733604395913,-0.009817273947326935,-0.006104360467805431,0.0018163336849540074,-0.004237250887627175,-0.009970552320156716,0.0008334022392855858,-0.0043174756328273976,-0.005189766821702954,-0.00467401394220112,0.0020433376704003317,-0.018451726595066283,-0.00831687997028962,-0.006327505928270143,0.00629550314306997,-0.011058660129719282,-0.005810277140256176,-0.003981151116867921,-0.003327929593244813,0.0009978874827549656,-0.008612838113657555,0.0005191809290230441,0.008435651269100427,0.0031963872430711827,-0.010401741682494112,-0.012243972384584412,0.0002478503703203787,-0.003913190075808958,-0.0021391632936802155,-0.010329857398373802
0.008660911780050781,-0.0104017415912845,-0.030427371850892237,-0.009098794166859008,0.0022665817522361967,-0.005673883057207043,-0.005493339181549005,0.00551507150060569,-0.023576910659152656,-0.02314970503922853,-0.002739519360135266,0.006408306643553433,-0.02980284756606883,-0.012380027706001306,0.004429719266577445,-0.00048132556634518115,-0.011980596616573944,0.012203505530135564,-0.006903998234794001,-0.009599239069991442,0.0024377381025222308,-0.025827650083777427,0.005450793780783047,0.002281368020022812,-0.044151072834614086,-0.004339333196474415,0.0014959023737582734,0.002978324892654346,-0.030357023247963875,-0.02545512765348294,0.011103853211676869
0.045046258135056215,-0.04965568770562715,-0.010225706470894855,0.019053867195003685,0.014925670622145856,0.010520685024592405,0.011737707651255187,0.01935202386678033,0.0249793533628803,0.005340551583789164,0.01674327221598441,0.007235834294575064,0.012323071793114973,0.004447956790286032,0.006753307969662486,-0.018777148813924917,0.007275574451251618,0.012056577497505008,0.023783412795024564,0.00758528786569744,0.0055266162729142795,0.003615372002517726,0.014455321463807604,-0.03186643405910747,0.0014287259412947074,0.031477134235640525,0.00981643615035652,0.014846095557770445,0.009576343701438743,-0.0016497916570280286,0.010981761702567495
0.03526732349443922,-0.04042716603522389,0.04114881385618718,-0.0042801894564399616,0.0026736575270325997,0.013587413674852037,0.002047310931947026,-0.0031472094614341858,0.006003455896662611,0.021753171969284297,0.0006431654712715623,0.018317238153388454,0.007044882219176622,0.0016100933167116204,0.02452889699099768,-0.010304150576880222,-0.04975929579552051,0.003187823029413537,0.013581312384578735,0.01988008542061708,0.021967336287008275,0.021090324603298082,0.004071072801878821,-0.024294727383669747,-0.005230730120034304,0.01690122291276944,0.005705715066555045,-0.00036600330790149233,-0.009668026919017449,0.0290164217487166,0.002606961781142107
0.005494490155442871,-0.011128786617363351,-0.015077073060188106,0.005831965534734675,0.013297726192662992,-0.02298074615750366,0.0017488662777963744,0.011464352101239415,-0.02182097796357307,-0.014402612559844909,0.010547086093221235,0.004249390765785191,0.0065301968461835384,-0.03496758708391512,-0.000404436966092069,0.0034704272506401504,0.057499545701246914,0.010083076142864031,-0.01727809668551159,-0.006618408737166676,0.0021738520564547185,-0.01635845751628483,0.01814797917813469,-0.004819174374294264,0.045280798882417296,0.006323147826934202,0.000210293705222268,0.01634938917217953,0.015541696788965432,-0.01650420321680229,-0.003093010172333391
0.11062529332607544,-0.10289391612163083,0.019223857367116508,0.0262978078415344,0.034543984971698305,0.034147645223265015,0.02836217054276377,0.039751902426574615,0.007435844744711084,0.007638670281884903,0.029952317781949782,0.020310219907189345,-0.06070438423559541,0.029661560514113432,0.03221042768771214,-0.03310269371451692,-0.011744964633300615,0.0418894963387541,0.028187875538371307,0.028940096132293727,0.036442521407268266,0.017835654797188197,0.02731825430515683,-0.0564972797917795,0.0065729298070236475,0.058497867392723425,0.0331933100161356,0.03539256531805128,0.008555067869065706,0.006877306343566086,0.04121264430353583
0.07730155506620097,-0.07258059554487689,0.01886135727732691,0.020499062175685704,0.026112910172290556,0.02262041736372842,0.02491125757785165,0.025422939323211376,0.033351578527561154,0.027026923928487632,0.01947106304078124,0.032623939077003214,0.03529505487444227,-0.003359772912535529,0.012926065625876709,-0.013796585235676305,-0.006791119976752474,0.03427804125716214,0.013157881612887107,0.028531171223544007,0.026161639367692884,0.03291490260825935,0.025128050184947737,-0.035928024605263335,0.006529837390095938,0.03983616589789635,0.016673169041318485,0.02596046043616107,0.02581589773562236,0.031420952854316835,0.025968555326379792
0.01918189790421022,-0.027053214702407968,0.011655848249020486,0.015938809782727572,0.005423413568522746,0.0069764570040078255,0.006944323862006995,0.00829578622561692,0.017724721480390494,0.006418587478828137,0.007957840219056822,0.007253436500404384,0.0014954128573563981,-0.0008431953134675253,0.011729551032470706,-0.016062170731683017,0.001709461374556336,0.0017038545145262544,0.0017549915613271634,0.007082318586813467,0.005914735618297361,0.002980507027570831,0.006901861834866159,-0.019520962455462844,0.014365083246732196,0.016346627586558762,0.012600194019335835,0.00618277895824745,0.004493863370566826,0.0007945689078676947,0.003674104767513924
-0.04829711255153237,0.04617678879939193,-0.009488287500716142,-0.012035099176746972,-0.016182522760551567,-0.011321551987663766,-0.012499872614823269,-0.018063077649777718,0.003899154561061561,-0.014349517166565429,-0.013360988653201572,-0.006937193777704917,-0.007466141299279183,-0.003373943933487458,-0.012230570601935851,0.005792376693908682,-0.00426619894095797,-0.014687817877722876,-0.009460324791887529,-0.017386244995588274,-0.01804525492348592,-0.01577141981371177,-0.018199179065110104,0.028054365469861068,-0.012791147886281348,-0.028538409115343295,-0.012838369767876863,-0.015134043106710338,-0.01682158837557026,-0.012704742937045816,-0.011795823722848677
-0.05074814270895735,0.0417657839935152,0.020184663731216287,-0.0008700127293431817,-0.014761622690496716,0.007349126626352086,0.0015277013883294242,-0.01483193384391726,0.02278653715103286,0.027499231549654796,-0.013172354909706854,-0.02041874652674806,-0.017553056695157037,-0.0076172627508847846,-0.01534910352883053,0.02565448937746688,-0.007712026871122244,-0.02337958378189336,-0.010258335308946287,0.002584445306623091,-0.013937726435065531,0.026010173759018932,-0.013721825254503855,0.021126818815244218,-0.0004626588469114125,-0.02657502943504308,-0.01960783260749141,-0.015598243778913654,0.0231160691538649,0.02412849665604569,-0.012142449278561023
-0.005842086198162391,0.0022777418049595905,0.01073111205182392,0.004572148866525046,-0.0012844005045473904,-0.0006784080180156615,0.007844863906120603,-0.0016619758534960735,0.025316293498101588,0.0094460120091986,0.0018711683064908816,-0.007405348651157631,0.017355745518774942,0.0076757308092640095,-0.0017029394234446555,-0.0015313318495177662,0.0138168184680264,-0.0019283797284536273,0.00035754188518671273,0.0011899547736019226,-0.0029317622508718824,0.003621392804527843,-0.0024405850411017478,-0.0043103790888009965,0.0,0.0034889244548509998,0.002857202532177149,-0.00164321647215512,0.010674440508756749,0.009685598659887315,-0.008124826973071809
-0.018405729445240097,0.010454535586796732,0.0016588290267127734,-0.005851845023001671,-0.005572000221622468,-0.002207280999341546,-0.000648788357424758,-0.004994069294267304,-0.0002470047772634977,0.0003117618706486121,-0.004482714848402147,-0.0032931121138823657,0.010338041650277376,0.0029626248373726244,-0.009185015387454636,-0.0010224364538676863,0.004258834673556292,0.0025756847274947033,-0.0014292009000622516,-0.0031689112159979625,-0.004620322045413457,0.001353475082227549,-0.0046488782382693855,0.006926331350950907,0.001388732238699505,-0.008952577151874256,-0.005290755877057627,-0.005290057739920932,0.003520304743774388,0.0064818908404615,-0.005670996069145679
-0.045295217961832786,0.04003599937790525,-0.002981102851342311,-0.011118562800253284,-0.013793344350495309,-0.0045942148857301005,-0.011899562649723338,-0.01791161470575395,-0.0009877824319752743,-0.006548046814367724,-0.010381267686638771,-0.0064012423358448,0.019441450916718613,0.010970128344641368,-0.008475531848173477,0.011258981888336638,0.007633758673289778,-0.016217045087822974,-0.0021467328189761475,-0.009537090211878462,-0.015613607666566337,-0.0004504481689608687,-0.012536857432615676,0.01891668245968545,-0.006934766726531575,-0.02297834150086115,-0.011865969719841656,-0.0146557401927869,-0.0008771280527599577,-0.002575751261789186,-0.014786757504998471
-0.10825846241259096,0.10856401561646872,-0.029235775168430175,-0.030643606103868005,-0.03715033674993695,-0.029401665367466256,-0.027808102385353004,-0.032869044080633535,-0.04202734373164343,-0.028876412034883663,-0.03412566567636706,-0.0462187325053523,-0.04303159850180313,-0.02295489056270473,-0.04153893687095979,0.034412973519523896,-0.022727395702748503,-0.03509053664528688,-0.03800619880233051,-0.033300070500450814,-0.035258542001218744,-0.023208822540786097,-0.03933306191404852,0.06835431627910926,-0.027001856312855836,-0.06696601310665704,-0.031055861753859694,-0.03598404142105393,-0.028440778488652008,-0.025051872816831227,-0.03409100693434208
0.07416736742394782,-0.07491223721394265,-0.02053379131767385,-0.002956579229323076,0.024512133472120345,0.002289556311706124,0.003378267263458574,0.02559316914717529,-0.028386799011817194,-0.012928336193275243,0.018189280673161144,0.01997068119449829,0.00459911756246391,0.005980345404843151,0.021321279393642787,-0.017123415903584058,0.005168074121152203,0.025202951468877438,0.0182629238753718,0.009338177089170044,0.023772332758833985,-0.018915877302854062,0.02461799795847171,-0.03712480397371218,-0.014354087984547213,0.035886018591345506,0.017521377804436092,0.025009151192686072,-0.01138441444623954,-0.011655588106484356,0.02708094999366309
0.1752718308725889,-0.16026997893336792,0.03633796532307158,0.047673550285742,0.057155545009103324,0.04199601718558168,0.04444449735964694,0.055869977332654634,0.0571047354318582,0.03667324948355063,0.053334563734689686,0.061062605685103674,0.06737506009283542,0.03099807720364043,0.05717007902057125,-0.05375807570162753,0.0325621252459371,0.06104592111609995,0.04904830217720645,0.04440786231327491,0.05305991157820406,0.03573970603707217,0.057916120705396076,-0.10090224369300912,0.013592265057509954,0.10755073308753683,0.05186893725046735,0.056445710892064176,0.031621396734872034,0.035647181790384785,0.04992442094261952
-0.09038364244052692,0.09442494335838214,0.006068745659982988,-0.01611166968960558,-0.03394817040793348,-0.013308254907381828,-0.020631881287554683,-0.0366471581476372,-0.01432171870982303,-0.003790293871952412,-0.03599276497416786,-0.028883255794775832,-0.009082144996541756,-0.0028831417928622664,-0.034159573184467384,0.028406015386507718,-0.030705302655289327,-0.03545315516797487,-0.034193960702140334,-0.013821472760369756,-0.026045247727188248,0.0026003427625458197,-0.03538163482573884,0.05656926299336576,0.03352489434018587,-0.05559722521336099,-0.03334006004839592,-0.0364241796084576,0.005315605750089575,0.0007764794476333737,-0.034787874731818595
0.035008674934391595,-0.036713979851504513,0.00971863338046672,0.0072589839048190375,0.014612083854793309,0.006689517670479847,0.016702653963014843,0.015639516698636786,0.0012038995908514127,0.005352605148118785,0.01878751861524319,0.012626701547139142,0.01302449029282296,-0.014870005149566212,0.01741713467794061,-0.014322103220063775,0.031787538246191835,0.014941106544366247,0.02082585179049248,0.006414109325150725,0.010208333045951066,-0.00022709916446998042,0.015590524016845884,-0.023316096555830633,0.032437546177894225,0.02148816563790396,0.016871053937464495,0.017612465630486258,0.008284853076344113,0.0070145330079549924,0.02213430438801892
-0.0824960255006514,0.08242010079143246,0.02821105272127965,-0.0028577468753426235,-0.02658643483746064,0.0008517999464865187,0.0006535955194911168,-0.026186287329092804,0.0071646533234845395,0.01775523992273364,-0.0217937933472611,-0.028540043448548838,-0.029523555255184845,0.02938517312092785,-0.02778483958674421,0.02646588041404857,0.008510770747078294,-0.027057224009584675,-0.018558350501993646,-0.009360584512587412,-0.027263183215431263,0.021140932160496586,-0.027457546519766247,0.04420873081543436,0.07764806690731524,-0.04589709372941783,-0.026385862700302715,-0.027230642554548164,0.02885140273592988,0.02271554155655261,-0.031446531055600545
-0.028714098209746776,0.02552817476494709,-0.010006403728357434,-0.0066137680123925105,-0.009251276804960663,-0.01157630791152076,-0.009361977948299393,-0.006470007706848184,-0.005335517958810635,-0.008411199749772665,-0.0078104306552907714,-0.014260927542506418,0.04531340756413296,0.0,-0.013545069091801186,0.0075835193663756715,-0.0008439695471567798,-0.0088857310525742,-0.007999823469418913,-0.00965033586135364,-0.008332380568756568,-0.010017789368954044,-0.008066700162547898,0.01439456771447745,-0.02623921600608072,-0.014212959262050628,-0.005882366115203029,-0.008725159057292198,-0.0052688122625496395,-0.008329072373002238,-0.006493548386466171
0.030314564022903067,-0.030901255488906987,0.013368152359729091,0.010208661978216202,0.010226722868267249,0.013606455958361808,0.012527289085098212,0.008954281978286186,0.00485324453121639,0.010681699689361376,0.008517162620525614,0.014024492377958478,0.002939883606270811,0.0016605650698227456,0.018673445657547968,-0.009533352281699006,0.0016893337287451741,0.018263217845118945,0.01209685267636609,0.008323258500074777,0.01123939213777056,0.007870673387247574,0.010927724612993944,-0.015859871981945547,0.03763912914363925,0.015896406225239024,0.008664409291814397,0.010024587268274135,0.012985070603828868,0.005853884495883871,0.0130720049068629
-0.0941033590302498,0.0961027012731902,0.004182814095097892,-0.019112472886298557,-0.0330106509675817,-0.0178419639883643,-0.02170609374595411,-0.032876354899885274,0.0007625381837468513,0.0012435083988188494,-0.0287904925214408,-0.04126102692775442,-0.03419629859270357,-0.01823459041286738,-0.034775350109534434,0.026342424841931673,-0.016020190193246756,-0.02837116330770365,-0.02752621027626817,-0.020736916872759033,-0.030862071480294857,-0.008478474746759836,-0.03117158596952248,0.055131465097904016,0.05399824756534728,-0.05676837164873773,-0.029750501793609562,-0.031953619620371715,0.0018551881370986515,0.0002527563888051105,-0.03806471063449997
0.015165721985735903,-0.025050476978944282,-0.002883753569861675,0.0033594808140158154,0.007738060347214324,0.003633290086241232,0.0008876251700452015,0.008133429021156465,0.0027939104547967898,-0.002483706937025289,0.006060658046788998,-0.0008966074818676576,-0.01618601819490307,-0.006331591896597604,0.00740106158906242,-0.005923060065113939,-0.00685516926290617,0.008222850129252524,-0.0018624232577325887,0.00575665864188698,0.009019034915895478,0.002700251630521393,0.00908145922841567,-0.012861678511499944,-0.0015642208210685658,0.011381100279846377,0.008637089461889126,0.006251362941418411,-0.0045455206162370535,-0.001264581225293362,0.012519526502090931
0.018376578392208846,-0.025694210809100844,0.01413874523488686,0.009151628097111238,0.007226481571247862,0.015514597612863385,0.013300537528115186,0.0062058450265414155,0.03495451124063509,0.013694290219620098,0.006154951641986228,-0.0020938181085665103,0.00205653945947252,0.0016990759338104116,0.003742786868394887,-0.005958151731910612,0.0051769049967664935,0.004993367203540399,0.00671629061577904,0.010629676606206263,0.005848627181893232,0.018626559863910267,0.006685674693478985,-0.0154722730102662,-0.0035253460746746397,0.011729883313706904,0.007065223889697807,0.007579425643276755,0.013867676334585024,0.01697081758723213,0.007065657421411829
-0.03660922142141165,0.03572946960241437,-0.0199620598586244,-0.01349268565515088,-0.012107529020999326,-0.008147987865703143,-0.010282040688729559,-0.012951915985919809,-0.03964755522711316,-0.010439154229042449,-0.010672796730515298,-0.0050445849822271524,0.00768342843520193,0.0008482115469845617,-0.010909966341784105,0.00899094703082708,-0.0008585531066835163,-0.013414957508892955,-0.009636721917642912,-0.011731381349450508,-0.012616640466129158,-0.014981171780766153,-0.013026824088007852,0.022125728870392568,-0.005896187241538742,-0.022433780966998697,-0.009991607007744535,-0.012825037667185374,-0.008340120012231817,-0.011457280192799787,-0.01074324584070706
-0.0347662319001737,0.03408630624593628,-0.02780484037046376,-0.024663436423176803,-0.013163846009734205,-0.015916767541118232,-0.017462287263665537,-0.011351993027367644,-0.01656484904416438,-0.026682991538990616,-0.00999885341348824,-0.012708076430301448,0.0020505450717780514,0.002966052732382364,-0.00837765030923468,0.009900872622239277,0.0008592908535153468,-0.009400837599293057,-0.010104552399735392,-0.019443360175997,-0.01144429074125435,-0.0275107122003248,-0.011386865379569722,0.020028274078428002,-0.029260600976149645,-0.020152262896647198,-0.012239639284794912,-0.01136788529955843,-0.02859544219836448,-0.02368363595221176,-0.009530320855803685
-0.07538726905275751,0.07069092531180618,-0.024609010442902653,-0.015632279421648656,-0.023459160619980605,-0.01791259911344889,-0.027446908847607025,-0.026967142904031613,-0.02876376235505576,-0.0274147191975029,-0.02352137358000541,-0.019613909169657245,-0.06189281468555492,-0.031263299206335554,-0.01929009271705441,0.023529451256571958,-0.02832627144658067,-0.02897817400350995,-0.010964075423562564,-0.025046836929313712,-0.024278189912707703,-0.027598847743406398,-0.02486950505166222,0.045021834152773985,-0.006517291459003062,-0.04605408578339256,-0.024347979943293192,-0.0243872287062887,-0.018701406991113848,-0.02245169272534267,-0.023718724608044788
0.009059334621495257,-0.01075658606583441,0.0075007300969506625,0.0016348544285788695,0.003297389361846866,0.005489434515042433,0.003007347639021528,0.004546951286388963,0.021611664655000376,0.01212712334061636,0.0038104647332220256,0.0031261718869287085,0.0,0.003052719358870253,0.0014356741199289859,-0.004310267493264575,0.001766707404352696,0.006108294711440458,0.001528995902654318,0.010704238444687687,0.00357138921205831,0.017029268995217606,0.004295203576195118,-0.00816098296239887,-0.03034037821763135,0.007221244746591801,0.002673832550984675,0.0031082881104851326,0.0047644122782176355,0.0095038702746223,-0.006188520194248586
0.049827834219484536,-0.05174348367960683,-0.0030455846964542407,0.012123882252254692,0.017371022561270013,0.009686543902081984,0.009225095152898712,0.016273338720519115,-0.014625365821608912,-0.001295378456317083,0.016811282138442574,0.0143345279821898,0.020445663273858168,0.005652232740280246,0.015340255791332504,-0.016834950292839268,0.008818543467579591,0.021509205595086848,0.020992309319531374,0.00021199535957229642,0.008264451053465644,-0.012558293689793634,0.017108079273962132,-0.03367770898954536,-0.008456569313642408,0.032568395794646064,0.018666812650945424,0.017172503182644773,-0.004741820291400186,-0.0018305264895324934,0.02098716255301639
-0.07782208696737253,0.08145510798706944,-0.0078071472359450295,-0.018428671055626254,-0.035071753202943645,-0.009128469253792766,-0.03199258238696562,-0.03573699733733938,0.005300824676741749,-0.017509695133303492,-0.033466819719461104,-0.02286367721140584,-0.0683531890742964,-0.03501927416011711,-0.022735587839170568,0.027886353984271767,-0.060314851378512974,-0.037527725243574485,-0.04261665821098995,-0.0050756737903599825,-0.017220229210034164,0.01834356915910767,-0.0318004940605692,0.050693056401839014,-0.0076758235158793766,-0.05088244749137506,-0.0397034521749431,-0.03655749622165761,-0.006528905005629284,-0.011789242115359044,-0.033657077058089485
0.00710981367604189,-0.012065840295992648,-0.0035376695670404244,-0.011158379714572049,0.010587840070298804,-0.003540056330521324,0.0128912591753944,0.013783996003110905,-0.008429773798125888,-0.0013703885155434336,0.01079087034471246,-0.007262537459059944,-0.015020556856074684,-0.02822576277401974,0.0042057439493616644,-0.005711671114957158,0.02290224512616324,0.02037727202952129,0.007430786271275572,-0.0045053281775249065,0.004202970032812883,-0.01987830320210125,0.010826957908680462,-0.005277049214419057,-0.005586610382909038,0.004599852357873086,0.01409216186572894,0.012906250162970857,-0.006641835394252941,-0.001998258445868165,0.015338562343892663
0.06230821378667361,-0.06587703478174793,-0.011772798908848385,0.016491321222683448,0.020982689318184103,0.008348250301731367,0.010179932922108495,0.02253089417065272,0.02504000234353643,-0.0026864107317739025,0.015835719475001134,0.025127360743494788,-0.015248545928774232,0.04127106120559715,0.016753454482816302,-0.017232963046307448,0.016822709093219312,0.02547096222674412,0.02158574537694368,0.009698311147237066,0.02162533333841029,-0.005249482888785995,0.021058094380217343,-0.03448272043608649,-0.05012978957461519,0.03398671202705943,0.01989126963560979,0.021679251403957375,-0.014764051534583104,-0.012865057330995123,0.02485481495336464
0.030193450901882826,-0.028129867343036997,0.023125489138486145,0.016458996219235786,0.010275371028695964,0.013387358159344548,0.011249185846300764,0.007380342443306443,0.02705544986761336,0.024915959213342644,0.008404595244777416,0.0031030058714454165,0.049874472129123146,0.004077776167728895,0.011505630797947235,-0.007306478245895777,0.003676563566618022,0.0025520821897858557,0.010372508671896428,0.017929277303149502,0.008649146905007253,0.026865096497658246,0.008990261933905784,-0.01589483274474215,0.03366705543508166,0.0152248861497254,0.004875856391982831,0.009645313479176873,0.02266056551340129,0.02416510872863142,0.006573104733244035
-0.019913201466315054,0.014268006646800916,-0.028424595060164155,-0.007170819346762913,-0.006010414395294486,-0.01390571977977989,-0.01089225793203903,-0.0012739654056798115,-0.02225065098464037,-0.023653320289978973,-0.005511267297744188,-0.012367770991440359,-0.0558526080830043,-0.030234511873602363,-0.009128124846124278,0.0049068866097728295,-0.027472480541106504,0.0052604056480355646,-0.0216730448847614,-0.011742328028582443,-0.0038362212694090453,-0.021957536749550862,-0.003930829617513268,0.009770610398718859,-0.012764027834537749,-0.012116633607263626,-0.0008822085667992088,-0.005604430276365487,-0.022337289754351182,-0.020413752422684856,-0.008781817468069672
0.036056877878868535,-0.03456585170616259,0.0024674493726465968,0.00232981460438484,0.012093207583674836,0.007227098869153939,0.014995304997478216,0.013076652770568931,0.011247599158979264,0.007739044063876348,0.011354204254941606,0.011324179449995224,0.04719943082830004,0.025127977756446682,0.014881125779098297,-0.010742212422134243,0.02165694218840837,0.012829124741347295,0.011659722323650732,0.009760339653818012,0.012232487428066187,0.010031085920284665,0.012628306110531926,-0.021721945376740583,-0.020062553680222032,0.022217830148600463,0.014790396293642516,0.011912410635149443,0.007128492797067332,0.009742925320334822,0.00636065645279161
-0.009805346704976077,0.0074937680495361985,-0.006329197332659461,0.004649373723239778,-0.0032169211657361906,0.0005251018473191383,-0.0009234001900511496,0.00419798525598961,0.017330659324755374,0.005008370879572567,-0.0009355199951642627,-0.01772930619342675,-0.052884538108394906,-0.02678175739915435,0.0018153158567430546,0.0,-0.023963098778654008,0.0023333349710599463,-0.0295811689465645,0.0004201535384414645,0.00123076888260681,0.0026011849946595595,0.0007793795174065635,0.0008075365576579027,-0.019563336339653653,-0.0007869292536364674,0.000870043212387565,-0.002658183086881195,0.00036298060259934927,0.0016079466946984226,0.004063125683289904
0.04002797844866335,-0.040495904216833085,-0.003892587436397896,0.007635105156845755,0.012909161657414287,0.009445412559424516,0.006700412957739538,0.015153037971692871,0.02262919338876869,0.003654447881858972,0.01591964329641669,0.005383033661205417,0.03616717466851788,0.020056024216132992,0.003624052912767671,-0.016781821262683138,0.023607039767281908,0.016295515333905344,0.012272228354165415,0.009031853799918495,0.013858044297931518,-0.0014151034663248592,0.014278350278221316,-0.03186768810038336,-0.026913981770369903,0.03179137696865665,0.017170244406166754,0.013199395373072558,-0.0010882715443964726,0.004549322155412192,0.014838250394157674
-0.061418849181506134,0.05684762960537783,-0.05612790004890191,-0.033524710805060566,-0.020027225298089597,-0.035695576103553714,-0.03626334842047329,-0.019250639890093357,-0.04276461392510218,-0.04534909648274965,-0.025151598798457863,-0.014194930497004363,-0.02450782676780554,-0.015546500816724918,-0.0015276174394799127,0.02510043251766422,-0.018449927806098027,-0.01325273563579479,-0.017207666397529218,-0.03164037139340048,-0.019400500805021443,-0.047472735385200464,-0.02022013696634772,0.049999977956745885,-0.08440629045149949,-0.051225680972621625,-0.01837600713743781,-0.02066901690932155,-0.05830031333202641,-0.050346217071988816,-0.003323045467689143
-0.10272900956735052,0.07579444507489276,-0.006398164182238507,-0.016155788805484354,-0.032512763200611416,-0.017250855536762408,-0.020480979474275397,-0.03327402606001933,-0.01636391606181215,-0.007628418234298154,-0.028772047538464032,-0.0407571974464692,-0.023403454878923053,-0.01300502352988432,-0.042008421680680655,0.02742400466652224,-0.011278345818786905,-0.03382517472841761,-0.03302817518940821,-0.02128119892795878,-0.032036731599361414,-0.009918317225080523,-0.03187047474483004,0.04861098406665585,0.01041661822955002,-0.0606274376304548,-0.03482810319112846,-0.03095398884971535,-0.006171630501804334,-0.008134674925354985,-0.0477884191035288
-0.13901268646589415,0.14356064892922105,-0.038257601573648284,-0.041777353938445366,-0.04608739162163538,-0.04443212207022285,-0.049112656415804055,-0.05016262217541735,-0.01822019426032181,-0.045073400544946025,-0.04464517210777716,-0.04583493380219924,-0.03303114710744927,-0.014117743660378525,-0.02439401782018409,0.042421498562804416,-0.01711020696895431,-0.04805225734248695,-0.035391097891746624,-0.04941800056999464,-0.049588095595520784,-0.0450787908628586,-0.0485697370628458,0.09025548923157907,-0.04845353025800336,-0.08808747425670174,-0.04533149818309986,-0.04699036648559506,-0.0446340534927833,-0.04015852864480349,-0.04481789373444165
0.07323831823052758,-0.0775090132593142,0.03308394985341342,0.019404953839273882,0.023653642472938455,0.02583238827876912,0.027358704027764708,0.023776705971554117,0.02608949610450531,0.031833182003996416,0.02052669524358972,0.015778472322044348,0.0040189401752793565,0.0038185456539258943,-0.0022323631716939787,-0.01966177742291079,0.009671199814979884,0.019469957488419284,0.02175777071229421,0.02356735722125734,0.025782265870379004,0.023078794829188683,0.024957083378651043,-0.04130505904081755,0.056337949786875265,0.04025822496705103,0.01511934648487677,0.02493055772730543,0.03493801842174645,0.03241046619502692,0.017106490142784862
0.09546795529663626,-0.0904848193483969,0.0019061697167670746,0.01977761926268751,0.03244840417279342,0.0076478478062218065,0.015679608540124897,0.035730166316527964,-0.002359410448794961,-0.0028367188647458754,0.027104143125085387,0.028305007676608908,0.04213095230553828,0.022349079368331,0.03520276059793639,-0.02798497928423337,0.02203068599966075,0.041379382105673226,0.02004165524795604,0.010835390326007709,0.022394315114238467,-0.005639636911974275,0.03099078387286435,-0.05376540296100826,-0.004102520103364557,0.055173344722938174,0.033977105101130285,0.031081075692540417,0.00019634179179083477,0.00028500674599365663,0.04541093950230292
-0.0114834177310881,0.007106290483600399,-0.015981670037748842,0.0009698021074029797,-0.007619024976877869,0.003003087087650593,0.0066158131951998865,-0.008516520828841457,0.022070544068115275,-0.0017782681435293626,-0.013472289086588093,0.010398691523192123,-0.004495588752752496,-0.006046347019138807,-0.00718586306337938,0.0038386002844654327,-0.03092788704390785,-0.0015286174514019394,-0.018829160097408315,0.012718872565462048,0.007599322139972725,0.01630252318780666,-0.00617300930880539,0.007078633977254036,-0.004634379108824204,-0.010158231926809836,-0.010353450706972052,-0.013237262515059836,-0.0029435643610821773,-0.004279378261474653,-0.015168945911215162
0.04519401045482578,-0.04860840885179206,0.028825258612952213,0.008318261018647985,0.020262263419918717,0.019484032267523644,0.01765479075802551,0.02866893664295085,-0.006259780590824781,0.02115377765468137,0.021780462445963687,-0.003004846423160342,-0.05870962746021052,-0.050538221419499936,0.0170279641648585,-0.012906223393339822,-0.0048947718253823614,0.026711307690995983,0.0011458057327476605,0.01933770110459017,0.019481943845873474,0.01788004420477094,0.02476662058904764,-0.02545594937314162,0.04086914901256495,0.02386212572778753,0.01546543404310373,0.025691400010635187,0.025860318654388068,0.020466951730621488,0.01621853949971971
0.09987836276201716,-0.09641532494216144,0.032674919732363465,0.030721159531454174,0.03405876199714253,0.029304518569040962,0.027597838300537133,0.028349156558066513,0.01688301353975415,0.0200280373778458,0.0326844379720986,0.047220379835878616,0.01987650293026531,0.059216478407113714,0.031053431765677174,-0.03292985146634907,0.03489530070954966,0.01888361279386197,0.04818244274471594,0.02791062342140705,0.032612524305103405,0.024843366120223784,0.033669515149906425,-0.06569191254540414,0.008946225270033607,0.06628641641638645,0.031578541550899286,0.03308919948643488,0.02833999054031807,0.02459027993197215,0.044506273846386564
0.03668320916865882,-0.03830377387801717,0.020971215383607997,0.010091355551078944,0.010978939624874864,0.015208003488683685,0.013077927516322778,0.013369191621483844,0.00664130715996245,0.009645173130845782,0.010908925081208448,0.004156978184230117,0.02192391291149077,-0.009528302651564348,0.01249123642921242,-0.011517148240955791,-0.00963380192483317,0.00918476715011672,0.007258367773845691,0.01209206050391546,0.011635596168342,0.01371193551446823,0.01179797633964003,-0.022741599787873882,0.047783311151573866,0.021382069397860345,0.01346100449340068,0.012913098089575343,0.009373860628509959,0.008551750068372794,-0.0039947919304986965
0.024035242785688585,-0.031294428238390216,0.010090134100804586,0.014172903630920832,0.008597209494716632,0.011147664226247935,0.009220834968692877,0.008079346762703797,0.021821709733247804,0.0136472401282284,0.011057952626843084,0.02030227216389905,0.0006871953912359227,0.0,0.009595763962299116,-0.011144909328937249,-0.0009727991121700226,0.0065009461063135566,0.00760585558138653,0.01089907160074702,0.0077772998432590786,0.01497590278444521,0.007604273458457034,-0.02305725097962188,0.013634165867286696,0.02161282066839287,0.007926197996203132,0.008873992286233355,0.011515559227005102,0.013129062454265277,0.020499229002117876
-0.02972997380625265,0.030836934951045232,-0.017124614278700732,-0.01786951902490096,-0.009421066341320516,-0.009129896874345742,-0.011877659624720635,-0.011058011836058722,0.0037248710958133952,-0.012117099707786644,-0.006983697007090982,-0.0075308271301103,-0.06524721197053156,-0.03270781758686997,-0.003122795447879172,0.005635207526074258,-0.03310625296900355,-0.02648155560196587,-0.013905340998205326,-0.009537738525328451,-0.009130353603483743,-0.013327077626878724,-0.009559729258119863,0.014423050349374609,-0.03293137001471976,-0.014135460981415555,-0.005951016338666964,-0.01028266093898043,-0.01670946496138001,-0.012958923932613916,-0.008515422776181775
-0.06585154701332294,0.052706544852303056,-0.01270406551207522,-0.021926650402427816,-0.021286133715450472,-0.017906737751228946,-0.024040589533247503,-0.023491799428638452,-0.047006237356087964,-0.028960845383706992,-0.01831210902678053,-0.022130984843127068,0.001469315709609966,-0.0004976792595631086,-0.024925297788300826,0.018339357633069386,-0.0020138223492021977,-0.02753345570992956,-0.0004029148938503374,-0.023445743430834456,-0.022049019698368488,-0.02363723123464817,-0.0215899037611629,0.03317541820836048,0.0004796405013202215,-0.03849112728274051,-0.02223656889028261,-0.020903410197477698,-0.013818895054221386,-0.027899418325337315,-0.017397023663441268
-0.06963024567496999,0.06811013516172326,-0.0334559042008528,-0.01979481926831957,-0.02406299235967315,-0.023367134148091915,-0.023211781727340043,-0.019119762176962915,-0.032450914878939835,-0.026315559240120703,-0.02081632996907528,-0.0381505518838085,-0.03081413486939157,-0.010447361560530673,-0.006984159695010917,0.020009968662289955,-0.01109999630185965,-0.009722066969198587,-0.0278115894448325,-0.023794013766408592,-0.020975997261148696,-0.029644312963035224,-0.02128751237526366,0.040450396166132316,-0.035474505055650245,-0.04103264919148529,-0.019462060877873843,-0.02275638781735148,-0.025942029396492358,-0.019133359130150143,-0.016136194347872328
0.11025224792162187,-0.10346280886473806,0.04412316220128461,0.033576611940486716,0.03698436684742716,0.034439146461331234,0.037827240615683086,0.04069820474308628,0.028977736700889788,0.03531501917030468,0.036443918078862915,0.05002001493496099,0.031572590502374834,0.009552524627273507,0.03038390404284321,-0.035801915978578645,0.0071427322499527345,0.047020446167070885,0.03192401584901646,0.03623179288194201,0.03689297559476664,0.035896350509286266,0.03686968031088905,-0.07074155101519887,0.04771368772405533,0.07357534745709522,0.03925070411353399,0.03636831425062456,0.03421468187024302,0.032415256946014936,0.029157085250048318
0.030640499344068407,-0.03203024356157639,-0.0222221515954132,0.004237106054303319,0.010516507978433605,-0.0012266027789393065,-0.0063082311222029605,0.008335834894846617,-0.007822598245092974,-0.013922629265915368,0.008124619742933057,0.01866163444151703,0.025203378756174656,0.013944090877809772,0.0020479460465332795,-0.007629653397062799,0.015197608235038797,0.016943382952443947,0.018481267050624396,-0.0004239489566491212,0.010055055494046544,-0.015728597805565212,0.009721362602463776,-0.016605638692720588,-0.02419360640436353,0.01623402313280956,0.007725291005708327,0.009593530077184552,-0.015601475448521453,-0.013336872098410068,0.011952104720959587
-0.037973006762775,0.0262774202500457,0.011922381343207304,-0.018987079237219286,-0.012217063638124123,0.001929694419961016,-0.005407801519062894,-0.006327994784370494,0.004993491174499017,0.00494186937835261,-0.011362301013901305,-0.026847590006975883,-0.03904524124060232,-0.020628775678890352,-0.011580473679755569,0.010251135026176396,-0.021956004927631216,-0.00404390564408732,-0.025246454922164187,-0.003179732194791907,-0.010283317437241549,0.006491775394745705,-0.010387823654489805,0.01907907574328877,0.025765669211827057,-0.023531612258343423,-0.009582585495594816,-0.011127703065925608,0.010884057057323045,0.00591382308393384,-0.009623620423461177
-0.05379962414914725,0.053579961768404884,-0.051178206903062164,-0.01577078448546759,-0.017865481268984063,-0.029241674973687206,-0.026477623104567364,-0.015817399154159962,-0.02876559858896048,-0.033017318253173764,-0.021381970767971437,-0.017851558888489338,-0.07599708527263947,-0.03560668704912868,-0.01764298424825751,0.02536781448223176,-0.03469389284402912,-0.012343753374853895,-0.03156616605163328,-0.025946415660366002,-0.017132855586177366,-0.04118082627554985,-0.01664102463673602,0.04346900524001844,-0.05450239384208725,-0.0434953229026447,-0.019135571156754974,-0.018080691555869676,-0.044389816523384015,-0.033034724269485935,-0.021643135850754086
0.05418652906403451,-0.055805605671862775,0.030267643179165686,0.017722720584745343,0.01819046263852682,0.019119822755477595,0.02234071142131896,0.0204549632220142,0.0008076245209746622,0.014892921490644412,0.01597743929417885,0.0009914311928677587,0.07525367395007967,0.031721083295168394,0.012207064027449914,-0.0207816503598196,0.035940819794713474,0.02532491938923858,0.02047607059608569,0.006549981687434935,0.0075350554569051185,0.005174569043377222,0.018745242036874745,-0.032377843993421286,0.03959897235777752,0.031339502321486606,0.021481695649203648,0.01828469173005453,0.022534135446175337,0.015923423629623408,0.02437915452962765
0.05210524716652394,-0.054337446679712166,-0.009039400278939949,0.00667944952857094,0.007329401124445598,0.004601728235822183,0.013301720917994322,0.007772386602302327,0.012644402622625431,0.008231873513726933,0.00806426624174835,0.01306296246930107,0.05471173585590405,0.030242120841005887,0.02494162196822692,-0.02071774693630649,-0.002040964158947775,0.008821143644549934,0.015970721813575547,0.029337255173771018,0.029238712856324275,0.026362683176618915,0.008944453543985447,-0.04092074236806206,-0.03278683014430393,0.035253260602653325,0.0072959657919820595,0.004299319164125359,0.0007731225526715747,0.011684136466090523,0.0013221506563837375
0.011243504411761187,-0.015120908999162344,0.01825909494910822,0.01438523592991426,0.015068584891841744,0.01047629941528534,0.0019357850980473226,0.01807539703861939,0.01115815874155845,-0.003878750142908297,0.013885727234418272,-0.0026207971806306986,-0.04322803251663288,-0.04452055528850608,-0.004651758127039419,-0.005159768243020889,0.004388844578434827,0.01644966973660067,-0.016122446984841294,-0.0042553745082948465,0.004164267918068007,-0.012868990354178184,0.013143266895876459,-0.004222295258718875,0.03498602477040471,0.008674935604586414,0.019901443462097386,0.017925419374922532,0.0026218992779948945,-0.00037451088713536033,0.018980743942990642
-0.08696216535061545,0.08853633098783728,-0.06929549861349575,-0.04779770553663989,-0.029891407292957944,-0.042216218079541235,-0.032682879099579856,-0.025796082050417758,-0.05586579053243313,-0.05091452550534961,-0.030767367642370775,-0.03809523100394701,-0.01957833397913486,0.00896605847871386,-0.026666533648599847,0.03630685584856595,-0.0094142107479377,-0.01639061355235404,-0.02769395414905788,-0.04059825807049812,-0.029684537050798408,-0.052913941433659295,-0.029962024142503093,0.06159351033026826,-0.07828289492441247,-0.06265528240932489,-0.028945834399348464,-0.028471243804810063,-0.057338887828993865,-0.05152293419689509,-0.0407191056537328
-0.07146997377610248,0.0686411349306167,-0.03948997859489662,-0.026820801663246373,-0.024743183224620845,-0.02203875274430728,-0.03354431743449324,-0.017790536938546625,-0.04029312801973164,-0.02417807213728909,-0.03064445412690151,-0.04779769900455801,-0.2066051098922865,-0.07648281370716667,-0.03615297527800103,0.029029086444526283,-0.07286151377990725,-0.01682430096479036,-0.05412398069066035,-0.022271613969187923,-0.022831970250278943,-0.024291457674742414,-0.021852261799635918,0.06348529289212834,-0.05534248511885266,-0.06092472331008472,-0.03328980536516465,-0.024399710931012297,-0.0280255973965564,-0.028511421469565444,-0.019869158564544426
0.02560493562095251,-0.040035147073979316,0.011563361963808513,0.009355354666260272,0.011488582816507279,0.0005634453960644536,0.003772824216450311,0.006423665727186532,0.012624936142431688,0.006194250407565114,0.010065277092514393,0.017937803606881356,0.04415659320569209,-0.011267555749488107,0.011281989759360015,-0.012159499864274555,-0.0102507448812851,0.006681812920513533,0.009536844056155422,0.007972580675893973,0.008747843738318585,0.010511531600860031,0.0085104366328106,-0.026685027278587417,-0.026101949131988458,0.018800388053732964,0.011928901712834922,0.011115558843491788,0.0023494818990738558,0.0018535415875144488,0.005759128253677609
0.020094424410920228,-0.03116416543466867,0.02794244878071324,0.015781478422128355,0.008045531088236076,0.026088499296759143,0.014532812534191197,-0.0008371397458247721,0.042041215360218855,0.03424399053925697,0.010526360326905695,0.018419914619357627,0.09420969664998416,0.04102562926884624,-0.0008691938163750324,-0.010339713467401085,0.04257782849675182,-0.005342421906556209,0.023391799207395342,0.0174010611488028,0.0030804978034648643,0.03695606617927792,0.003955764227048269,-0.02416732674493187,0.017867750181186776,0.018559744171268724,0.0068949114360731464,0.007590625629686695,0.03686334974595435,0.036077697513017364,-0.0025194293040696034
-0.059692699003528436,0.053926290203248815,-0.015650863752634043,-0.013316983244317576,-0.018309669515776925,-0.02286438639371536,-0.017782177585704755,-0.021991857569887058,-0.026433046800546624,-0.014508950730511871,-0.026805672598962018,-0.002434863131033286,-0.020627702387650583,-0.006020889226319069,-0.013776360650798488,0.02537316184685773,-0.007726468543477395,-0.02766919186630851,-0.022417523698686628,-0.017992099891022732,-0.02127159879172549,-0.011087658524570236,-0.021801866269676576,0.052445325704489135,-0.03335280656866803,-0.05215182058061834,-0.01811337431355189,-0.01922325466907551,-0.012124836727248862,-0.013392750297285646,-0.00895533298661125
-0.12775752406485485,0.12791742241061502,-0.01213390567002727,-0.031742067148777066,-0.04304180418756225,-0.02545864043130394,-0.040985608997710095,-0.04690011741642108,-0.030866012334385733,-0.01774241118699225,-0.04195812793435176,-0.06485375382632863,-0.08424919300462268,-0.03579282953926725,-0.06043221862024915,0.04269772064417493,-0.0389319470982114,-0.057415428901584666,-0.046312982033856684,-0.033024185932107764,-0.04532788364631609,-0.012279692856684418,-0.04538150202772577,0.08443742689154209,-0.012711907785187564,-0.08418972741782492,-0.04701911028449096,-0.042643110742494,-0.0178906355857542,-0.017194613577705537,-0.05468018306806816
0.1339156615023504,-0.12136880369302334,0.04023713263633002,0.045431038555050415,0.04297862854798825,0.041298502809741164,0.05296253088308645,0.044264607886057,0.04069613212642256,0.04381230945870685,0.040518405312720114,0.06271499556611948,0.09718876395742844,0.04397480994760198,0.0497652529773677,-0.04048395020814709,0.04282410320714875,0.05380927577196309,0.04479023555058295,0.04397688905619699,0.044679901322803764,0.03729726688621132,0.04360078267314622,-0.07749824931033583,0.044144685631659714,0.08179509711875474,0.04154863769284006,0.04343602900564955,0.04172846668988929,0.04112938996578155,0.04191175554203301
0.062098822601493964,-0.06476454291601984,-0.001221390436991972,0.013333425739974356,0.021562021509656616,0.00866992950091993,0.00896431269498107,0.01947303483000666,-0.03287062841478214,-0.002208974533578065,0.024767327889218625,0.03179078022287474,0.06770361599315143,0.030634519723466095,0.028026434571022708,-0.024248332177497244,0.03218630080688167,0.022581667337163085,0.041064833193866536,0.009186648575721709,0.019811298263142367,0.0007816558291064262,0.020754543172165168,-0.048626075380758624,0.007633509887955991,0.049068971954793116,0.019945516023491032,0.020946473261261117,0.0012200976212884574,0.004422357752842405,0.03434504975102918
0.11119511024944467,-0.10799035223005296,0.06400308918851927,0.03338203173004052,0.03705441976037331,0.03346764329196605,0.039733456465004084,0.03535248480116444,0.03164363797341615,0.03800724000900373,0.040095098392234935,0.049640590738008535,0.05398457836139545,0.024947072169848598,0.026826968242327557,-0.0387673319420265,0.027956955406127013,0.032300677228899816,0.034677221739964605,0.040408329994277466,0.040109533874880164,0.036969673412634387,0.039609179455850387,-0.07916073717046157,0.08974372655284386,0.08100355300189853,0.036888813920017416,0.03713816793175685,0.044272834474741216,0.03404732526344418,0.02547166815884231
0.04962587995206804,-0.05537454480232662,0.015708828198046948,0.012025608162070602,0.016282085505073228,0.013271829589143384,0.017564616626177608,0.02160834775961102,0.032661205341882917,0.01813007487777832,0.016521121009621876,0.0130464111566118,0.01382084287082478,0.010874864857755285,0.015393258594141009,-0.0180972396831783,0.011506269447619571,0.020912969600674968,0.017595162398907325,0.01707197817365521,0.015491146587642468,0.017574374433742292,0.015494173983486141,-0.034295987388392464,-0.0026739277048437914,0.031861397846384816,0.01800268865494043,0.016526738218626106,0.016141548405563685,0.015611585858393999,0.020625369201911856
0.06787591543253357,-0.0672414080252212,0.029800161728723767,0.028657969486149192,0.02269696319079367,0.02619631622393383,0.02192671311573577,0.0222487406471606,0.03272837004286483,0.01920408614772571,0.021273916028456838,0.01255632933218684,0.02553381594202537,0.009221568927916843,0.025034634382291525,-0.024749964191394525,0.011375240464126845,0.025488669963596312,0.0214080258722398,0.014267858564312966,0.01114354367776643,0.01949221162875969,0.023261798821973864,-0.04369165114966681,0.029490751088579962,0.04479189055641356,0.0258948174513602,0.022539804106577185,0.019904265219063532,0.02152055921341978,0.028248767516899514
-0.0431830546471754,0.04497834445594488,-0.0267400725863172,-0.025368149139265685,-0.020017273508564446,-0.02416602202354608,-0.02693432832250569,-0.02557087294282595,-0.031957402312560126,-0.02295329853290826,-0.024065344003805042,-0.005168290948629796,-0.014901752386064443,-0.0065991531439958395,-0.01651502441009722,0.015658696095219617,-0.03783234834230722,-0.028667299071917174,-0.02982671733245692,-0.011138118735581813,-0.006173832850292715,-0.015297145706487356,-0.02199977653422077,0.02540926859748909,-0.0338542448154373,-0.028824260671561595,-0.025651706743381297,-0.02493381303525264,-0.01730178298449695,-0.023255870965827825,-0.03127632681543362
0.1014199312116404,-0.10023580847693607,0.015807418071175958,0.029516648288774937,0.04046330356681576,0.03417094572038647,0.02940986823381356,0.04524581688974077,0.036192967047099456,0.021827895590948932,0.045192152379708084,0.04371577290311147,0.04936310708714968,0.0020441801708034517,0.0403545580485009,-0.03242934172017981,0.053785523900391284,0.051109016034505135,0.048819850888191824,0.027391491120108368,0.03548091202717965,0.013816979623768284,0.03941030372738245,-0.06433164385106489,0.012399114934576893,0.07199322533414955,0.04512795289711252,0.04542051457289463,0.018167858531042042,0.021300445545468432,0.04455308200534912
-0.019337114255004936,0.01900410195081033,-0.005187041871668324,0.0022656455660493412,-0.007302603435080913,-0.0015276311048623868,0.004596495890800918,-0.005908659470438804,0.011745917096897941,0.008293064952170305,-0.004363955410772505,-0.007083543434238156,-0.0569044879171461,-0.005609658889960639,-0.004532031697972575,0.0038460165802336158,-0.004149414051472851,-0.0036414134484305228,-0.008416929572160602,-0.0014356473233150494,-0.007357496094304275,0.0051107163794698865,-0.006523291500306966,0.008658039761763965,-0.0005326191665514865,-0.008810728370860934,-0.0034637516582695514,-0.006332856888688909,0.005822776702840042,0.012430896860832782,-0.0023186634551310434
0.005868551014959375,-0.009003352734950093,0.01899449353986408,0.006102970831435908,0.0021635889179188058,0.002550083121768511,0.008693769383559756,-0.003312758830331749,-0.018469821434239808,0.009938247973815028,0.003351947030399475,0.01861053646433996,0.08789493805431285,0.020000256625168803,0.0024102316547442893,-0.0038312814084133172,0.01770827416858242,-0.014923062302894459,0.02021029643861459,0.0039022219275427344,0.00031760277332266567,0.013074836120138593,0.0004863345767958171,-0.008078781796697642,0.03622808323005328,0.006577993764658466,-0.00102239408775075,0.002645314826290144,0.01269825553942769,0.007912487516281647,-0.0021128356856231615
-0.057759524438275874,0.05451011095881169,-0.004386094827214654,-0.009660634950294442,-0.01856652623090394,-0.007970228509274858,-0.010659851198904537,-0.018574771523879968,-0.009946350028413431,0.007125914908667809,-0.015290085500965538,-0.011332205356050272,-0.013137925247685223,-0.008044409367486325,-0.018701436043077644,0.01593395572610115,-0.007164659080634052,-0.02226000484386743,-0.013074478425973564,-0.0092061858754972,-0.0190537984430785,0.0033462769010931463,-0.01871646905300362,0.02926958306673773,0.006169583922478277,-0.03143772914707582,-0.01637339247882854,-0.018829335085516576,0.007560384253175553,0.011099199564819057,-0.016726810021811284
-0.0019815125751917106,-0.001846270931016338,0.005139523533160263,0.0006805608399386393,-0.002199664836493281,-0.004786309834998536,-0.0043558523293481324,-0.0031875541274904353,0.033940045479128905,0.007749337554513369,-0.0010437505803426216,0.0068154157596774494,0.02505892896840853,0.006082298740964193,-0.0032669121581586193,0.0005408292006375935,0.013402000036429064,-0.009170040045220151,0.0076274680635523544,0.0006194859906867401,-0.0036688027990340955,0.009051802408641368,-0.003715649697029326,0.002720094589451016,-0.01584056201105589,-0.002370680171185001,-0.006866449166493814,0.0002443654264549617,-0.00018291711995667287,-0.00374866674674636,-0.013350635292813341
0.14579988254449794,-0.133168797834237,-0.019357166430917568,0.019496779818658886,0.04938275130051289,0.02404666258604429,0.021643966835178392,0.04606794335906322,-0.00367656102094965,-0.014042173516595476,0.038662575949842036,0.04830767424885755,0.045072777513281766,0.030226563357093682,0.047937675583550235,-0.03783785254992656,0.023397673578238,0.05935872573350761,0.039442163247866924,0.025175544123414956,0.04765520308142216,-0.0066098691969233726,0.04748899764446917,-0.07472260648144251,-0.021287644355087915,0.07777384617343841,0.04420708730303193,0.045948976484361984,-0.014460929772502431,-0.008330927352700966,0.05608917097672899
-0.04548414992947017,0.04196289878136613,-0.01899449353986408,-0.012452734909999109,-0.016806811863802732,-0.00905714601024177,-0.0164525530041908,-0.014806947155770975,-0.011070180927297559,-0.01152919748516256,-0.0111920390240639,-0.01907840954511748,0.030701459761787262,0.02444989323418908,-0.013944947419328295,0.010674028260554354,0.018886790389512527,-0.009188288149754056,-0.00881572153472705,-0.015298167196102922,-0.01788468070860674,-0.01497151989561087,-0.017327635922805073,0.02078874324629046,-0.042970811941286664,-0.022555722751814482,-0.010834706821021065,-0.013903535676146852,-0.013187294500283187,-0.005961751478238091,-0.016739040588565245
-0.08361699843676826,0.07918097596052426,0.0045556752274585645,-0.014636546962739843,-0.02649562502127505,-0.014387485581868047,-0.016269452440383442,-0.02656868315661061,0.0061301717392702034,-0.0017153126108344534,-0.02403671389835348,-0.028572508364731374,-0.01446784695166316,-0.01288788534216667,-0.024848265970671413,0.02612573120447845,-0.011707387678285405,-0.027972046968490046,-0.026295280547118317,-0.014513330614076041,-0.02600018309343396,0.00024120778313398706,-0.026328178120829045,0.04647545710005983,0.008869213289447491,-0.047974652212314235,-0.024949344470379112,-0.02796196193192527,0.002258678096808764,-0.005998213252454983,-0.029003840109719587
0.058066076786348925,-0.05692602989521225,0.010959954852547584,0.01211150279174464,0.01755911854031374,0.015456072668231288,0.017936184677016975,0.01793029355907243,0.020132276029358537,0.010652881356198908,0.01954650753246286,0.023853676570055226,0.023238713852456783,0.010154676432206274,0.020330874993453287,-0.022751796638070896,0.007897306630777203,0.016108880211361275,0.02501980941259874,0.01514205020209174,0.017507945389406483,0.014230440198728916,0.01761325331499779,-0.03967071515805208,0.017582355610127574,0.038819268194880664,0.0183068316896049,0.0199901371981427,0.009014094697285363,0.010970928161549912,0.01883116778443817
0.030306721345031668,-0.028839751587791337,0.020187077814714904,0.013773027755286741,0.009922333251584791,0.0084559714097044,0.007322724537789737,0.006067123538586966,0.005453278712514464,0.01394085170892519,0.009202479272370395,0.024810824130449532,0.025550225147478192,0.014839795203170131,0.007970084481114997,-0.009977814364009208,0.015670952926218503,-0.003232124359232904,0.013947877909429576,0.007968926908484834,0.006797686159753273,0.008799165827699783,0.005607117508725774,-0.01818651688705552,0.02645793342502885,0.01868425899566045,0.004902830118714146,0.00991894037718861,0.016750426907593884,0.017091756560984925,0.017845913098413206
0.005564907936438458,-0.009668448186556764,-0.0029315639131580807,-0.0042315925907680674,0.002562979728808192,-0.002515644561643094,-0.00590656371543035,-0.00029201855781435916,-0.020144641901396417,-0.008383633895562624,0.0017730399492227676,0.02332464605010096,0.013148786850612828,0.005188638372971797,0.003031149992469416,-0.0005599065627022364,0.0019285776046213405,-0.013743087180014948,0.009935294370851118,-0.004257087615626677,-0.0009495606567539901,-0.006364716574363718,0.00024234826490888642,-0.003969462278002292,0.016307195469396532,0.0035305829466030767,0.003862517699544176,0.002247963697892825,-0.009335618648927195,-0.006668317548130875,-0.008766510170526699
0.032753554108063715,-0.035564927062994904,-0.01764057848843491,-0.004249575061110575,0.010225802600556978,0.0001681997961406481,0.002970792149075068,0.014399896971111669,-0.019768093193943688,-0.016909104302900827,0.0064474542290939105,-0.014426238415037566,-0.02380913593922925,-0.012670164191559202,0.005124280615632104,-0.006722812055081911,-0.011549415025120774,0.0170657782721174,-0.004540288610671009,-0.006718090827013369,0.0060188387533672925,-0.024436687324642558,0.013814715590501849,-0.013017856919121128,-0.03416152199309082,0.011326479617587048,0.009113126932241646,0.0110981152387729,-0.0227271682537763,-0.02013964065593269,0.01916189400428916
-0.0013122354866227208,0.0007231604000431218,-0.023194896905234613,-0.01572334922282907,-0.0050608738798818866,-0.017481957980319894,-0.013214714210985459,-0.00767322140724554,-0.06991136741801614,-0.034399604126930244,-0.009044115372635594,0.009655494880849071,-0.0049090169399644565,0.0,0.0033042287897980093,0.0005640687790173307,-0.027263985189706304,-0.010313903478765405,-0.023185244977204613,-0.0015076106425351695,0.005613337879440804,-0.02097105251605753,-0.007410912583903175,0.0,0.007502809764284581,-0.0018666045446028238,-0.008428577364737792,-0.009107885473300008,-0.01155623897346,-0.024664335937337304,-0.004132140239019614
0.14071400490586228,-0.13005780810708434,0.060944717850262876,0.059391477695160684,0.052066593842757504,0.051277970420443166,0.0488865522939139,0.05305409224415875,0.04463853519338334,0.0537503538600576,0.05305045028730454,0.04257807144442717,0.06060636474883315,0.00950584134545275,0.05189547590285061,-0.043404779989032666,0.05292660158434047,0.05919819911098102,0.05423979987409488,0.042416595015513835,0.04766915604035698,0.038827811336088834,0.052963244408955015,-0.08532980130438397,0.05744666383931036,0.09158748079242586,0.0524185138008105,0.054646168960135945,0.04535804822413495,0.04862818585652442,0.04119304329300942
0.033310867039192935,-0.034883753110622265,-0.001095681359893558,-0.0017360963770164596,0.01174566182788636,0.006557302716929022,-0.0002217736819592284,0.012391270302577684,-0.030328730226987143,-0.009221224640674463,0.009838491718153392,0.009789857882435252,-0.010631346396437836,0.008287275974470909,0.003976576169045847,-0.011196093553242728,-0.006836005661961171,0.011553953304849485,0.010104780463295377,0.0043667437173814695,0.011952598846604129,-0.009404393304361429,0.01333933459477738,-0.0208946842458538,0.0015090931043913337,0.01809115823258688,0.009038421431979329,0.012401668269204144,-0.004800596486532882,-0.011093134357739787,0.011438854828718115
0.010312133877768978,-0.012908728239792736,0.021572206930097204,0.00999989103585504,0.003602621786050665,0.005374690923372283,0.010199681817151668,0.0,0.03040855124527855,0.0158565199031819,0.0060140972523978825,0.01911404477984456,-0.028878642505240318,0.012340132007028187,0.008169269830936812,-0.005363551006726887,0.010816266122750664,-0.006003860369201159,0.02037792532404884,0.0083005161969184,0.004665185197577375,0.015335690387738478,0.003631508165046725,-0.011121135864457706,0.026117554624977703,0.010186890455059926,-0.0007623270153055541,0.0034520163599878785,0.014656788309316531,0.015868795927613408,0.007936663591872124
0.054988561928354385,-0.05405398981473741,0.014674349656559385,0.018725806276074557,0.018747564861260186,0.012311680282531951,0.015583895973993525,0.016441269771174227,0.016863297673673876,0.014591104527710941,0.016618832647210483,0.033837071811333566,0.09803224612389344,0.02672256313536753,0.005893238684976765,-0.017375735551264367,0.023346315327735342,0.017089040464068745,0.02360196431203246,0.01587605821349923,0.01916596404136229,0.008151400589825115,0.01831731035913081,-0.03313075770204159,0.04258432734937921,0.03434654746169439,0.01945464049832912,0.01853287520112846,0.012982284362578507,0.009156954151703018,0.017716393175222157
0.0208315269250998,-0.02304150724753133,0.012698267430323856,0.017113842001692272,0.008222490036358374,0.008641319090563926,0.01491222112189935,0.0040441252018513715,0.03980092253305503,0.020735712745763114,0.004351114559240885,0.014278437538895798,0.011818545674407408,0.006392847475871058,0.017820115597764315,-0.005487951688487765,0.009505583105980918,-0.005648976256192903,0.00815893423545837,0.011190399002649806,0.006107029750512958,0.020689856437164183,0.005774070399778938,-0.010688501486701713,0.0037559652067255186,0.007916804557993155,0.001683650331563122,0.0073000946092261435,0.015162345033423303,0.0237522780575693,0.008317219423568379
-0.0678792183726054,0.06886797089863822,0.003483160224637962,-0.017864618024606413,-0.023300984314532928,-0.016182707474783068,-0.011924916259770692,-0.020943623843404143,-0.002923898201078515,-0.0026211043470480942,-0.01697891617437192,-0.010688455208458951,0.038287053137136734,0.01860231892797344,-0.02038609875229357,0.019006926304608027,0.017890738885944942,-0.02228689785323957,-0.004222356284997264,-0.015645793175658673,-0.020233211730030967,-0.00559189232605946,-0.01943030447536361,0.035589610790825864,0.016837998156321202,-0.03505434616377876,-0.019798396346778928,-0.02293133536501869,0.003200579187855629,-0.004431728472079924,-0.02321123669528028
-0.006137115545412224,0.0017650992135301172,0.0135369376604887,0.0008461564503573657,-0.001988151016139536,-0.00064504992069323,0.0038794846718648033,-0.0010968768379190797,0.0077311189444556295,0.00558460057911207,-0.0034541196901905565,0.008168831717384046,-0.0068752608093273606,-0.000445161640125697,-0.00208103920769958,0.0018049812003592997,0.0,0.004469708563096358,-0.0010602313804453098,-0.0007755109722792028,-0.003048409379141521,0.0025773664054182877,-0.0027020440683686053,0.004602574965885525,0.016099503229584398,-0.005728131266396176,-0.0009525882527410453,-0.0011070173366645151,0.01081177537452401,0.00733188565736957,0.006873552567073746
-0.055299515510941116,0.05462557731031992,0.004109635822364224,-0.004015286382920895,-0.01792810636459312,-0.01129571226271365,-0.013310568006157836,-0.019126761997069874,-0.0007935382632339376,0.0,-0.019603368674814648,-0.03214882890439734,-0.01563603921106006,-0.012032159185155022,-0.01447501689414296,0.019219209992377827,-0.010175686583454092,-0.020320627133912056,-0.009550752984181,-0.012027127411713872,-0.01736040947488584,-0.0021031769907919897,-0.01715974181288947,0.03940126740772724,0.010864606631227527,-0.03858401166066126,-0.019836073382118437,-0.01895171039711516,-0.0007013433900863612,-0.005718812591638371,-0.025160906013453697
-0.01307319590484594,0.011695832930892122,-0.013983515315024505,-0.008487045298959765,-0.004462452131930003,-0.005059673433120435,-0.007832945859180603,-0.006157906086595739,-0.00953157242541842,-0.007513736172718046,-0.003291824943901528,0.002856615398477271,-0.007741820790546673,-0.005412753415235425,-0.001618181105331741,0.0029463560252001413,-0.0037382044932687047,-0.007115682123070931,-0.0010713389879634012,-0.005694116997663491,-0.00321229105634007,-0.010070401589659769,-0.003445910204212209,0.006758641511901369,-0.01567401835964538,-0.007332689450797556,-0.004280957527507524,-0.0038407412151237547,-0.011756431249033479,-0.00575155973500582,-0.0032011300220257787
0.04586792334431804,-0.04541694897504328,0.0093391712207509,0.00877372062549133,0.015077403894452316,0.005741564452231276,0.009429953788675048,0.01304913631706929,0.0205829951353184,0.0032917116710473714,0.016024445781010022,0.022204029686754168,0.037060843555187566,0.021768730839177502,0.012966075667464641,-0.015863582773394985,0.020637709174729624,0.016620894598157427,0.020736548901118444,0.011058485547879368,0.015307223491996669,0.004258514453086001,0.0156754194385629,-0.03239908691236251,0.022292983659948414,0.03137425867775033,0.01426624042357446,0.015196133710440594,0.005504223818715781,0.004470183741017757,0.019469882135229204
-0.11531188712843035,0.11332176810206016,-0.008910220482998898,-0.02312245401823883,-0.03894026243000152,-0.026749442114340275,-0.020855964273123816,-0.03762403888579012,-0.02723955032960918,-0.010826841833022308,-0.03852639243775725,-0.042119210460772834,-0.06081517581192208,-0.031957204082173875,-0.028307846574964143,0.03701497228619195,-0.03400733898249822,-0.03674817720558167,-0.037828294829990734,-0.030663962683169305,-0.03977381147551996,-0.019316910434162497,-0.039037634157003884,0.07631976672379798,0.02314209571393761,-0.07762813736223295,-0.03660884827455689,-0.03831551246015897,-0.01289057367588294,-0.009162310505034795,-0.03622758353208352
-0.02307701942018459,0.011655123760519736,-0.018326390842630786,-0.02062982453143781,-0.006683480544466693,-0.008714516625992671,-0.01730642482471409,-0.0037554564971154065,-0.022347877812461454,-0.020231997560760863,-0.006010628542873506,-0.02046411448448937,0.0034850176841911087,0.0013755240881763034,-0.018492544242123057,0.0063326559615604966,0.0019027847626436503,-0.002802835504283374,-0.01346932393123217,-0.020552087741206503,-0.01425486898745174,-0.031227518261797906,-0.0070854183828433955,0.009248846676049204,-0.014789113211775163,-0.013108494418883659,-0.007000023041535654,-0.01300959444222782,-0.022361468819201185,-0.01928684497015641,-0.01940754815909653
0.12467191839699268,-0.11981573717731225,0.031349100473142495,0.03614190498343749,0.038688023138636334,0.02857137786943604,0.025287868556287046,0.041658541913523965,0.025061918031298955,0.023019408009786545,0.04182424988160876,0.051463025289287284,0.05666681600256075,0.02793000421968424,0.0486169194222778,-0.04061774567890624,0.028490135157183582,0.04934388587744394,0.02878222260436767,0.0444013380696814,0.05072665473886676,0.037574267048525366,0.0366317328608489,-0.08025554567607929,0.02737315387007501,0.08384098340051864,0.04451144494815446,0.049099003733630936,0.03239189811314923,0.024245914273624408,0.04833363366034322
-0.05873198777832433,0.06369978411661475,-0.016734996049545585,-0.005422032376699728,-0.01601696459591329,-0.0010899299166118165,-6.229609390232988e-05,-0.026630694491935777,-0.009403515324606052,-0.0016544761613512466,-0.02490915721602879,-0.030802248330717825,-0.0031544043096417692,0.0008910395943149752,-0.015694394568004044,0.016696246410121986,-0.02954749410547271,-0.024999940312111626,-0.004896396217096333,-0.01091913914533372,-0.02111204118742806,0.005544864041046203,-0.015880961711549398,0.03321263040548482,-0.015900407329147916,-0.03449243787774522,-0.021982158733990256,-0.02021905251324961,0.002319706573144798,-0.0026303390151827984,-0.02702729452733721
