AAXJ,ACWX,ADRA,AIA,AXJL,AXJV,CHIQ,CWI,DBAP,DNL,EEMA,EMCG,FPA,IEMG,IHDG,IQDE,IQDY,PAF,QEMM,REMX,VEU,VXUS
0.0020795646105731653,-0.02160200247293125,0.002547614974231737,0.0012446046883359257,-0.0053717769572042,0.006148694833432103,0.015547834133052135,0.01481939874782972,0.0,-0.010541819103528948,0.005102033676859101,-0.00236680048351347,0.003321063686882311,-0.0046118800838836896,-0.017054170174794277,0.02426480290598191,0.011282270781111606,0.02354494330070875,-0.006191787383531308,0.026308151344796863,-0.015456941239564691,-0.014716521341811712
0.031259934519756484,0.03384442453357277,0.029942171647361963,0.03053299274442712,0.0277172681601428,0.013798374530015714,0.029227423313861224,0.01729757115429006,0.00037966670638394837,0.023012600318951797,0.031348804413918754,0.025285044448912896,0.02095081752461713,0.026546397052271624,0.02035359496114156,0.008217033564459884,0.015704886470557424,0.005613266927025078,0.02003985171004606,0.020845196909567397,0.02753717597262081,0.02640685538863652
-0.009519520001638526,-0.01970865292090889,-0.015526718317701,-0.0111787592352028,-0.004162381641134515,0.0005832902115696562,-0.01960777019173104,-0.02072268410260685,0.01653512570820137,-0.009221438178804926,-0.005442962110643752,0.0034978354679667946,-0.007487004894851023,-0.005121401904680486,-0.02556161385421397,-0.013820145931795874,-0.02016783871619849,-0.00727347409848958,0.005357770691486068,-0.020695433677333702,-0.020923659292578167,-0.02016349251034949
0.005829581976085203,0.006701716884152975,0.017113905612718434,0.003699895981507197,0.009801082209951344,0.0033230255457825644,0.0,0.008681496570590502,0.009981487636043307,-0.001675563550952381,0.0064676886124899035,0.011231502851374272,0.0055755919142951756,0.0059103076757874426,0.012718513209317222,0.003593233114675369,0.004802640978224331,0.0039188979870786855,-0.0006459288208699532,0.014933744419958678,0.0075088910608172785,0.005747126316500044
0.016447364695137044,0.002496349660938135,0.010227677347572595,0.020683978665146846,0.011418957943665195,0.006759651044956419,0.02068953927743672,0.0021514235065712216,0.013177167020072357,-0.0007459744135677298,0.01301704930279955,0.017617736611767503,0.006523166934786881,0.012509435791407895,-0.007849213037718994,0.006086783489084543,0.00955978042438101,0.013747534974231396,0.01680681854763143,0.02637427894612638,0.003248556612810426,0.004055275960283615
-0.0006165733491226786,-0.022826323452821092,-0.0065317610506516926,0.004614805301030736,-0.00014131639721945202,-0.0032706540317104797,-0.005405320101124761,-0.02227558369538866,-0.002167638523138111,-0.021272601798193732,-0.002439774479723027,-0.019194435540461498,0.007453149946887451,-0.014788322511899437,-0.023734237205550443,-0.02170820138212793,-0.019276463439921128,0.005189998785544722,-0.018277232494992756,-0.016229526191952073,-0.023047838643839136,-0.023866377929160087
-0.007709978960758894,-0.011042633129076159,-0.014463991672103285,-0.0057919580999105675,-0.011009226979347248,0.004439352647511932,0.004755387934322482,-0.012078001781474942,-0.015930387459930667,-0.01601506884148945,-0.0045655075710837574,-0.006907382279446755,-0.0003217496862062752,-0.006840446452202756,-0.011750440822525462,-0.015278197405135181,-0.02241374541963137,-0.020319826875063104,-0.011008551913312035,0.007973768983897834,-0.009943284202317592,-0.011660775006863671
0.016938607236436455,0.013742714385087323,0.02401607259664561,0.016673427296643218,0.025974005629233847,0.011721815077079908,0.009465990264559559,0.01472629943895024,0.009197804719224772,0.020926137038346358,0.01638008880244049,0.01120589514534967,0.016409356049820172,0.017218420065354158,0.02337028826839073,0.01108242915169381,0.015872864399395288,0.019891212607010825,0.030119434651067912,-0.007365067979755574,0.013981913770793752,0.014652918259082482
0.004126095945840312,0.006354347972705104,0.0,0.0025685351179471423,0.008763623672094458,0.012155467416347036,-0.012056389858044771,0.005476312871391467,0.006562359933823819,0.006073322290094207,0.00273964315188127,0.016813169593305224,0.017727217761626692,0.007523085983556969,0.010817218412002009,0.0069417481434525296,0.002430690671283698,-0.0006666555200745999,0.010646739157699208,-0.0043967820172996774,0.0048553089462970295,0.005438863237038313
0.00015226143241237758,0.005683169507961454,0.004560324694243732,-0.003153174950725709,-0.0004136264374836668,-0.0011258911150417573,-0.0128812186939405,0.005719156191627904,0.009416753133106786,0.004527344353176482,0.0016071424875731006,0.01052208338668733,0.0015550704415568414,0.00728014718375691,0.007530924681878916,0.006894108664881177,0.002770817171718991,0.009007644504914314,-0.001257733021871326,-0.03256975956794442,0.0057982097663248225,0.00671513309962793
0.01202040366009302,0.006488096053694973,0.013942846598295158,0.012257792698632771,0.01641612595963624,0.0043208978798901475,0.027472320259550192,0.004603306548443679,0.010046626357714951,0.006572828079009799,0.011553356125925918,0.01264414802855492,0.007142810724733894,0.01723499641078656,0.01416188624056031,0.0018017313161626677,0.0062176910528520994,-0.003967682544457878,0.01621540269178107,0.009985834792560024,0.00653334180484868,0.005002640609087116
-0.029168500025705875,-0.021418281134756568,-0.01279168672707804,-0.02675784861478711,-0.031623545422013205,-0.010849069604387494,-0.03074853495749466,-0.020754762367396942,-0.014564709474765741,-0.022761084436636363,-0.028711964288722063,-0.034153411765626265,-0.02867699624207995,-0.04044450732178411,-0.008533702614856087,-0.02661867718974031,-0.027119742470134104,-0.03103744706304833,-0.03547637528201079,-0.053107393792048097,-0.020618472209776643,-0.021755050762062682
-0.011150709172174042,-0.0027624007722187433,-0.02591537558515334,-0.017660058267604643,-0.015136765324033763,-0.008320766398406317,-0.034482771972645536,-0.003578328721477239,-0.012977828863299486,0.003054475098317363,-0.009799086783056276,-0.0102662075782496,-0.0006351236368235438,-0.007024974653624215,0.0058683764522391366,-0.010347465054692804,-0.002469933040543598,-0.015587388333863509,0.0036940394481518673,-0.04534606878264588,-0.003703747968070871,-0.0028269360029806873
-0.020046983347688268,-0.019177449542236692,-0.01090113927264588,-0.02369765350859744,-0.033727012053611165,-0.01353925749054499,-0.00642867988003896,-0.018508235090149903,-0.016435176990488045,-0.02226877728536831,-0.02045201031564853,-0.03073373358652853,-0.010165112818374244,-0.02294448113415992,-0.024115101165768187,-0.01195715093202095,-0.026544161946814374,-0.03408412554309522,-0.03264521118586797,-0.02374998399984239,-0.024261422310631317,-0.023436020951948376
-0.024132882984433685,-0.03128387369928634,-0.023793367418697742,-0.02657464836735195,-0.006424180930750667,-0.019524275557076236,-0.031631864581695306,-0.03208559566619172,-0.04270351799376687,-0.0271632740712094,-0.018184716031928484,-0.018900677475288084,-0.0375460244415497,-0.025831727391538856,-0.013876336546923421,-0.02476187533891793,-0.02956197856286752,-0.02378372499503044,-0.031431011543749734,-0.07138285111028793,-0.02550188351264913,-0.02526987724283028
-0.017687568864692547,-0.03274287316957564,-0.024721421587775683,-0.01999126972464477,-0.0087230366409983,-0.004337781095852564,0.006681544182805025,-0.031695439176313366,0.04111729356464969,-0.02213716716705548,-0.021608841616010246,0.004061660791774908,-0.03573828003194587,-0.020088334597611144,-0.045456310351549636,-0.030859347346923187,-0.039112590667543794,-0.002603762667754601,-0.009051945518214538,-0.0348155931441716,-0.03144404218735361,-0.03313376307466353
0.006668893320886704,0.00440529980877419,-0.0021420518913749585,0.010309252828613577,0.006523762085024252,0.008910954384130428,-0.008112121021407943,0.000901249383657034,-0.01974667037561949,0.01811072879558559,-0.003680767428292703,0.0016181725324509273,0.0152407276924731,0.0038950996793865626,-0.0023790527538672408,-0.0020152699079377893,0.0054796396721508754,-0.00037274686760670027,0.013443586173303237,0.01821437126815876,0.003203515270533704,0.0024773622880784212
0.018383601693087538,0.021006387646441062,0.02218246035238559,0.013677710565225428,0.01401887365678704,0.012561283315790909,0.0007435348327200774,0.024302259637346186,0.019004132311309315,0.007681237349122074,0.018472825990440082,0.002423092281150761,0.02763577026057473,0.008168156537457606,0.023718339602941323,0.02059760586957727,0.019462865769053653,0.014735941984360684,0.017176966331166454,-0.026306649251175183,0.02299372549567627,0.023476052783308086
0.022767995023024727,0.02600063693360093,0.05355263856985809,0.03212679335514581,0.022892823865947917,0.004652256010090364,0.026003049181080148,0.02665476267104812,0.0298397890024358,0.026680310366604204,0.029884264612526537,0.026188618057379737,-0.006972159797694409,0.02147064882441887,0.0336509477032849,0.018995101909025484,0.022145752313495432,0.020772146551358936,-0.005851952743672363,-0.01873191638121052,0.026846969863380952,0.02535203470637417
-0.013038719743629149,-0.016306835013657775,-0.023588013685563947,-0.017430944214586113,-0.02368851528107128,0.003086814409032098,-0.01955121588217249,-0.016547670212470653,-0.014125435350502232,-0.020711222357776102,-0.01979204723250694,-0.022771829057986283,-0.022066281861322857,-0.019432778858591685,0.0028168481966869157,-0.019805971155154492,-0.01680975472799674,-0.02179010294080542,-0.00891354084302752,-0.015418470202823666,-0.019254369600648497,-0.01805337071625959
0.01143868938846766,0.008064410167483112,0.005443951344821344,0.02069691815910956,0.015183296188956884,0.0007694008304714946,0.027326434052287647,0.009283401862494349,0.010653831890755623,0.008579506263531173,0.00838470839227105,0.008437082460520913,0.01230780684249725,0.004650924086589604,0.010433247022291123,0.007527831661491496,0.005698854998698776,0.005338782330794249,0.005260468482809838,0.018642679547431425,0.008472984565636346,0.007194293524150535
0.0027078885512749353,0.011111326277529966,-0.001691990740870577,-0.005793491100390117,-0.0033725647037196123,0.010936149802755544,-0.014378120264406956,0.01207247444966015,-0.00472553656611353,0.02492589575754419,0.003733227014846031,0.0310755290502519,-0.010807254831123264,0.02093407677689901,0.023034147501741552,0.012976572652038708,0.010956019765944002,-0.013733900583283377,0.009790749922052056,-0.004392298724290302,0.01127051898535866,0.010912774563167887
-0.000953066554294294,-0.0035167070286407213,0.0016948584256338355,0.0004161434073797109,-0.011181431295428885,-0.005494425565299964,-0.007293933180675783,-0.0039762619796048435,0.0032871939104486647,-0.007141802318630211,0.0025358805269147357,-0.005409557578698088,-0.006486742484808522,-0.018533206189787276,-0.008928563045688363,-0.00038792367398640096,0.011584479492115244,0.0022281685435064135,0.0021732610747702105,-0.034926572457744595,-0.0034447594216671052,-0.004906799203863156
-0.00190828251298686,-0.004852127463785697,-0.0047376938852493255,0.0014561377602677849,-0.009820028793454418,-0.010705315287425016,-0.019838360213481274,-0.002280865102419493,0.0014559932449215091,-0.010691825864953729,0.003541311432444309,-0.010100871085711484,-0.0017182342419894536,-0.012655543940308002,0.012142590195611765,-0.016699219664606062,-0.01773189977262346,-0.02426841195177776,-0.02435376609361484,-0.04228568591736485,-0.005083234380861936,-0.0031556797273578885
-0.04476656119764977,-0.05141838396046744,-0.03400195401162035,-0.038637332775804535,-0.03771592861399887,-0.02357511676780864,-0.0494752590876163,-0.050871897351886235,-0.034896364414981215,-0.03910404113731061,-0.04587457406563908,-0.0510201752542193,-0.02719459361351917,-0.05859615483125739,-0.05143180309887237,-0.04818328358975503,-0.05377964407720913,-0.03645320998708608,-0.04291333747570985,-0.01710415833952171,-0.049049822733673296,-0.0506530461395489
0.003001924551429813,0.01168218035555736,0.008447570445326404,0.0064824403642027035,0.008432237974277829,-0.020581771946954083,-0.0047318528179732,0.011743547532902323,-0.03201497219050742,0.016360093550659302,0.00827757019889474,0.01943721875827943,0.0191083575340871,0.006267709399455724,-0.0020809585586635667,0.023651516417227268,0.020667802390173518,-0.013398901031003116,-0.006788000300481629,0.031566044315423494,0.02235141878261737,0.02105051303005627
0.024766192049726302,0.0209886117840748,0.006462521841311025,0.02826522478344237,0.024076924362758337,0.035251060415844665,0.029318534311744863,0.023360257546896118,0.06557231475904456,0.002030462080305292,0.022738476987656818,0.016111994492250273,-0.02152761061872949,0.02777289684945431,0.04274045107731926,0.011755127060651342,0.003894107492534346,0.03408661668395314,0.02057475167153589,-0.018830884658253885,0.002312090705537682,0.004490660499404862
-0.0063913713793109115,-0.022181528831029404,-0.009417496864671292,-0.012249050756090124,-0.01427906754710172,-0.013100350917391656,-0.03464201416547772,-0.02266045740734205,0.005370080773526942,-0.015304004194205975,-0.007921582686856658,-0.010433058298683528,0.01673619146258154,-0.012505285011118856,-0.01414717376129474,-0.0292469549676652,-0.02598920405557356,-0.009495663950832223,-0.0035803884139409994,0.029179762876379824,-0.013110154662396949,-0.012256203220275073
0.012040374090754277,-0.011926996159354684,-0.007394252818846022,0.013256220864229222,0.008013508396362109,0.015084346063769696,0.03857025693356896,-0.01084009676728886,-0.00648613850456569,0.0014314386897718524,0.01631660113051275,0.010137704912193441,0.02408352909830089,0.013951518181669106,0.0012300898470566778,-0.006999317578855454,-0.002584294174650993,0.015378579330721244,0.008803398717878217,-0.015384700506462998,-0.011996653477435427,-0.0097490522505618
0.013200608018319756,0.012307839347185488,0.016317797401530252,0.0094956794289277,0.0030575632727883146,0.0031701874423464447,-0.021159742102494484,0.015829454912331852,-0.003840084578910583,0.01082283985253291,0.009052060698752893,0.014291514255833632,0.017198736548861945,0.004021897174538141,0.003071249959826025,0.013767079935705652,0.011755371134995491,-0.00944159059578763,-0.007479815800863388,-0.050080095949043966,0.014744051131269227,0.014034187883434588
0.026701077718665242,0.01356068262458738,0.030366589402690682,0.03407181571986124,0.025605880711445237,0.02844155110691237,0.02722174681478239,0.013185868981791677,0.023901197294158908,0.021414404959500172,0.029790184740462213,0.033404623635657577,0.01449264611957752,0.02888480816638422,0.0312307187117409,0.0074074005862197236,0.015624861096222782,0.015885788547905733,0.042346899984966914,0.028258115691458783,0.01217975818430178,0.010535224486511173
-0.03007987072571259,-0.011072642571951985,-0.03624672684671545,-0.032140586400077456,-0.025560975676907943,-0.016900218087397684,-0.010912049421881318,-0.015971731069911715,-0.0067772038681322855,-0.014438341389180763,-0.03813275404292943,-0.04442731163696975,0.0030614244063912016,-0.03647558864229972,0.00039602037725564086,-0.010620755648771213,-0.014595731305386038,-0.014855322512981418,-0.029781431784730288,-0.024610305476640476,-0.010977699079752502,-0.0091987575886184
0.01437562165160568,0.020293863390914463,0.03163451781674343,0.012531273982164715,0.029434083638307663,0.011721085695199805,-0.0007878887079457647,0.021039877598149324,0.017437530655070387,0.012241461179835548,0.020164113624692986,0.0,0.0040692415527519175,0.019353459234447208,0.01104071660385575,0.01816673073196599,0.02401931414827468,0.027579282119773937,0.031582620508819166,0.0344827856189224,0.019850478569863186,0.02001223842964809
0.013694314605421812,0.021262000923956886,0.0187392291541264,0.01196381360875339,0.015111142430706572,0.010368786061268323,0.023659203355054302,0.01913460320643437,0.014530535388806644,0.023394253203437826,0.015075248798294128,0.01923833417423047,0.005065788496386927,0.01961211922546139,0.012955444160600722,0.012976493647865796,0.017201053206633284,0.008689063225715658,-0.01599582201642404,0.05691056172178442,0.021557365744736837,0.020833405612800653
0.0,0.012088673029152291,0.029097011794870963,0.004484193048932137,-0.001313573780491629,-0.006554833872014282,0.017719620610598914,0.015309048426342725,-0.003672434504219296,0.009686172932101935,0.0026402554207888354,0.002752525461864364,0.017137224743370684,-0.0002046873285512499,0.02511595166231853,0.008406732552384253,0.01537257943936461,0.0013399443126387838,0.001922816528261129,0.013461429394462642,0.014955748086310184,0.01347347964348575
0.002670444168401864,0.0008847236430255898,-0.0064996100698715385,0.00263791947087115,0.00263048460532752,0.006271022807980822,-0.018168059863011482,0.001422376444271392,0.00995207514333258,0.002494200494760011,0.006583292696933765,-0.0002352240805388171,0.006937454346992934,0.002865352385712341,0.012438849397989985,0.0003968942104641239,-0.0037848713837390986,0.00936712550772805,0.008199542716231469,0.0007591081555536835,0.0010092868443879932,0.002345809622350869
-0.020523299212808464,-0.02209927264457426,-0.013084766526281048,-0.01781002864875941,-0.03206529253796906,-0.013572765308539115,-0.02004634437887366,-0.02386360989049388,-0.01824820514470186,-0.033110004106480566,-0.02321784189700008,-0.04644225468577739,-0.02296580282403917,-0.031428551769970815,0.0008190207180083099,-0.02420622272405655,-0.0205167318661636,-0.015151318705423788,-0.017649937840490095,-0.03830115301623814,-0.022584857755230742,-0.02301543543877959
-0.01663456673718566,-0.015593288963105318,-0.017567258286030906,-0.008036352960468429,-0.013401644873654821,-0.001938129770544689,-0.013375195612701158,-0.0145518575753058,-0.003717401540120572,-0.02474256949262684,-0.016069601599501424,-0.02920610809486606,-0.019476087915605917,-0.024652315655389164,0.002901514555293369,-0.02521351716102169,-0.019006887119585432,-0.029230833671247517,-0.022195070489023742,-0.00985797894961662,-0.014029553008240221,-0.01377513343459747
0.037085089791658116,0.04063359744093413,0.04048593318585704,0.03697547736923151,0.03525656024613718,0.017242798975134747,0.04704945885704523,0.03957474731029844,0.02723878792986495,0.0438398716727407,0.0410003429895535,0.04279647532822818,0.047945038693370384,0.042341855629605865,0.014836728469492619,0.040050004220573886,0.03361003274360435,0.04615680353741762,0.013871468147757636,-0.00876150576652655,0.03954815005922775,0.03906900936242262
-0.00752826233094287,-0.007059393314812932,-0.016767387248283624,-0.00821314843959872,-0.011057139965374359,0.003054150075784393,0.01294743461533789,-0.011931757850168702,-0.010533891626852079,-0.015166278514115018,-0.01699615063990577,-0.012190018450905721,0.014705830963101452,-0.01202098905170026,-0.013157750632066634,-0.008416554440429201,-0.0033353229755166643,-0.006438136480702379,0.00799568782728568,0.0024107582593231075,-0.01308377419378745,-0.012858043991539914
0.03192167692477167,0.010664472192804723,0.0049505469515825,0.024237667847361703,0.020326643465923288,0.0276319369431846,0.07067671859752532,0.012938590289360516,0.019456676061256183,0.030428028837951388,0.03807139452571075,0.0567668862547633,0.013204449969617657,0.04153560239395534,0.010415678478427205,0.006498822967341919,0.01000376367984073,-0.00914810699883007,0.04124806173408528,0.023647136349846856,0.013286663554684268,0.013762026509593557
0.0467075282888249,0.02308188118715193,0.023645335845814512,0.05206060416887002,0.03547880610000603,0.02857378832118409,0.11025283416299007,0.021572474701916963,0.042851927869129176,0.022836305677185285,0.04708517443352914,0.03697908107693421,0.026382727113704547,0.03987930692129819,0.04111578380394031,0.017756083660673914,0.01676189247314134,0.03693018063494523,0.0,0.06695373178169575,0.023425020391993383,0.02323751267800024
-0.007315349592987843,-0.0027933591672000737,0.0003208411016283269,-0.009934294423437748,-0.011751275481987764,-0.002574350607460834,-0.06451626596092762,0.000277872527597708,-0.01346675692720725,-0.012195083585357223,-0.006576915708544263,-0.02229729693527268,-0.004645407999443857,-0.0052295651264273975,-0.023272080917808958,-0.0011895166081884994,0.001873206871098955,-0.007419601561659174,0.032165198237762954,-0.016146712232968784,-0.0019730478639485337,-0.0017175479464916375
0.02446593305831353,0.022839966315691292,0.03944822454240157,0.03445656815108621,0.040544475441881306,0.023285166950464252,0.06220422813319847,0.02499998388302025,0.0196009022807806,0.022602169049823304,0.025250018917189167,0.03163648947305885,0.02893609980355535,0.025895586982963268,0.01949445289811439,0.024612775571526774,0.01982076012371544,0.02952702993728782,0.0287026874399904,0.02909369165218445,0.02194515825123346,0.02045498920395034
-0.014386677001390806,-0.0050557795393216046,-0.022523710949999748,-0.010431897325850445,-0.015696332789817847,0.005626893853506022,-0.014003759892126405,-0.005420097380853386,-0.012015210617521055,-0.013187073516699762,-0.018471073410354397,-0.017789452960561104,-0.0006048652097297852,-0.012336163384955941,-0.01345603623265077,-0.0027121678623720216,0.0014668043237165134,-0.014521565612727437,-0.00398598816758661,0.007973864518804242,-0.005610093911003026,-0.0037466527127458854
-0.011531009899936565,0.0023290140605416827,-0.0009471668407083763,-0.012206439607550612,-0.01035089699315818,-0.02366286939697831,-0.003873450108581753,0.0013624237899556232,-0.01598335384168392,0.016939570064278455,-0.01040390784062726,-0.01485293278869125,-0.006656443500149473,-0.005764850647709162,-0.003230460867312658,0.004662354878149473,0.004760164033919679,-0.010867677081710957,-0.014566953857909218,-0.02696875966994844,0.002528883912184157,0.0030087446653070077
0.004134606383434725,0.008871857754832851,0.0003160447588839004,0.0009361366312180317,0.006077778801700432,0.014193539614729947,0.012313657192763377,0.008979618423279668,-0.003531006648331393,0.008883772467358773,-0.0010823249501871462,0.020307558472216047,0.01218389271552675,0.008117468337265387,-0.004321202414073039,0.0069605103288671605,0.012026111798907163,0.013221512424093113,0.006985092267147797,0.0007390989103142122,0.011061577834558764,0.011248468482140523
0.006176516278274228,-0.007328157626101236,0.010107424740013988,0.008978674336347909,-0.008710504244355663,0.0007085560998671691,0.0499358354005462,-0.00674230723801289,0.005315542602974092,-0.016327232023818045,0.013465559735283022,-0.004900224469799144,-0.006018831818686754,-0.007285315873821582,0.019529822349563696,-0.012288910129881356,-0.008642367846332683,-0.022238478629291302,-0.019196732562397026,-0.03618900760985114,-0.007677454861455494,-0.006859442789517461
-0.0349313324265112,-0.02320178546241659,-0.019387247556671417,-0.030218683284662713,-0.027352522812099114,-0.023898067690470124,-0.03780485497867346,-0.0228073782617656,-0.008459705031704016,-0.01902293137401704,-0.037721574289040535,-0.03545731856950225,-0.034513836934412775,-0.03534180917475098,-0.008513604789933427,-0.02371703805135883,-0.030148926154638756,-0.025376003214498413,-0.026809154855835047,-0.001149354826636342,-0.023017532787542767,-0.023893997842865212
-0.018173501470631185,-0.01619528912476885,-0.01913260924702529,-0.013572954123926605,-0.019961872002266245,-0.020674584493026924,-0.0044359415143986865,-0.017227052654709713,-0.02346255375979309,-0.026045563201125308,-0.01729883560647473,-0.021679421558964733,-0.039197324946539776,-0.023423424099064057,-0.01896249108682081,-0.02150542506608312,-0.0007490371871784724,-0.03278669195425145,-0.018759473853597386,0.005753624874132722,-0.014848377372623471,-0.01472539624384654
-0.002622250036272194,0.006365225030935836,0.0042262788587892645,0.0009690375429070466,0.005352390085891072,-0.006111288330386502,-0.006365345405511821,0.00508906806487931,-0.0171095536094514,0.012492768853382958,-0.011304895249052831,-0.005620058333052997,0.004569204010388058,0.00286996121789399,-0.007293998139222844,0.006512240837762978,-0.004123056041235882,0.003389833022460841,-0.013090018423449529,-0.02250194871967721,0.005426011781931363,0.006405264840269122
-0.008196826921525013,-0.0037077465343774976,-0.019423787343712945,-0.010067907797610859,-0.003401597484064506,0.004285597257998992,-0.0416399730209173,-0.012377095149214321,0.006296316667926179,0.007904345216171341,-0.0034302029627211227,0.003633364738746626,0.01234563833336748,-0.002044083272041281,-0.011756028983557069,-0.010109504973242905,0.00301098470766418,0.018878983443332786,0.0034905440789831524,-0.00936388918053908,-0.002798505138572083,-0.002893051226751979
-0.006237260809727133,-0.004597262515715767,0.019603508314426747,-0.006454040925483515,-0.015135571367575129,-0.007235866334100594,-0.016042712320607232,0.01882503535519379,-0.032020520112744866,-0.00994641863427802,-0.00655638729721549,-0.008246174007662714,0.002567305671655709,-0.005530570768173447,0.00817845767262335,0.022988236431676537,0.0129116897552113,-0.001142952639894461,0.00852524832145604,-0.0937376606779252,0.0,0.0007735898678584567
0.0023078655464146736,-0.005256284678692436,-0.02188093137838331,0.002380049786602024,0.010635776068910016,-0.00040339231473799953,-0.021739185677037632,-0.01979085105522511,0.03282115311068829,-0.0008842431774339287,0.008014939587827619,-0.011559485577084841,-0.005448263516198045,0.0039371824549971355,-0.011216476576701974,-0.02359638059931837,-0.031602706551013035,-0.013202116870531834,-0.0206849927529182,-0.039548076237375024,-0.009934190347156785,-0.00974950989442712
-0.037176988158415435,-0.007405711424170011,-0.01903196041040158,-0.04243138158828225,-0.03866390855120323,-0.03140280847376534,-0.037499915959555416,-0.006057175223050896,-0.025708701083462127,-0.012295065658219357,-0.053689138113013055,-0.03418139427927172,-0.038634839237819706,-0.03602474730950461,0.010573817318628272,-0.0050000791508505215,-0.00582760300489485,-0.03614220801919707,-0.01881434296186059,-0.07511312085042891,-0.005527127022480954,-0.008481319193315169
0.0081806566107082,0.012208928193810037,0.018720342879178696,0.011129560947608056,0.009233083487713982,0.012463608411430377,0.014429951432366512,0.00812558832703354,0.008924981343950367,0.008693984250463166,0.015315009441942737,0.004885705311836579,0.006028320684309621,0.009020414552058872,0.028026996567436457,0.012981560104246257,0.012114063909494816,0.008079701677546023,0.028762704365177905,-0.004892432196947815,0.011115531861107792,0.010742131958614216
-0.03132102681768291,-0.02680361513970164,-0.01670562363674426,-0.030778852035722983,-0.03070243947365517,-0.006941210907829166,-0.0206259176525123,-0.023028340450800808,-0.013846213360211707,-0.03271308755546503,-0.02588264043361832,-0.003974225261433057,-0.019307813805673292,-0.04108121268156066,-0.014540034646465862,-0.02480350931148905,-0.028185353921089236,-0.049938426522482635,-0.045366582379978655,-0.04768928952307528,-0.02646570095231832,-0.0255855131728056
-0.007036209103482736,0.0117050816090814,0.01902814639545815,-0.008201742426170897,0.01823728579774353,-0.013902260490726024,-0.03195346546242317,0.011490966896225896,-0.007410296020875558,0.006682846187482106,-0.019708094005581,-0.05331515096095047,0.0227428064601623,-0.0035515905209648813,0.01069707820504338,0.016956344920317085,0.012713490152028844,0.028769325555337764,0.0009210821633606119,0.002064986618758575,0.012337852231707254,0.010906760513691846
-0.016872070688436727,-0.005444568102299701,-0.01967311815234257,-0.019508223313399447,-0.0256089662346002,-0.0007833560011051238,0.010502580148684935,-0.008156261066436441,-0.02161097539357341,-0.017300317281070957,-0.016513861584779056,-0.01757683468098369,-0.011284373445621628,-0.01804398611220901,0.002919619856177855,-0.012922034871123488,-0.0054922829029919965,-0.032590626327964244,0.001472091592725739,-0.0262751066288528,-0.006403583233505554,-0.004994892176314042
-0.020593784556274728,-0.010720822338146665,-0.022108848643826288,-0.019247297483740492,-0.02628180038272976,-0.03766395835319341,-0.019302151841013426,-0.010572595016493285,-0.018875460335210467,-0.015353022452305947,-0.01843408731671165,-0.02738496891856365,-0.02450491911445995,-0.01973716980305354,-0.014555908542316963,-0.007601252430862086,-0.015778918539784706,-0.01847419097872904,-0.010657848762720296,-0.008994683837125832,-0.011018772993729394,-0.012449854614346213
-0.08410731872974572,-0.06755835274086062,-0.05460859424643153,-0.08533630048999301,-0.056135155714163484,-0.0402581706558332,-0.1006813282707384,-0.06411399912616758,-0.07245197395244872,-0.06424125793669927,-0.09334330565444206,-0.07648986932601964,-0.08121119097115845,-0.08123118786292181,-0.07311667350652612,-0.05872346704699236,-0.06533091434604257,-0.05779455583781696,-0.07596579872325393,-0.11211962084086936,-0.06558751941430119,-0.06445709177860003
0.02582742265346049,0.014837041622311881,0.011773079908257702,0.01880418585726875,-0.0035088250762427354,-0.031423217460556034,0.0025252880712017195,0.012051913739302972,0.03795233195864848,0.018662470569598456,0.030968043656297656,0.017276413295600056,0.04494365605205898,0.030478720665808562,0.01864543628382288,0.006329204842017304,0.0008577496506443698,0.015981373989580237,0.002412092382234485,0.04930859561479116,0.011023750787613244,0.014344783044288243
-0.0499813344943852,-0.04727111937657932,-0.05818182365794775,-0.03762432377632725,-0.04964767561332986,-0.0021905239539732864,-0.06800992199907603,-0.0476339216259922,-0.044642755325999116,-0.03664119777203211,-0.046548662390417946,-0.05544445137303115,-0.05949812761155281,-0.05157659659864231,-0.03277546813197337,-0.043576029462549015,-0.04670089421525296,-0.06315078739191403,-0.020252609974138303,-0.02865331652936264,-0.04517131061732461,-0.04885365167092293
0.0543778192511614,0.03120215635944897,0.03243255138825631,0.04696353724601443,0.04761002815751578,0.023205100520490157,0.06936920864393184,0.0319183697275346,0.03916319749622911,0.025809523979336696,0.05591491583725186,0.026969955842536232,0.053734758962558526,0.044845465404707935,0.02102713879471931,0.03146977295513071,0.028314594046032586,0.0604939292263371,-0.003479496895513197,0.018289062993724903,0.0295967416100733,0.031087888338075662
0.007261226398620787,-0.003472145154346919,-0.003739792142385361,0.0091592400715574,0.00884166485936685,0.01894580440798549,0.003369825409158319,-0.003188672193856439,0.022698016930352224,0.004193259526212955,0.015411925351592982,0.028321137492934245,0.006871651869253568,0.010113533316425664,-0.004752581565579983,-0.011839471591428395,-0.016608582779531596,0.016065174626150647,0.017662777950587738,-0.035921233514086576,-0.0024898140542672343,-0.004588044221224293
-0.035489846967576615,-0.02687922366810808,-0.014435393550652159,-0.03607179574085658,-0.052059427776986585,-0.009686252054080387,-0.006717015648311244,-0.027511239068646318,-0.043132297775689166,-0.04791203632076234,-0.034831768451242834,-0.04857275078610485,-0.03448284734547969,-0.03614175278381266,-0.01114185150440342,-0.01570363606103211,-0.02489186702790188,-0.029393036461456037,-0.04197770440151533,-0.06009605396984408,-0.03222131938331309,-0.02985076858645778
0.04062853812960441,0.02071623370851951,0.0023085736591152584,0.033558915987054565,0.036778162882001315,0.0,0.0777683281525725,0.02072369091504309,0.007877569838909259,0.03570743345075261,0.036492016610317014,0.06089131056254075,0.036372081341499066,0.04028376854291109,0.021537783272470003,0.014678120929290918,0.019770124464272103,-0.0040168587332618895,0.035390877046617863,-0.021739225325123776,0.025891880718959356,0.03034318399967757
0.052117874056193884,0.04810814945464365,0.056046154745767504,0.059331812804091034,0.0698054947047384,0.0,0.0070588365232963765,0.05188528876220857,0.042987362364153486,0.052962351318680996,0.06243928762811266,0.06526973330291666,0.033549704258958944,0.05674627999858845,0.01778654996894882,0.043397158444005865,0.06582510950500342,0.09015434804954836,0.06002019793909625,0.1052287218486124,0.04848324141826201,0.047450658823331736
0.017153869986397056,0.005498549428409907,0.0010904505324981593,0.023814739668174063,0.0005097967003353193,0.0532425941874084,0.031152685878326543,0.005821214104122971,0.015403792467926369,-0.006180806417148493,0.016294328770505278,-0.004705827970821778,0.015357797698806776,0.009449066522239669,0.007766971880013983,0.01296960442110887,0.005075972256323102,0.009575376976670236,-0.013627622653750652,-0.01064459798598462,0.005478900569271211,0.0018965990602210238
0.011357731063621163,0.008796777897917761,0.02142346000959868,0.01270726845327767,0.009680630225988135,0.004158726660119376,0.024169246045760016,0.008833285712269413,0.002870098566366581,0.00900711547025377,0.0070258072303307035,0.008321272531513805,0.008937814527211242,0.0022831023480000263,0.03815032244233458,0.003531974968281843,0.00462984838066941,-0.004742366198942605,0.008367339484666962,0.010759124541409062,0.01068010374429589,0.010094422138590162
-0.03879531815564657,-0.019325672908271096,-0.010309267280225909,-0.030412526068659955,-0.035323781054845765,-0.00944916832061532,0.012536777663325848,-0.01962567503397768,-0.020032827218492928,-0.02210420233378491,-0.03613593697727574,-0.032917313346248755,-0.02282794161185669,-0.035535400279582616,-0.007795040794602969,-0.012318554343559877,-0.010054603645581613,-0.02729039674421281,-0.0235429287645311,-0.05026612045483081,-0.019193520799694715,-0.019571102058415918
0.012214636075179485,-0.0014422540671226445,0.013290132620000287,0.006141694195262587,-0.006102791894557532,-0.006839894879457434,0.011653344083387649,-0.00030790938747371634,0.005423458402917537,0.0113018861860867,0.00798063809729411,0.011346020186625356,-0.0034867816250829377,0.011809331750132743,0.013842136202113468,-0.006681615666359664,-0.003808651107973997,0.0008906705317480133,0.023913091844887727,-0.0006227041792670108,-0.002198831962663031,-0.0014863077767265462
-0.0475691411551753,-0.031287447543469724,-0.05104588896986822,-0.0398954632188348,-0.04017539350518992,-0.046451156276066975,-0.06551483243659396,-0.02895869255657238,-0.02946053748571724,-0.030303116133609625,-0.046400318440159766,-0.01716371791160401,-0.036738925317005136,-0.04761902941494977,-0.02564584912323537,-0.0318383800102321,-0.033984638963780345,-0.04849848873845752,-0.04400700509042035,-0.04112137722783296,-0.029307905160786338,-0.030412665260219508
0.03654069185505703,0.03006208412741944,0.03810245276575592,0.029518762906044594,0.03929802652885843,0.01611663692446139,0.042372828920563536,0.02918768566505023,0.033775229797230015,0.039672130999606856,0.030121635616947445,0.008780650903202495,0.029785540554918038,0.04436284718621702,0.0308653104236476,0.030106544673140563,0.03781868540473233,0.0488662742188152,0.01756507080545726,0.016894019361648808,0.02905779918140845,0.030708540349607294
-0.022675113339377568,-0.0077183291713012105,-0.02482898688090673,-0.022717361543158784,-0.023742398829214736,0.0012231749081761294,-0.03917216783506781,-0.008323027351127383,-0.01736977819616009,-0.02302274099508324,-0.019493868589612655,-0.008220563778069267,-0.0010581101074287496,-0.02839722819430188,0.002204360430580887,-0.00944264950072578,-0.009321940749073459,-0.02206868323107819,-0.027182631693211216,0.01980836286123906,-0.008382996005363217,-0.011491922899205458
0.008881713215370415,0.00024320126754692382,0.02472311665845364,0.007898859615884199,0.01567274228201664,-0.003370407476345884,0.018461629599539592,-0.0012433269516100313,0.0,0.011564403809323684,0.0007646444652045106,0.002193893547290275,0.0,-0.002898541933904989,-0.004398870178938284,-0.004539041028819616,-0.004704706261228886,0.012536933473606151,-0.0069345341291993465,-0.03571427460405702,-0.0004449221408370254,0.0034446245403027924
-0.05569525481604142,-0.04981789209685375,-0.04645289904167106,-0.05329145108912325,-0.062256040384073376,-0.043754048908462524,-0.058912464529209674,-0.04948644070477145,-0.047979793941474974,-0.04723909916855643,-0.059216804771864966,-0.07662362686231441,-0.04449156955985355,-0.06807161960210806,-0.047128118635818415,-0.04879172319252144,-0.05801480880864322,-0.05087809399486329,-0.05524738767567836,-0.08122167500716193,-0.04874227056974005,-0.04977476494917587
0.02872910501512454,0.006905439080573114,0.016993970350659263,0.02341548015787081,0.02250797144368585,0.01881084880898136,0.022471903167744858,-0.003929309850483221,-0.03801954206082413,0.0020376550522341764,0.03776652890752491,0.04004202777306903,0.017738535856949924,0.03301275909388539,0.015842471650539685,0.0067114819156390785,0.01687968879157645,-0.006403952705820431,0.017173846228967775,-0.09123058781951804,0.008422782630293299,0.009934542467422106
0.0075827451346932966,0.019557979103124287,-0.020577149991176828,-0.00115558003378456,0.028116926788018647,-0.007615297039144894,0.018053428337924057,0.041987749257885135,0.06311302385161031,0.03321279389280836,0.009391421002029377,-0.006180240349897369,0.015976751503361378,0.010820089678884032,0.0038035786650275046,0.025714337135448115,0.03185284420910536,0.053738800690699584,0.03760393872552253,0.04513632478355891,0.0199536426227476,0.021015001770344245
-0.0030458540869536745,-0.005422858230565782,0.030927551694902095,0.0002103187713293117,-0.014554086166211962,0.02008219584066381,-0.062451841238184425,-0.01534532611882002,-0.005422411639617642,-0.009461730134361702,-0.0065641243461332715,-0.010924218712570285,-0.007182868158098889,-0.005750031698341984,0.01129944018797838,-0.02089141444023057,-0.023913073734230857,-0.000927771211051007,-0.011463086811307664,0.0507628048430523,-0.0047759232997734045,-0.004539490213621197
-0.08050930323476324,-0.06993191176176225,-0.06370364451573805,-0.07877932994407995,-0.07950164837709588,-0.05401866118714288,-0.06367264130911066,-0.0668831456208266,-0.06633359487785921,-0.07002440043374558,-0.0757937266232709,-0.07243374771565565,-0.06265942766037387,-0.0784463311949406,-0.060158975308353575,-0.052370375060434605,-0.07170249881958203,-0.0903180763599328,-0.06683545011611666,-0.07904553369927203,-0.06818701708974004,-0.06672588374503946
-0.03543070915599124,-0.03230166537085813,-0.034018847650005686,-0.03954794893921863,-0.03701475174543673,-0.030624012334856836,-0.050644630124339965,-0.032359104880870564,-0.02871032839442928,-0.03159147527888887,-0.040575427103543976,-0.05399397075889295,-0.03186925841066548,-0.03966933499641179,-0.022141650918790785,-0.026808249903351795,-0.035887654682775494,-0.03802968534800187,-0.04518746259707312,-0.07287458788742397,-0.03362162750954526,-0.03467931802526154
0.026176933238655782,0.024964766287916274,0.007371071930207731,0.023796626104207155,0.03657766480389795,0.009762475656338074,0.024248380608379427,0.021934665748786428,0.003506887344638425,0.020603291995440358,0.031998249252166426,-0.01173336454453282,0.024086605166476985,0.030981089455249907,0.03499385450245629,0.02702692578618032,0.02666014903200206,0.02653223169102956,0.015617559451462553,0.026201012813818196,0.0243027824325433,0.02509869699784099
0.023451944060005482,0.02380945342360041,-0.013414888670980979,0.01775930697405021,0.028508830253593225,0.022229450007727088,-0.02178029192626696,0.023926785027416846,0.032950630869821015,0.03797164779033657,0.024284562288079486,0.07392165898260401,0.01999226224367413,0.038953812508958366,0.030230722779691382,0.0425101461452968,0.03184732261578622,0.0020677545612344124,0.05521908770122299,0.002553164577928349,0.02347660514618102,0.02376362822417705
-0.022110399622519258,-0.02512693634868858,-0.019777385901071715,-0.020271926508574924,-0.00852892999642198,-0.00296837440896105,-0.03775419172157477,-0.025085983202809085,-0.015466456593282078,-0.025005890329612254,-0.021591837262946667,-0.031111100153976525,-0.02075335368951654,-0.018478894421758083,-0.04710419243327548,-0.01165036697671993,-0.027540506756152588,0.01547586842333215,-0.0211966112351801,0.033955900904648936,-0.02586645918403096,-0.023212026261762688
-0.017677354083008755,-0.028790628223084192,-0.039932739854040916,-0.012833968787346552,-0.015835623517920328,-0.016779364336404427,-0.011066476134011264,-0.026436371563529223,-0.03436428353213153,-0.0249345109166442,-0.020986696577686724,-0.0025228586158403256,-0.014128505360397113,-0.023465291104143648,-0.034035779001979835,-0.03045194029646021,-0.04003917965309192,-0.03606807103399535,-0.012407018515340859,-0.023809563006660768,-0.02805607090302641,-0.030485113603132608
0.02845783478465565,0.03303205695055631,0.05210146028672946,0.031307952391884886,0.030989170720160688,0.027699357959102347,0.06815879386384892,0.03186104755094395,0.04626347420533946,0.03872373001888496,0.030718281368995425,0.01690025521981131,0.03144880219637762,0.030175931595027967,0.044463020895068005,0.03596761057016611,0.0539164992462197,0.052174026096564186,0.023298275148686175,0.03616466252293552,0.032731990629762266,0.032433641272766364
-0.0012207289428517345,0.0013664705265175796,-0.018310336513075873,0.003859171378090621,-0.0017339746102716296,-0.00479666251152008,-0.01333333599838819,-0.00035095025409739866,0.0014576881609131619,-0.002344611284449002,-0.005574686382501399,0.0050877236777569935,0.0015439855847838087,-0.005153018730725484,0.008996148639645967,-0.006357013237931416,-0.008204620241513505,-0.005259050247792893,0.0020088953700187246,0.05194808924917596,0.00024948790153268006,0.001199223981045913
0.07781626662098376,0.05431238527126648,0.08350971765128562,0.0676574449405152,0.07450281920642307,0.03167326465736643,0.050193089301193566,0.05580917380131216,0.03444911368709638,0.06580480868014052,0.07481663545212144,0.097806552814046,0.05703250863139095,0.08887646582331181,0.02292621187170585,0.05413397128762357,0.06958635774062208,0.06545774110271822,0.0648251184541432,0.14814824927222514,0.05513994637060908,0.0565269679138378
0.003212960354615341,0.017343883766497797,0.008998770296581391,0.008641467213784336,0.0059277348204750885,0.007830796574223992,0.0027573809539425268,0.016289879112232796,0.0,-0.005071596636179208,0.008626054587027391,0.012602993585965169,0.012030743675603991,0.0110166644226576,0.0027238127887484424,0.01633975348291123,0.01501370077325941,0.020794297600065084,0.006485311086865251,0.003360179894471744,0.016788794715455448,0.015416056085052475
0.023360847807913702,0.007379049010099488,0.008142588906235017,0.027843818485871887,0.01892868219518565,0.049181183239820715,0.02108156569146869,0.00850500672486692,0.03424028947179722,0.03368799876569322,0.022076384917470385,0.024032741383342684,0.018732025651389917,0.022536040488771492,-0.0031044901567651296,0.018833375224246586,-0.01568788146217421,0.04374978845585166,0.020993632522061385,-0.018084284250026,0.005115957062869197,0.0031255981179614837
-0.015832169406517396,-0.020207002542191547,-0.023311046973571857,-0.020374932650105225,-0.02593754551467695,-0.0147275719223261,-0.02154401574010251,-0.01978591599507356,-0.014512516819093876,-0.021869666494990482,-0.016151087745325525,-0.013834143750624668,-0.011669100571139877,-0.017437753027911472,-0.003503281352198993,-0.024346413134861574,-0.003643044389047136,-0.0012798348124243985,-0.017915278106166308,-0.026603042800561482,-0.015108997543952125,-0.015982192772599386
0.015899866654224205,0.00928071383671566,0.0015754242091325949,0.015362671436802118,0.014533145522707425,0.01793719090321738,0.025688077987290385,0.010258066758509566,-0.0004602470072628668,0.02708117901002487,0.01859178434203827,0.03206394243194298,0.00393565124533188,0.0239093272806715,-0.0028190530579322586,0.017107316284976717,0.01907627174154052,0.0004447950271605325,0.019900383211977464,0.04835317686475365,0.009194076690131486,0.009076439446212134
-0.017676251157463862,-0.004597756078276659,-0.008651351244009701,-0.017690791472484348,-0.016903750844573708,-0.02125021136626537,-0.005366687006332457,-0.0029478629936028123,-0.014732815443777818,-0.010051366852470336,-0.02330102782510797,-0.007766920406207494,-0.005702152519420917,-0.019980846739596023,-0.001569348559571668,-0.006842785088843549,-0.008562155745428788,-0.04913281329439145,-0.011788506522334987,-0.026069560721207943,-0.005372716294509496,-0.0017990180945138309
0.03280224443656782,0.03284588659925428,0.04482365081280936,0.03696677788348608,0.03583700214683408,0.018753878590728683,0.052158172564344865,0.031865941324300366,0.04158879053261993,0.022467005497315732,0.03658067993946452,0.010273756984116594,0.018638108903142853,0.03463539728339389,0.018860643398290355,0.03215426679237896,0.04090896484802542,0.07318225808076521,0.03558193714624305,0.07481128428687953,0.03264429761446665,0.0299617325970251
-0.0027223468450229336,0.0168944946501988,0.020880871445180662,0.003427729963272902,0.013105108401065484,0.008162817789184894,0.0017094789802249008,0.016236815494671798,0.0013458601622466778,0.007394881716325103,-0.004603031141500376,0.010218235046137293,0.0010555461124264402,-0.0009495887846467119,0.012340829841552995,0.006230585569931072,0.014847004009794182,0.03420463901525915,-0.00019850939812882584,0.06832691016968323,0.016374912923248913,0.016622840054346683
-0.017106454734574346,-0.010994536934741131,-0.045370224694710685,-0.023229329038547096,-0.027940834543428286,-0.0016693334620665125,-0.026450541587098798,-0.012844550713025692,-0.005376300823779172,-0.002307016538026476,-0.017919001702699246,-0.007717892463779129,-0.02073809860617836,-0.004277594963091875,-0.025523843118471272,-0.007076407934302852,-0.007314897689568826,-0.041921122725059184,-0.003774324254165008,-0.03646141856346128,-0.01409705855094359,-0.012693578892617291
-0.034993582849641665,-0.024950562495873883,-0.018309228251582408,-0.031242691811533375,-0.025017656259253947,-0.03448994126682355,-0.03856265828425173,-0.02665821110876869,-0.030180184822282286,-0.023334142067663984,-0.035118734808607936,-0.02367159437955447,-0.03517597360444555,-0.040811715342674935,-0.000781852815771912,-0.02271742810303232,-0.02687454644606945,-0.033201288119935266,-0.038484461503932865,-0.01736969164198565,-0.023150282169233767,-0.023752444937266696
-0.01745981633719364,-0.009374301955463495,0.0027778536901285392,-0.02623364268533524,-0.017288518579702518,-0.005412398252070959,-0.028258824569267694,-0.00847741717076576,0.0027866872609051017,-0.00860943951076232,-0.019113449726848523,0.004948182099784898,-0.014880713143536771,-0.016670746310021533,0.005868423599190245,-0.001367268458009057,-0.01113601827613742,0.0050031864999890464,-0.012857934500768038,-0.02146464449021996,-0.009758351470124969,-0.00937497231989556
0.0023435161295510647,0.004347952088127948,-0.006331748690215318,0.010380844208208421,0.000555597532659962,0.0013059528573939256,0.0,0.004932693603409932,-0.014358343690225341,0.00021690909024258678,0.00787722851102158,-0.04066970193937497,-0.004154173420975179,0.0,0.008168086273214803,-0.0022821566674831673,-0.004504367456591547,-0.021271794397801202,-0.0010503403091332991,-0.009677469922847787,0.005865912882420092,0.005858385702591902
0.03039150578589245,0.02164498604076388,0.02668268743736557,0.034001946222076605,0.020729359745370584,0.019130392359266404,0.007504536585145014,0.02192402639250592,0.0,0.02170636265927294,0.03126284680052237,0.02648332913091769,0.01478946928082744,0.02327933063321198,0.023919829061325608,0.016468446153656748,0.035746328830997064,0.0,0.02523656772083328,0.03583062865408331,0.0221597845126175,0.020609608138120225
0.02249957002218501,0.006979209002157982,-0.0019394993686989636,0.03288373121871983,0.02248392279855444,0.013012107719698598,0.013035482913761352,0.007684896090245012,0.037123917721868516,0.012746706157390923,0.027921991304074717,0.012499964823588693,0.017563570794933453,0.02274991848772901,-0.009419705622486393,0.006750750867155865,-0.0013104779268295526,0.009479824868025314,0.007384691782117521,0.061635168897463476,0.006618115226907041,0.008560050742259297
-0.006471904350631786,-0.020544600809421533,-0.00816165208611837,0.004122892643945778,-0.00017732346008745732,-0.0016846605021758347,-0.01746334840895772,-0.020654576571739854,0.018577388427430182,-0.011537594058873538,-0.01552197983749396,0.012938505885050472,0.006610489872259055,-0.010396592728097395,-0.01977937700466656,-0.01564604534828392,0.021434710010599232,0.027256198644896475,-0.0028507227442578914,-0.017772466561242112,-0.019950111844109882,-0.020892388313097376
-0.012469670706810584,-0.012130518236260908,-0.018416968651266286,-0.018932679463318138,-0.016849862901808475,-0.01624131608127318,-0.020579832806343668,-0.028877314120279364,-0.029359477653832688,-0.011672082466423277,-0.010051308367434602,-0.025887404267983062,-0.02188999733743052,-0.009039679564333871,-0.023283008830662567,-0.009990971979522223,-0.06295490683494513,-0.039687967977480636,-0.020216518372149102,0.001809461144818704,-0.023826196453376827,-0.023783031086370747
-0.01451198850710266,-0.041954431807461334,0.006689000675800837,-0.01023001630982272,-0.005051308290636786,0.002787349266426066,-0.011461333846490144,-0.010562437273222298,0.0,-0.02770047175142223,-0.009954297221115741,0.018967875554711,-0.009324935265398245,-0.020463616236377515,-0.02781084961579303,-0.028898935856343844,-0.029707568135902036,-0.005209289010768615,0.006016578786534039,-0.04695966640217026,-0.010917221693723769,-0.013095934339035279
0.060683287502981687,0.06298668791413148,0.009196223128893006,0.0667969877146335,0.05663813560865065,0.03980353564873172,0.04927535497188766,0.046933809234881885,0.02268372393077991,0.061184190387842,0.06049898190182399,0.040710226517604066,0.05106138777879523,0.07072240961359312,0.06253483218198251,0.057346340537241074,0.060926290440380726,0.04256832999341752,0.0506064370547744,0.051800356386702384,0.042697623323056134,0.04156939581178883
-0.0023584755548272467,-0.00818613969322874,0.010301109983844843,-0.007748593087761547,0.00034610966388221764,-0.009508113000732149,-0.011049835865160524,-0.00850789624402758,0.011743522522100057,-0.008832687614018873,-0.005525905274567746,0.004417650455419097,-0.015107962454977234,-0.004270392424269993,-0.010124592216987765,-0.002270703466148237,-0.013133763843447922,0.007669520040814824,-0.0005971446436654178,0.04804811101827725,-0.008375675838534501,-0.006502213068880225
0.031460306485200526,0.031209565703612926,0.04313728316253152,0.03659086548582785,0.030617574119549063,0.03151080052300215,0.03631283087619962,0.03135315152260991,0.026785730351646147,0.02779535579291329,0.03084868492225276,0.03764681184054736,0.0514975193343104,0.03240419866958946,0.02557041037402296,0.02639952450806202,0.04222078042506983,0.04499689213275075,0.02708625909694616,0.03954140070213682,0.0305018241653981,0.03046707255230735
0.009167783177774736,0.0017509657996567644,-0.002255663748205837,0.010977192374912478,0.005035149322126562,-0.006473750304903392,0.01168020093509487,0.0022400322730638327,0.013043393646302595,0.00598683890089981,0.0065057872740777135,-0.0018231734019296796,0.004515272224445321,0.007846725613694193,0.012274640879308235,0.0,-0.004403013817037435,-0.006855378898325256,0.010277239791812026,-0.0391400049885392,0.0013661632653272652,0.0028471345339845717
0.006988060168881543,0.01323352703623962,0.016955564430972733,0.0044709128318046005,0.00901805445588563,0.002239867410633839,0.006216697676997786,0.015006388090813581,0.00042910137677070734,0.009850286795376969,0.0077561833537276095,0.016620940658843338,0.02800843368665724,0.0068697373144734975,0.004926099395423959,0.019955865640700742,0.023882986709211653,0.026531555446579574,0.001343649011728215,-0.009179479780755605,0.015688952684494266,0.01528721764380942
0.010409449623118442,-0.0004928640443054753,0.010374194852471149,0.009961869489973468,0.007116778076557411,0.00629824372827897,0.00970871358549345,-0.0006291472526902618,0.002145223689760148,0.0016256327946390992,0.01429348594696609,-0.006916917873209885,0.004709087643714693,0.011826121535247569,-0.004147760919570312,-0.0026084925186919674,0.0004319804334124293,-0.004412688216597264,0.013992760172071435,0.01331782052035087,-0.002910008230896969,-0.00043016168169744765
0.02043260505656749,0.019970339828864984,0.026769234101127182,0.009443844565137263,0.01248976033275523,0.019987895031639818,0.04020977401310802,0.01983007951062651,0.012414200945385149,0.017853281700859303,0.019512193081123425,0.03799182444068238,0.006695721766119169,0.022027370479921045,0.01249526449390388,0.013077486508622432,0.023747807199779782,0.029759482424899838,0.01965961665432299,0.0005714226016578673,0.021329082152596948,0.017860955275193952
0.0006731915517765647,0.0,0.006785890446535979,0.01060291818937676,0.0,0.005779858555852589,-0.014285655077822004,0.0015432226349380055,0.0,-0.008172060843870274,0.0014176910095400435,-0.004095826868007699,-0.00631859381152239,0.0026391297200316684,-0.01383703153807635,-0.0077456123664712065,0.004217683047388367,-0.002049611545638328,0.001483103947548523,0.014277676057196566,0.0010991059354636837,0.0010570107651554203
-0.012107028497263202,-0.01063559321164747,-0.012061133173845492,-0.00843454041375199,-0.00973856329919058,-0.004683950385682568,0.0,-0.011710341623749992,0.0,-0.015876130878782882,-0.006724424527729554,-0.011638094867991056,-0.007028080650264499,-0.02127663159577766,-0.004550575817638754,-0.013876643056590324,-0.013859739818651028,-0.013966061110931365,-0.016105027642369162,-0.04335599575136935,-0.010759800885913249,-0.00971490324969708
0.01821280343389915,0.018079381693630298,0.011490226606043132,0.0180499020424598,-0.0006557576382956744,-0.002451855006407891,0.02557544002000331,0.017461787672852506,0.00084568151228806,0.013477643093006978,0.012471096005564598,-0.0007967950360797955,0.0037073416486595647,0.016584673141693082,0.01714288276374019,0.010993893542789242,0.00638835526218695,-0.009581224268473259,-0.005079974689418615,0.005885962164557836,0.017092129221089644,0.013862362532473277
-0.008024010743672988,-0.01583871479543526,-0.0007100708720942661,0.0006112107454693835,-0.009840933793250958,-0.011694712801277695,0.014131366237057857,-0.014710367787861632,0.013519336595197304,-0.013097071204312402,-0.009150130589939938,-0.0007530784487365152,0.0013431480335964346,-0.016755042283824753,-0.020599374902566886,-0.010004354497354906,-0.0021158877121971046,0.0016824582034709276,-0.0009455609589334182,-0.029842111856156307,-0.014185966087698,-0.012410640188836532
-0.0020223178443010107,-0.015362046636195009,-0.018827739587896387,-0.007739099147333028,-0.008116554287851015,-0.004211830631578596,0.0,-0.017418435938286576,-0.0237598916831976,-0.01000393710435318,-0.006748457243938346,-0.009088852565855251,-0.019785393259809225,-0.0022419721374336912,0.0007649404673193643,-0.018892761343289103,-0.022476752612793537,-0.025194203830750262,0.00018926301100214332,-0.014475262314953516,-0.022138661350246062,-0.02215125126226281
0.02347178359023137,0.029717788965399963,0.04170497446706418,0.022577939842571462,0.028223109242828923,0.029587197667055407,0.004917996830400575,0.029756291868849358,0.026900032894061704,0.026809705266406438,0.030752787940204723,0.03131987854733494,0.030448339840104893,0.026966276294485857,0.018341605674308224,0.019256571146245183,0.02429508927579695,0.048209299956764366,0.024034790929896032,-0.023255787093766172,0.035681433648755034,0.034959972134134494
-0.0014848139265958556,-0.002404951287466287,-0.008050314623300105,0.005620164518513011,-0.009745033563143185,-0.008979093800923174,-0.008156633101810985,-0.0015370555069532837,0.0,-0.011247360042003694,-0.0034691508020714924,-0.014750581016769215,0.00912658656498019,-0.001969484534542069,-0.01050662995124545,0.005645583832244627,0.011467919067579732,0.00889334696841212,0.004435490350136971,0.013157830556875572,-0.0013190103011030668,-0.0006350324099652573
0.003800277270340807,-0.0065093752402093285,0.0010584155461956343,0.009580897589658906,0.018668508783452227,0.00019735305343951615,0.01973695792424484,-0.008004901120162595,0.0029107002867831398,-0.004493023633484693,0.0052218782022849025,0.011908468137208944,-0.010241264836414098,0.005261964136620246,-0.003304358423145187,-0.009251179250967152,-0.002118716125218716,0.001434924763799634,0.0005519879565126003,-0.022263437436925868,-0.006383687693944461,-0.0076254336426209825
-0.02666660261671337,-0.015530079191116266,-0.008107104676962318,-0.029853682071957394,-0.0176585343196917,-0.0232878730327658,-0.01935495008871796,-0.013035404174232513,-0.01575467145401824,-0.011312299309000386,-0.028225059532748183,-0.01517817828918698,-0.025033371635297275,-0.022028398912095373,-0.0019134506166662165,-0.01289453254363945,-0.01188952022777647,-0.014738770445515276,-0.01563082865275464,-0.013282593712944366,-0.015064069624412675,-0.014941357620589712
0.012345676372765171,0.012570896413553702,0.004975065263317523,0.012634960784329371,0.0044940180450918224,0.010123259202962226,0.012335652637963004,0.013207570189816314,0.006739758647056792,0.010817642309163886,0.009978523014817452,0.01826296524238058,0.0047929819289319825,0.01895639510411627,0.00383439391493917,0.004954987258033804,0.006875861486210119,0.003324204029168052,0.014384488238715694,0.01923064127592846,0.012145676024689887,0.01170076483573537
-0.016705670947252324,-0.00900687756516997,-0.002828778242233066,-0.016502350338489482,-0.017398549459618346,-0.009821697098907416,-0.020308755482635082,-0.007759220208183691,-0.001255341781956078,-0.022432756626635485,-0.007762834593244771,-0.03499564252941695,-0.02555354373811141,-0.017509316929441267,-0.018334609212376656,-0.006723610858533353,0.0004266874050927253,-0.013046166500464576,-0.01657455492144581,-0.006918166630205715,-0.008888923530830324,-0.008995296994329305
-0.020727139910932918,-0.021862023790004285,-0.030851110822442167,-0.018006953310608042,-0.013490884893395142,-0.01575766106092426,-0.033996739310417315,-0.023772159545904385,-0.0268118566013144,-0.023999935505893827,-0.03076105568023548,-0.027198659795245075,-0.011538663435459026,-0.026732094487679898,-0.03560313662591637,-0.01624554164272983,-0.017918019860999387,-0.015106936544924022,-0.016666737659820713,0.003166527762246373,-0.021076028661992503,-0.021828492143543158
-0.03313678299927042,-0.0007532464875667247,0.0032930151722997,-0.022712947629816155,-0.019658050995680125,-0.02955672457463159,-0.0008583178375543251,-0.004165352303843318,-0.016788577499048645,-0.028904239117169106,-0.027701183630364272,-0.05871390260607101,-0.026529769025430545,-0.03707928006174878,0.014726577727974597,-0.01100916151078315,0.010860111837307352,0.01555173512712959,-0.04589604167064769,0.059974862414573865,-0.0006872341629351497,-0.0015466114441081214
0.0003589712412409393,-0.010052909883657687,0.008388062745562027,-0.0002133742135423442,-0.0006974515226499602,0.002749819634769306,0.012886639064031024,-0.01029607477988207,0.0030648080943440465,-0.00022206115726000083,-0.005471847089438492,0.0,-0.00799414432852502,0.0026146085597794537,0.011530817055778131,-0.014378307393865072,-0.023635776787976945,-0.015733120471538676,0.0011977752020966245,-0.01310317953020899,-0.011689220554568202,-0.00907264541347568
0.014529159296765575,0.012947589732158498,0.0065099615335714655,0.020899941401569318,0.011690936565363744,0.0029317611192442358,0.013570812086801337,0.013979261702682388,0.018769022157071626,0.010219879118661705,0.015367131214431522,0.024752596544193317,0.017216202002261132,0.015410260395804988,0.00786171376513041,0.007999888368381908,0.014084720002661262,0.0319692164772955,0.016746291083672288,0.0681956035199688,0.012987142533122671,0.013175551929968674
0.0010607935868536345,-0.0017542635862513672,-0.0014371834297450098,0.0025068602124837113,0.008796026724747873,-0.002082099665874981,-0.007531457249647835,0.0003205909643036598,0.0017138274454068147,-0.0013194809560114252,0.003923830723008602,-0.018405822560437785,-0.002520759170403965,-0.0025683130159263245,-0.012480488014427466,-0.002334138572148222,0.010416679979330115,0.0008260794346797793,-0.0031372843249889587,-0.0016949640475701388,-0.0002290386479084189,0.00022037867211970277
0.015365710084994537,0.03163428638019989,0.035984106134807355,0.012919395942912134,0.019832602118498487,0.004214925822795968,0.011804475799962041,0.031089707980960713,0.005560273512776254,0.027306834454087846,0.021961662890791274,0.01678216883340296,0.02202157941517304,0.028089947692783702,0.025276438314283625,0.023397275252854587,0.039518950328738985,0.027239033644699696,0.02655391964386009,0.036219468635250884,0.03160069675925612,0.031511629580493986
-0.028178961180395187,-0.013871895101842292,-0.015283185495415881,-0.026949194533458672,-0.02766132468686851,-0.020545573760473987,-0.047499957150917364,-0.02486793086361075,-0.007656411587695219,-0.01757778559361534,-0.03259881289441453,-0.02904154316305878,-0.0264923571847466,-0.025273278420106744,0.007318915123191995,-0.007316164805301286,-0.013636402760989146,-0.04479716798690209,-0.03410613460413473,-0.051884064674321294,-0.0144283213616771,-0.01666319213390291
-0.029174801881538787,-0.010612136450318057,-0.018300361497211568,-0.03446087749206636,-0.0222415060425121,-0.3871997698437604,-0.020997403762052398,0.009150575992387094,-0.029575561741675426,-0.007855177918888174,-0.029367519253229207,-0.01969090990882829,-0.01596516090954353,-0.027797394578691282,0.00535375068962701,-0.0032242643862525878,-0.007121987827885286,0.010947571493682228,-0.004031265697960226,-0.02476973206142719,-0.009684846474584834,-0.009993380536377465
0.024485559619377702,0.014234952746783113,-0.011199397196921786,0.030604789440880725,0.016779176144280275,0.3866452527935481,0.0008936015819815041,0.005427862411462838,0.0246610372337248,0.017044278211014726,0.028311731283232982,0.03538145763688233,0.012331971748373504,0.034154978248087366,0.0022822128315179496,0.015320629539165609,0.013326531590784127,0.0036048481282332213,0.009869048300790864,0.027210411356805016,0.013348240361757555,0.015415433200519775
0.02912788403054656,0.021107460631110492,0.03142117904352745,0.025518930396243204,0.02877075733581072,0.020625959206397648,0.04070431901905319,0.02159413889927577,0.02230000565589623,0.014763346051718137,0.0275019705197967,0.005958556293942194,0.02869750659108885,0.026855011119488303,0.014041831561580714,0.023853195749458628,0.0213211812166896,0.039298533982297934,0.02532910741654929,0.04115222736896082,0.02444542208489789,0.023757701210078228
0.02193520211166109,0.011916395923676208,0.017711586147650102,0.02741476291394767,0.018983067304097538,0.009109344492415891,0.02787470875691877,0.013055626456669195,0.017964055519496997,0.006204405312659329,0.023605888609042155,0.016781855820432942,0.02539340752069415,0.01904110257691158,0.004865180432609258,0.007616599617975963,0.013917281962315791,0.036999343574303706,0.0153665648737594,0.039525658484114636,0.011268279883538124,0.011709559294968171
-0.005366049099789082,-0.004566310685295729,-0.0020882918946581405,-0.004105200463507322,-0.0059880875645159,-0.000668693258649366,0.017796601262308188,-0.003988936715513908,-0.013445439366350877,-0.0021262893541225372,-0.00871619233341092,-0.0067964075582698565,-0.002790243388340586,-0.0054029431455937275,-0.0014897424456923054,-0.008003560527765182,-0.009285372081218874,-0.01254656578815057,-0.0024903881460292803,-0.0027157205918560256,-0.003714356381163256,-0.004629772532050544
0.02627916041924121,0.014244364149472876,0.016044620037977506,0.02390766805473311,0.019411090097240444,0.014051533594321534,0.012489536690192274,0.013247091566099016,0.0204430022284339,0.025356979552997736,0.031690824935579995,0.025904403098750462,0.015040145458442697,0.025803519256945448,0.00335695940308042,0.012550323042644638,0.013447365610333476,0.013301738097110534,0.02189356586269013,0.0430281957730249,0.012500086005700484,0.013742234937687534
0.009835531014955549,0.003332647752555771,-0.002403065656209252,0.00583735936369968,0.008371556148490724,0.0013197370870460714,-0.005756576431090896,0.0039524882860044455,0.004590944465257177,0.0037405774390474205,0.01278410032096758,0.01176769353870171,0.016540389815490282,0.010150092986175148,0.0011153056849535128,0.006197382370553001,0.003216778629279647,0.0111675811677235,0.0073295291405169735,0.014099265378101685,0.005198105632518575,0.005005030789733147
0.011251113920595352,0.004033102730633042,0.0051617687399525035,0.0052031996181101225,0.011069488938934145,0.017462881440957298,0.045492171115334684,0.003028574908253813,0.010801891099887226,0.008074504195972125,0.01157087386673406,-0.0038613911560773095,0.009491479358152949,0.012014066131689516,0.011882647731346022,0.0030797489776041853,0.0024048372239789603,0.006975516557880101,0.01100745643756918,-0.012873352683917769,0.002585601070952581,0.0043579553235069
0.006144029673356011,0.006380033998318222,0.012666935779869241,0.013338596837147963,0.002737048078928405,0.0019430310196496227,0.003164532121530125,0.0039251991089389844,0.009042254579256238,0.006777709228923696,0.002253082253994872,0.021744439987253877,0.0050369796742370816,0.004964454584216557,0.015045863612228969,0.009649037308007891,0.011195461792983363,0.010198089067728908,0.005536115739756722,0.04121016729742611,0.0073071253472241655,0.005165306089904206
0.0070969108228925454,-0.001174050617690581,0.00574715721340866,0.0049116315783688325,0.0035324613673753686,0.010342611490832706,0.009463729854107551,0.0006014427287736525,-0.005702458267231358,0.0010198469293808642,0.00760840565236023,0.01179729058538836,0.014366923433295438,0.003436286709429143,0.0021691747351030408,-0.004344040540605555,-0.008699133415331824,0.0007618792613835079,0.0073407064085877815,-0.0025048881646650297,-0.002346697142392426,-0.0010279343702873523
-0.010980069542767257,0.003761185408174207,-0.0023529848181366797,-0.01231675166429412,-0.009919972193941095,-0.0108765518365574,0.01015629157082627,0.004809029013611152,0.006554526841787144,-0.007744030344261453,-0.01321434058852248,-0.0018290058296033468,-0.011857854471088449,-0.007277356427849572,0.011544074733422649,-0.003054076546588718,0.013163121975981752,0.000380670278806484,-0.006194251791326765,-0.039678495923688335,0.0042770105960877,0.003497983842356093
0.003479761587262393,-0.0016392496861104395,-0.015498662723110757,0.003562979474783415,-0.006140894876937764,-0.0006145757938861008,0.006960542007846219,-0.0011965032346325606,0.0,-0.0014375229082880742,0.005391369780583172,-0.016124511551448402,0.005666659916674375,-0.004959012043665094,0.006775999463821786,-0.004814033236613114,-0.0062991857274276005,-0.005327273339994067,-0.00769928230017715,-0.05962362119602883,-0.000638721965406515,-0.00020506809672842056
0.03929986507135063,0.02205025235688833,0.0242983853743759,0.038461495068388286,0.04065034668750867,0.02941661677037128,0.02688170762684953,0.02156345667014464,0.021164059444719927,0.033525267518353684,0.04065037171154066,0.04665223465107377,0.030162410456633364,0.0390032328303655,0.00920999999495397,0.03386100309419684,0.028526177137476925,0.03462124433680301,0.035839679518267616,0.023915440889849805,0.022373590656397973,0.02050859717781556
0.005878577438465923,0.0011474020153181773,-0.006321991728121075,0.007027502336084194,0.002812487769089793,-0.0031436633051062906,0.009723300695062607,0.0005862788429241169,0.002391388816382397,0.005970070606100059,0.008144955108915348,0.016459187854569277,0.0,0.007090767165560809,-0.0003509967031380683,-0.010633660964192469,-0.006548583757410189,-0.0035567805326296243,-0.0010701847105779544,-0.03367722893726372,-0.0025011059489200753,-0.0006028375517855179
