ECON,EMCG,FSTA,FXG,IYK,KXI,PBJ,PSCC,PSL,RHS,SZK,UGE,VDC,WBID,WBIE,WBIL,XLP
0.005082497000097165,0.008321272531513805,0.021775436838226414,0.01973820718028768,0.017034926413121446,0.018216716132854617,0.0198979336491747,0.01734095909435276,0.012802325856232684,0.021965179026230717,-0.06129457085571794,0.036557236040769284,0.02044341494588833,0.008593371878707805,0.013612868232250115,0.0021409531696870627,0.022365428379976408
-0.015592091747658372,-0.032917313346248755,-0.015081881596883782,-0.011253488039705451,-0.008420072863657506,-0.014647463623203173,-0.004729625994269343,-0.0058538780844943255,-0.0036867196204499,-0.018247178986288675,0.0077627054969218534,-0.017865296634449218,-0.015121400398419813,-0.008471772719165077,-0.001492285758590173,-0.002180813924839766,-0.016949301834552673
0.015839055758237082,0.011346020186625356,-0.014980104446185787,-0.014340963697845929,-0.011230856152371623,-0.011361294303303569,-0.016929327336416944,0.008832630651474736,0.005109933187177561,-0.01197385729746291,0.03398271196708123,-0.03129141838347645,-0.014184403138059909,0.005429713198611833,0.0025617457363175805,0.00851934190939635,-0.014033661687834344
-0.042562148182843484,-0.01716371791160401,-0.0283879556669328,-0.03648961610404322,-0.032782462653842645,-0.02190948952691278,-0.04380651079404423,-0.02489265366403111,-0.030504742720366913,-0.024780660691279398,0.03724807451355727,-0.001556726700473768,-0.027670186698444132,-0.0135011609235934,-0.031516274566444,-0.015347082616183382,-0.02744989462134577
0.05237687532359014,0.008780650903202495,0.02469568297133521,0.018935425410920918,0.031602153006202706,0.026024022457190942,0.021485187025262423,0.010915400831938529,0.02477383031044509,0.02262806772717173,-0.0354879194371004,0.004385203599409643,0.024148116170766315,0.015100157610616534,0.016271162238704003,0.014688212278491604,0.0261339371251326
-0.03555009011358544,-0.008220563778069267,0.017990485524093172,0.03787369333158646,0.0149931201054448,0.007705485683117525,0.029075021499733757,0.02751664862593873,0.02311629024389028,0.02675260563851161,-0.03591765755113894,-0.017463596704838383,0.019133235621685996,0.002564985422202305,0.004500038146077488,0.0026555859942070576,0.017930220229110404
-0.014744139727149415,0.002193893547290275,0.0066688514941300545,0.002493231933433529,0.000820683824296531,0.0028672946561286547,-0.01292459076718033,-0.03525437017656821,-0.005346679836036138,0.006359331060393159,0.0018172096612575316,0.03860958708540437,0.006232094950892094,-0.011659256972047194,0.01145860397285896,-0.0011476940183872196,0.009607411674896664
-0.08098590621294083,-0.07662362686231441,-0.018549155698171255,-0.015147914276368987,-0.0288813598733762,-0.02499217892169875,-0.025883041955950502,-0.04234007065405869,-0.028264312936893563,-0.0016676655496885425,0.04172348339962182,-0.05352740233523569,-0.01974154025161985,-0.03357526154518445,-0.03236792047213826,-0.016530907648855498,-0.01903247605126885
0.036398431723119434,0.04004202777306903,-0.0023624754618428914,0.005738843446155287,0.005347625050723118,0.0015206795283701725,-0.00875280080960674,-0.002751636490125491,0.00107070191623947,-0.0007032173559344688,-0.024379641708008937,0.0239076823132206,0.003475008609760596,-0.01051656158147586,-0.00044017993128234943,0.0011234562276330204,-0.0028293153439474944
0.017098030265312158,-0.006180240349897369,0.0376987960614985,0.025336732140339803,0.019036992622025458,0.01648429105788561,0.03598614149819021,0.03574464285927992,0.025596525020238986,0.0331752621355151,-0.03346722400531652,0.044344187714128416,0.024004468128304157,0.018789132692608942,0.024218569276443586,0.009652115712993823,0.038601415335375616
-0.034075393901596265,-0.010924218712570285,-0.006561645940909958,-0.007154770634161909,-0.0008563875727604763,0.002303566307844609,-0.014687966325776831,-0.01418561641537061,-0.010282223885402968,-0.007697629619424698,-0.006925175197343404,-0.0026658654261809303,-0.0010984920195411564,-0.008010291147042657,-0.006620689472602095,-0.0005336065846759212,-0.007470108594098477
-0.0714508225949228,-0.07243374771565565,-0.032034435077646375,-0.028121695394815356,-0.04961715079602344,-0.04159937923966295,-0.03788829078360765,-0.041712107477070715,-0.03592179368101995,-0.030425775770873305,0.11529518130430053,-0.0927962078673526,-0.031610883573189835,-0.047993776835534456,-0.0529540054159035,-0.040395034042428515,-0.02911457907604725
-0.03891457586865675,-0.05399397075889295,-0.016035553294165332,-0.027083223916188483,-0.020863659624656944,-0.015253592059906469,-0.023240786777014855,-0.008553511088219933,-0.0253881681420559,-0.01884610200786221,0.054606038970312513,-0.06028613759442272,-0.016161055916937082,-0.010370277626180143,-0.00961085618542689,-0.005099624267504319,-0.014688007674596998
0.0277037312900058,-0.01173336454453282,0.01907080908334555,0.005710280181104428,0.021605518323718268,0.023576369113497957,0.01354927168904732,0.009969306158756438,0.01161916801273124,0.017396073543376973,-0.039920842181041215,0.04458509999186546,0.018053060952499214,0.006087849502299722,0.00697767826743394,0.003354828024303421,0.02049686575716107
0.06480048013220034,0.07392165898260401,0.031303212118751075,0.02791573919244441,0.031237859066278805,0.038833882524497904,0.02934455016986441,0.014236889587183759,0.0307521408845602,0.028675723532773093,-0.061342196860171935,0.03948911024055587,0.030992904876732074,0.012919862312669422,0.009132339567903672,0.008266866325808862,0.02982337367584658
-0.02239527104421072,-0.031111100153976525,-0.02210512898828836,-0.018872377090803357,-0.03132647509370316,-0.020351408943430155,-0.045296082007121714,-0.03312745042191826,-0.0436736141040553,-0.01991176772647614,0.057894863456858216,-0.040856065658693486,-0.02192608482055553,-0.021898956833534686,-0.02160078180071865,-0.017042732406557078,-0.022261324271828458
-0.0318726287123649,-0.0025228586158403256,0.0067479724286965935,0.0030495462938753505,0.0008739336400527147,0.0,0.010948949673010692,0.003677867690852217,0.002630941116929582,0.013338137329470293,0.01409607617251011,-0.021137984992280028,0.006574770789139247,-0.0027548215006074988,-0.009528310684664964,-0.0022492089255403518,0.008865479395778347
0.034979433705941164,0.01690025521981131,0.016085574875918204,0.020813750252511788,0.02581038569029873,0.015635278795907145,0.024614306871725392,0.03606550920166435,0.027741476234154402,0.019874417820062825,-0.07318056540391409,0.07056394904953538,0.01691972312911904,0.011049982632801473,0.00947926985862251,0.004273873318169439,0.015378503722495359
-0.019880804718915603,0.0050877236777569935,0.004947330266392563,0.020847974707031862,0.016363862506703637,-0.003337154620617277,0.014734179920400084,0.020662812223138486,0.02152101416774744,0.0070941192742591,-0.03617124280300635,0.04034228628290826,0.006732819575394039,0.001987023863626221,0.008088519846598153,0.0021512591622374886,0.004917286239315215
0.0948276594320912,0.097806552814046,0.020347835558586786,0.017279978116671826,0.027547897248968597,0.023331050623270903,0.0075757853411536095,0.034652541534364735,0.007320010006806482,0.01595510856642586,-0.05400459684869128,0.029572830604814183,0.019217341879108733,0.004015762942272694,0.005717940154185886,0.005739938098284243,0.01859485612688671
0.00138965434861291,0.012602993585965169,0.007719491575258247,0.009927074386019849,0.005071906161082229,0.010660780154258495,0.010025174903302422,0.021505401913690398,0.0010636796719280018,0.008019404018365098,0.0014513719425714915,0.039090959769428,0.008597826577472266,0.006468779459189349,0.00412652567559059,0.0008350552976570003,0.00787839036854417
0.03700274828778242,0.024032741383342684,0.0031918822432862558,0.01070329357949885,0.014147915607826987,0.007310671461428781,0.004962657318021578,0.01018109890629388,0.007967321749934942,0.0035634431004934494,-0.03381641147302015,0.027917508216779484,0.009496971588808191,0.004808107351235053,0.004566206840756741,0.0024106017385387263,0.003813205610602892
-0.014273024327058712,-0.013834143750624668,-0.001326542204049104,-0.016641457813282832,-0.01652747116592199,-0.007776089280545948,-0.018655386302525525,-0.020406425341958984,-0.015457584872623109,-0.004757114016908441,0.02449993431166443,-0.022261842729988515,-0.01214804740852833,-0.007678003332960606,-0.007272647665103091,-0.0019424079737243207,-0.0011610139803673054
0.028054252761455557,0.03206394243194298,0.0275642386358781,0.029741023085072562,0.031038305075820137,0.02058516067477722,0.03714188003065999,0.045026329749906745,0.024442433721342013,0.027081182866551853,-0.03367495359849293,0.0523012164354259,0.03184033152513077,0.009350517815116631,0.012820465298809642,0.007877659634913317,0.024847084817380443
-0.03036964607002527,-0.007766920406207494,-0.0071741816561332935,-0.0034259949375180627,-0.008985270728943147,-0.001126275684153235,-0.0060698123199155,-0.029392222957349213,-0.009926771772323262,-0.008113024082233156,0.00353538789509914,-0.019031257992163996,-0.006279210199982253,-0.003413063979719173,-0.013110232961221031,-0.002988503914341416,-0.003916242180905446
0.04312298488206315,0.010273756984116594,-0.0043982488614184466,-0.009669259563938359,0.0011556003698576392,0.0033825927281611033,-0.008244204095590651,0.006710182832371449,-0.007739695314077858,-0.007688498460797972,-0.0005031674022623188,-0.00017781443407786476,-0.00543728194726588,-0.004402839550350022,0.010077810017827921,0.0002306213043930062,-0.006927690574741847
-0.008703214543865356,0.010218235046137293,-0.020511254672725625,-0.013451923808994263,-0.010121528265922329,-0.01205443337281646,-0.02093613269710369,-0.00341817277309004,-0.0209184471077732,-0.02110118042141744,0.024672742271596045,-0.02536739674704478,-0.01942955666663265,-0.0004916578816226781,-0.0031745915193931626,-0.009589770381768687,-0.02036202111183231
0.0008778459769710446,-0.007717892463779129,0.007732055642430845,0.0215527469181598,0.004305255360741217,0.0025850763188166,0.015094443367155978,0.05487911268594856,0.014847153105155553,0.015746060925632646,-0.020147470959551196,0.01470340417789635,0.008588874246346544,-0.013274310723810977,-0.009918217365234936,-0.0012294395460836114,0.006543426427137481
-0.0438596255455575,-0.02367159437955447,0.015984625682674006,0.012701818277109068,0.007055392137634927,0.0071164363556208456,0.018587261821356168,0.006503053934745101,0.008385413542423358,0.014009623198447558,-0.01153470009764582,-0.0006299455550600057,0.01583623720796171,0.003487635088463865,0.002665247235690692,0.006013688062659428,0.017973384560257974
-0.011009111900343036,0.004948182099784898,0.0018880459618303817,0.008928579587557144,-0.00044346679301166057,0.0012288698825638185,0.007299477722575219,-0.003715064717480203,0.008315610088578871,0.0072760790059654395,-0.02739723364539511,0.026657121136627226,0.0009560790374014439,-0.006951128986496129,-0.009165802544276923,0.0,0.0
-0.00231901326535088,-0.04066970193937497,-0.02072868771488021,-0.02085962865672149,-0.01730088277661749,-0.01421703956417495,-0.034118365845072995,-0.0016212152913185744,-0.024039421754552467,-0.02378058555097434,0.06103294311397898,-0.04912295503735594,-0.019762177831041138,0.0,-0.009250923423946386,-0.007877496407532934,-0.02028546751569528
0.02835889186461585,0.02648332913091769,0.01667731599892586,0.01463306196624245,0.019230624378662808,0.01628961710331112,0.020318693751307317,0.01461506887542124,0.021754786089665537,0.01812434670830296,-0.03244851898119438,0.04612559733073126,0.015813738302181503,0.0206498420008886,0.019748042057064413,0.01494609778845101,0.01610435624845028
0.03707056269570511,0.012499964823588693,0.011040764589439036,0.009332011420123984,0.0052262979102133756,0.01143437587620358,0.0006128127499072713,0.008482626794890433,0.006862684728840458,0.00979928985273408,-0.0127030903417563,0.004497175124761064,0.01158324323787597,0.003282285732132183,0.0067298672693516135,0.0014268314560063671,0.010566070800010142
-0.026155256928371527,0.012938505885050472,0.010296589307558245,0.002101235216736627,0.007137982568134716,-0.006359057310586919,0.007654611671370273,0.004285112538693894,0.004194294766039953,0.011240425634046982,-0.015440174228664873,0.02133260813485644,0.010356543413143337,-9.762760918769464e-05,-0.003183253486375564,-0.0018841904312223024,0.010642287034439035
-0.012981227433588037,-0.025887404267983062,-0.011735616634473024,-0.010694117347298056,-0.005512286538822478,-0.008837988253680441,-0.010027257791743408,-0.0026864738290828666,-0.016011154731410897,-0.011035600365289049,0.006272945824755262,-0.018222287425516175,-0.0057025797589409614,-0.007178599934282961,-0.004562087174867702,-0.002992699850823141,-0.012192925893495495
-0.010430860030289566,0.018967875554711,-0.0011628472141537785,-0.011445506363719464,-0.02437094869739783,-0.020087986691963287,0.002531879637505769,0.0018774907891672512,0.0007006505764761554,0.0017084814786576393,0.024415520420049137,-0.033269498243535985,-0.012850476882684479,-0.006148177886148071,-0.010815571861169285,-0.0042023751306935345,-0.00093705349248976
0.07103588969973527,0.040710226517604066,0.034938525412445534,0.040031562468051535,0.04704916441138544,0.05982317488387311,0.040872720533286604,0.039936670676843915,0.03359395037246018,0.041740978418338376,-0.07352937266609093,0.0873358740959584,0.04105338490385199,0.024794601102168645,0.016169316204577126,0.013402023454789858,0.03371004108590486
-0.0034233031542996828,0.004417650455419097,0.014902421090875506,0.024304064648648524,0.01593885733026556,0.003393638401534875,0.018895577128287204,0.016153402454000917,0.012553757722180191,0.012681961170314943,-0.02736719404653528,-0.011428931523946485,0.01534421357749837,0.016411349621482413,0.015900209100777857,0.006319210766885512,0.014574407622552578
0.031343930400089766,0.03764681184054736,0.0005994865403423071,-0.005881131812067043,0.005456986680979103,0.0015915190872043742,-0.0002896433051369816,0.001649754592253775,-0.003566585502420094,-0.0019977156500627035,-0.023635339950571762,0.04675111335432422,0.0008394281156606741,0.006700027567475239,-0.0017980694886229906,-0.0007279896825679397,0.00017967534279960748
0.01623649299371183,-0.0018231734019296796,-0.005091245536025839,0.001835994755938097,-0.0009328071391576496,-0.0040719101349584565,0.0037682187004414607,0.00029952754035124856,0.00034090144925006603,-0.003002392356593153,0.016138192575663096,-0.0004030127682268749,-0.004054403214693347,0.0001886357019299017,0.00540309578825939,0.0081966206772249,-0.0035906162529363702
0.009831937333549434,0.016620940658843338,-0.012642917679092916,-0.0008145964117376055,-0.007469496952576253,-0.0028919485370368513,-0.008374242563262474,0.024098218588732345,0.005111691731551449,-0.012276970842698288,0.036301816886616295,-0.02105023231660536,-0.012353533370630094,0.0075509473444069315,0.004030555879896211,0.0013550433518951864,-0.01441445403168286
0.006490959602120425,-0.006916917873209885,-0.0006099042547078656,-0.00529838761918501,-0.0047893234327100204,-0.006200536015209353,-0.010192326965608116,-0.004823276323676051,-0.004746712640169078,-0.004924879536597012,-0.010947021104318992,-0.010133379625757048,-0.0006396755840524467,-0.007400716649404207,-0.006244452591913805,-0.006766002230611157,-0.0020108789467425912
0.033051059958813515,0.03799182444068238,0.007321545332251428,0.003073277116934369,0.00549972366004814,0.014893816523224213,0.0026479145596924923,-0.010427258373449684,0.0047693513806530315,0.007384705716835397,-0.016601914450073342,0.01448179650086922,0.0069693339262744325,0.005945887186597059,0.003590700141288465,0.0005905949133419607,0.009159122516674398
-0.0015606224222253573,-0.004095826868007699,-0.0030284870925940013,-0.007965881395856859,0.001110925650465013,-0.0020823581507942467,-0.004401313983794252,-0.007272361989814771,-0.007628473278119141,-0.0017937114006392983,-0.0005628002270265423,-0.0022150223340076697,-0.003319159940710653,-0.005066371318826496,-0.009391858781224456,-0.012345202250324587,-0.003085888572572995
-0.025009706772453438,-0.011638094867991056,-0.01063175634715511,-0.011735792284499363,-0.005378062590684447,-0.010632020231384409,-0.006778712498408989,0.0004486119213261463,-0.006662156314474966,-0.011718627286406873,0.00394153618857961,0.005426571984651131,-0.010203459107816771,0.0004715855383966951,-0.010112700426546993,-0.007398601523786072,-0.011107167468842988
0.0120241220936806,-0.0007967950360797955,0.009517979082068265,0.00854163711832025,0.0055788769216776005,0.014060545125761423,0.01335334911776531,0.010011795774451672,-0.0008598307114348017,0.003636349781427465,-0.002804418487345425,0.0076056413058174,0.00923449412567363,0.007728412347858852,0.0012313294951670495,0.007407427797666445,0.0093905858253137
-0.03287136836542732,-0.0007530784487365152,-0.036800547280559114,-0.04751065778911978,-0.03917721599000463,-0.0312963882525438,-0.043338544918776624,-0.04083434166816125,-0.03907063171624504,-0.046235221170720486,0.043307052902110496,-0.08059417730427633,-0.03830299340390294,-0.0287130381625474,-0.030200763227481883,-0.02987117842891407,-0.03885443410929965
-0.00819008656477063,-0.009088852565855251,-0.0015786384589782413,-0.0039037284899022134,0.007017940476319426,-0.0028626925648094106,0.003367034529050637,-0.0027764501380218983,-0.00017902028516844382,-0.0004953548010583107,0.02210248562124445,0.006091203176836837,0.006047837646104361,-0.009484795538830538,-0.0064822096468306655,-0.0012320105577039743,0.0018980317286169898
0.029314692229446836,0.03131987854733494,0.018552200404238568,0.006749378026923828,0.01234999475346258,0.020198957762186852,0.009638429353019005,0.015869701124976838,0.016039399380202966,0.017541239787056226,-0.02795366691063157,0.030271088592733836,0.004985436851033609,0.014242191037252619,0.01765612217051387,0.013656011629511494,0.01667906242222874
-0.004011228884387734,-0.014750581016769215,-0.0028115533400461107,0.006865086032632356,-0.0074940792192420514,-0.002010147609799092,-0.002425595979106445,-0.00045739291991355125,-0.003005062905442,-0.0015500402719569536,0.002713010078965629,-0.004512479954343563,0.004762206876678387,0.00095876906253021,0.007455665846826844,0.005631228430329001,-0.002437167289245257
0.004430171367419954,0.011908468137208944,-0.015664096700518763,-0.015937787325679305,-0.006834075045609051,-0.020745124360739872,-0.01702139430733315,-0.009914583492835955,-0.01046104337070913,-0.015688784895277662,0.01948053719470449,-0.02698532002692962,-0.015049519995605063,-0.006513365228429795,-0.013182306129719578,-0.0027997283886174763,-0.016538216435468215
-0.022854811347830108,-0.01517817828918698,0.0006365482200334363,-0.00043783605745600413,-0.005958774465091607,-0.0064788633302295005,0.006802831408012385,0.005083934982616329,-0.0014335145696157928,0.003735635310019633,0.007430909363359964,-0.016112132199220117,0.00022230979377293355,-0.009352208030035336,-0.01124921473348842,-0.01801578844831935,0.0007642734098961512
0.02010662359577336,0.01826296524238058,-0.002544471108841088,0.002627621759880161,-0.0009839140446326958,-0.004968419656374282,-0.0027642196617559266,-0.02038614899104729,0.0017943646243213961,-0.004052621128357172,0.006322468580889795,-0.004832204324997032,-0.002743534266770473,0.00681302374974122,-0.0005212296880979512,0.002191924628187389,-0.0026731800488888273
-0.026950882592380508,-0.03499564252941695,0.008928486188520502,0.0041494184958521104,0.0024179090635897712,-0.001144349212572846,0.0009239922546171797,-0.01642941063071033,-0.01665758005746227,0.007224856542745978,-0.006806198315957772,-0.00026953810752566426,0.008179655880295717,-0.01836682693033901,-0.013232870988229364,-0.009557274705013122,0.00842417029311267
-0.03348498025794844,-0.027198659795245075,-0.021491714367023386,-0.027403312014551075,-0.019744386173764887,-0.018329478390716872,-0.01938459596163355,-0.02768053523325301,-0.02732245906231836,-0.02465170167563115,0.036900407052313566,-0.0313006713404512,-0.02153721654230236,-0.013736881248236877,-0.008411396839591969,-0.0028804221439285424,-0.02012531406678061
-0.05645853669830885,-0.05871390260607101,-0.019056881747101084,-0.02012508849380614,-0.01039026408199605,-0.03235738394457156,0.0043926586021281406,0.05186512526808329,-0.00411987808217467,-0.01901939265900657,0.02186064862321868,-0.01977734146671999,-0.017412926462851717,0.07882777260275227,0.05467748123981856,0.06403458932314733,-0.02073238461937988
0.010426178314641836,0.0,0.0013170767241111965,0.016658984584648356,0.0018420265054018231,-0.008113010217278045,0.019369005985906417,0.02177648365450836,0.003196642253841561,0.005600931377280171,-0.007462601216316439,0.004831024925619371,0.002531525020982364,0.033780692400623806,0.01663786326270275,0.019049828127833,-0.0007914269136409025
0.003140437912750744,0.024752596544193317,0.012824651020085405,0.003142371285442881,0.015260389258467209,0.011274388120354284,0.003984081197766279,0.014918418702868015,0.008997305775657662,0.015167005884844797,-0.017543977574614466,0.028563439785144418,0.013391532334589413,0.02032229974395516,0.018987288063287124,0.024599194892693254,0.01425728602376004
-0.014311278460079319,-0.018405822560437785,-0.011688236440356716,-0.014544449217951325,-0.018381240809223882,-0.0123510794083495,-0.02564097090916906,-0.018898982249816555,-0.03120944326572097,-0.019414135101878158,0.025000037295445383,-0.04069297398437964,-0.013667583332558663,-0.006756222727067513,-0.0010648367303905276,-0.0006501562044910676,-0.012690273678834605
0.033575285308294636,0.01678216883340296,0.030552063491606333,0.04541316094816877,0.03745050418526022,0.025564365080118327,0.04667906696956076,0.06207012376403629,0.040460260084560114,0.031935989078844394,-0.07466401102193608,0.07881928357182777,0.03108262772132332,0.042932932143169525,0.02416059306943879,0.02558566532525993,0.0290686496349878
-0.037313408410185066,-0.02904154316305878,0.00031855979613799553,0.0013031397373733835,-0.0027563132017605066,0.003129433642662498,0.002394562471480655,-0.014250765319374085,-0.015296660142552132,0.0025024257513334962,0.011296451082239306,-0.01354930704406131,0.0002227784886534243,-0.018507572303888657,-0.012185707010829487,-0.007822585260007422,0.000192266940876034
-0.019607857748684225,-0.01969090990882829,0.006722142569774928,-0.0036875740840454562,-0.006686902344054599,-0.008713457640672972,0.011360979588367758,0.024583332440452903,0.023947491457296462,0.00498157709602506,-0.006382948256426294,0.009695420692979344,0.007934378464277737,-0.0045308700390698465,-0.003687624276498486,0.0009375279337322297,0.007648793703864008
0.038114540674464785,0.03538145763688233,-0.00573607994011555,-0.0006680861577209858,0.0025227711407316603,0.01061665416187837,-0.004165399973579666,-0.00489964120662237,-0.007955620126615371,-0.007149865418683027,0.0010706586682842397,-0.003458901861928183,-0.006082378173147723,-0.016904986149277948,-0.01564212706964398,-0.012219315144576562,-0.0067231238515628655
0.02121903005021745,0.005958556293942194,0.00737183751163043,0.006994658881435037,0.013457568560168724,0.008253558422517925,0.0,-0.0015931606994803664,0.005967928316764935,0.00736890967725678,-0.026738001360777485,0.021715896393441687,0.006268840692466159,0.009872650802057178,0.00868108372029462,0.013115466553159065,0.00792869415374703
0.009725875017319169,0.016781855820432942,-0.011454009775278787,-0.003256114354339143,-0.0077534938904199905,-0.003015861831941637,-0.009560934520639823,-0.026399664990745742,0.0,-0.009642716654045513,0.02472526772429386,-0.01915522535879271,-0.010457571353058165,-0.004384197927705974,0.0014229563592306866,-0.00042636195442332633,-0.011511792886074543
-0.002627002209930339,-0.0067964075582698565,0.018345609660914627,0.0019599066131537088,0.017783397908908875,0.011992249632619663,-0.001508340987137745,-0.00625763395117052,0.007601022820047563,0.0161156659109445,-0.03002677492401797,0.020064306842185,0.017688360813200812,-0.01012758390996403,-0.0043073784385870215,-0.008959116923778616,0.020574682794261924
0.027216847985062298,0.025904403098750462,-0.0034765356752513763,-0.0045641101390178,0.003971121279438242,0.001708204119984878,-0.009969811347977305,-0.002398763824824855,0.0101197023802285,-0.003221648333382123,-0.017136624591985127,0.02281641536570084,-0.003976779566445198,0.013478735565955014,0.012888500677785452,0.017649685102213458,-0.003803753432866767
0.013247772393796832,0.01176769353870171,0.009197555708473923,-0.0041483633588727175,0.0040431428666601096,0.012362749876271737,0.00823946042602708,0.002254298414570788,0.010382491273873005,0.0132593091122779,-0.006186754247563312,0.007179853659777395,0.010277761992163856,-0.003862560851817913,0.0013209292926738235,0.0015227649674241324,0.011836539590671677
0.014761750188732218,-0.0038613911560773095,0.012884962035686615,0.014689552719138329,0.01584530116024922,0.00705340037571844,0.009987790870971422,0.02054278136080913,0.012258819261197072,0.0135764241433678,-0.03452168387580204,0.03564149123705592,0.011930095057450706,0.015201593124485624,0.010465124347496557,0.010305839579485979,0.011698074864404507
-0.0037406310443855906,0.021744439987253877,0.015513617618279294,0.007346611417498012,0.013874632026785023,0.016830290891240118,0.005693663230975032,0.006905719353799869,0.0053428717788186406,0.011296831466342376,-0.019343578254356047,0.01573250258401577,0.015406020072710032,0.01132811161852438,0.0147955577264083,0.014631927290153024,0.015665769261952914
0.015435988486692488,0.01179729058538836,0.01405420402891672,0.004504723557122739,0.008669604756860618,0.012131200586505148,0.0020856359848834428,-0.010068722570186758,0.009211693640595658,0.010133320716017745,-0.02271364147973752,0.0205710536780068,0.013462273435488656,-0.005235845257766668,0.0077615489953456905,0.009188432706470516,0.015056891769095224
-0.002875883188145612,-0.0018290058296033468,-0.002711792789730712,-0.0036302295460768157,0.006572843372605814,-0.0036566306838261156,-0.01159650255510297,-0.00795991223815524,0.012638158130310507,-0.002606768069693561,-0.004892943127121181,0.01968235934087736,-0.003303372003378573,0.009103065542405395,0.006850774628359317,0.008532977700648139,-0.002532457877510493
-0.004944477730325519,-0.016124511551448402,-0.0012082724838475866,-0.009644294049259615,0.000586026069205235,0.0014272872088823651,-0.008122741715128565,-0.010252622336431108,0.0020800918597725167,-0.0038013850007367358,-0.002458500868488301,0.004186037815615374,-0.0017629670690440136,-0.005557797906464558,-0.002197562385924176,0.0003238760561631078,-0.0016322576841403976
0.04182194895049233,0.04665223465107377,0.0015122400007221773,0.008656091661977764,0.008283217504300049,0.014048640649087294,0.015165354256134937,0.027323353241410518,0.021103598017111827,0.0008745208518824147,-0.023413506288224924,0.022000887379324048,0.0065697998232999285,0.00902829245690881,0.006353397020670317,0.004451657885980986,-0.0012714612450622678
-0.0011923230446120225,0.016459187854569277,-0.0008777578978000713,-0.0090108915464173,-0.014770547280698971,-0.0002008953801937849,-0.010457286423274866,-0.008768128744334799,-0.007623111522347298,-0.002375667627491924,0.021451257574377467,-0.031724403981174355,-0.01172003179451507,-0.024138611264642014,-0.01006948989680946,-0.017186377909254282,0.00014061945053652478
-0.012335809454910113,-0.007439995057365358,-0.0015187639295878533,0.002590887339504676,0.0051558074951116506,-0.002208899299362766,0.009963667507861084,0.0221140941336664,0.0059746301084808474,-0.0048752818781733435,-0.01853011585993181,0.008227625884721661,0.004626997831812529,0.01543363729140519,0.008897272050931661,0.007186934160468916,-0.0021937611338700906
0.009266663127330354,-0.006834038741974993,0.0012168849898664118,-0.001300448812069663,-0.005641937195392839,0.00030190153090936143,-0.0020923727601058787,-0.02278946653143117,-0.002545411960468685,0.00032121428087162165,0.0308369865155444,-0.013488290805925745,0.0011379135621819706,-0.016361796942318547,-0.005274304279940696,-0.001630985715083888,0.0021985843026628093
0.003193624889281621,-0.0038624364251029658,0.0027346955725006425,0.00564231794815416,8.458486051936952e-05,0.0054325028084047785,-0.0071901184852190625,0.012546109618814204,-0.004593358040800567,0.0035326255681921905,-0.013430889044279951,-0.0011788292934225605,0.0027695583401933324,-0.008010311331794391,-0.014168183524378503,-0.012048216815101029,0.002559494357910918
0.008356627978678869,0.012567863656444684,0.003030228199788408,0.017047951572214937,0.00465736109740585,0.0018010781213478153,0.015992684863630858,0.027405288304237708,0.010767408641822351,0.0072006926559707906,0.007425894076860805,0.003304349445847807,0.002833135651983881,0.02550525973177891,0.018932938134957576,0.007854439135703294,0.002917489528048819
0.011444209090678528,0.006162097292034799,0.00422979050685484,0.005940896440349148,0.0032030399114565304,0.008789517376851814,0.0014851674942769984,0.0109250291076234,0.0035508167346832834,0.002700794738013064,-0.01228526108061004,0.007762718053579544,0.004025751658431121,0.015275216966016282,0.007263481709478317,0.009844367187163007,0.003272721628358168
0.004682110368578081,-0.01312336139719361,-0.0021060032667343637,-0.01919422688443321,-0.002268561413535961,0.010693011994439084,-0.01749701441466589,-0.026526306421857097,-0.007919080309352738,0.0007128780246452497,0.013059577373498615,-0.0011669881910702233,-0.0015473685407152956,0.0,0.005366307798811191,0.0029241397035859244,0.0007249693754838293
0.031456281007900634,0.04122317619348924,-0.004823612289388639,-0.005806337763409461,0.000673678707644575,0.003036843316501705,-0.007848199618639973,-0.006631925825365174,0.003057180876154166,-0.003799738238709119,-0.014732897529266166,0.004907636399637282,-0.004650078620583392,-0.01631706086965195,-0.003544606265853379,-0.005548159557802815,-0.004708417780777767
0.0,-0.02281800712580424,0.007270664555595199,-0.0038937291441197923,0.0020197633656884053,0.012598827667095957,-0.0018251796308064703,-0.004789635254881536,-0.0003386742666265391,0.005403627351305635,-0.0031151874954771248,-0.003953401499799493,0.005167232079793413,-0.014261010271883503,0.003222467027177941,-0.0006107946354047575,0.007096047405738856
0.025225913054648462,0.028012552313756427,0.021654137451159315,0.01194348411255657,0.02376743354246848,0.016010855092087627,0.013715214883715241,0.003937405790232849,0.022527080391273525,0.016756209191373987,-0.00937501870800545,0.04996477280817968,0.02175895923598213,0.00476438959396476,0.009386019355065023,0.010594656070047052,0.020776802266814644
-0.0066103997508072795,0.00351732372367635,0.01295259437701801,0.0085838445462961,0.014602200333528163,0.012815686397914723,0.006614721228552244,0.013073973550965186,0.014411231976729687,0.011427293455431413,-0.06246059186376875,0.03224378662185113,0.012956468406609445,0.01857470356307543,0.014671147383581357,0.018750126735808524,0.013628348243541177
-0.015526805210315537,0.0008445799178455338,-0.010462245028659693,-0.009787179621709741,-0.008327913790671005,-0.018370967810618245,-0.01224621079791315,0.0001434571325350141,-0.020085066002652547,-0.01037584978436347,0.014131967252212413,-0.01895720915370102,-0.00986537216999094,0.00064065558990536,-0.0039101480932354354,-0.0021769659044888552,-0.010476726493679093
-0.013518487391631256,-0.013080186527819173,-0.012921947509739008,0.0,0.006114929007950133,0.000859351361134694,-0.03175077049001716,-0.035985929824870484,0.003999400518628532,-0.010639930577069844,0.017916371976657703,0.014273012590049131,-0.0064589892276485155,0.001707191049725568,0.010835985843430866,0.005791404762422017,-0.012705094623416662
0.011800451352264344,0.0047028505669165135,0.00015104147388801738,-0.009669117828588964,-0.0016207449396325815,-0.01822167334420318,-0.007037363231873262,-0.0009921979681562576,-0.005285286232508213,-0.003440536497517371,-0.02477178682874592,-0.0075773104166325204,-0.008506859419223021,-0.016616928703033173,-0.002872132561305881,-0.00772996367936433,-0.0005742058865320901
-0.0173062537619555,-0.014042601662650492,-0.010188933372439576,0.0012301129247197786,-0.011931848475956571,0.004398049351892472,-0.005993677416526367,-0.007597121954514017,-0.004679976013651514,-0.01235149862476155,0.012700541381949846,-0.012478641708955357,-0.0163225099603876,0.01256503890815383,-0.00279914760918955,0.00616058640823175,-0.009911740299910269
-0.009953960227233766,0.012068126285790074,-0.008477041923201449,-0.008259112902701775,-0.002363639147007956,-0.010172153608165736,-0.010472930507467244,-0.010657409579352965,-0.006213193061453372,-0.011543966092289842,0.01320125687465617,-0.0265544429702086,-0.001039271216789168,0.008631885596397116,0.009818188300958777,0.011547675101617135,-0.007826801059830565
0.0525908335582212,0.04164148454246521,0.0036641013984189987,0.011176901963928742,0.006946119873114126,0.013833908074096877,0.013470248452322359,0.00212398580808911,0.01622159019405476,0.0050282722536594575,-0.010423469157857928,0.022050395292972938,0.0031462578297718176,0.0004250826056370713,0.008881753073149364,0.0022350834032804287,0.003852629409413098
0.0018368635896791855,0.011592972372803887,0.0073014814662066075,0.008235753641912782,0.008540810515549386,0.008577103676818711,0.0196202816113463,0.033156823062544735,0.00831397491817922,0.0062137718275893745,-0.01645825137185846,0.02001778163074441,0.008411185570892888,0.0017425503999871806,-0.0076030818171424425,0.004968666639773586,0.006578935756623051
0.007334020002156617,-0.002773349675890318,0.005436551880509116,0.006663848385638897,-0.004967089006025498,-0.0017394507909857056,0.001862013636641771,0.001758446913822048,-0.010224314139146269,0.010666354519624041,-0.0026772962162935226,-0.01831657855636603,0.003746252962074271,-0.024309498117946648,-0.01088709721960329,-0.004944101049823658,0.004720402639563334
-0.0007279775088196256,0.0007361157546841643,-0.007810349872660556,-0.0064063300859822,-0.005073536167476031,0.0011615135191220221,0.008364402457155145,-0.009362269725794006,0.01649447005142152,-0.005792796580262711,0.01879192496357741,0.0006663273470421049,-0.007464770031998997,0.0031305476120514087,-0.004688137169043381,0.0019952807087417128,-0.005782385687805882
-0.01894356724691628,-0.020433184836412648,0.0018165838610950601,0.00257918679326358,-0.00304325175989192,-0.008992427910876242,-0.007066012021144132,-0.0036915253778681033,0.004425524197701686,0.0021550794297227607,0.00790516748092649,-0.011098802661529577,0.0012771722235589836,-0.026007726933364325,-0.018636085148816903,-0.013900318321010694,0.0018175133901302922
0.0014852626422437265,0.017939080379537918,-0.001510948055457063,-0.0062166438893010885,-0.004042692765007131,0.002048972174642451,-0.001547034524163229,-0.012301780944796892,-0.004732255962776631,0.00334510635790565,-0.00522879926023797,-0.0038159403281304532,0.0,-0.018068563224884118,-0.010642653655149005,-0.009027885498249929,0.0014513804407601835
0.014831388329132956,0.02377046960910002,-0.007566585206714222,-0.0047453530845913364,-0.002650684961647009,-0.0010710610984129758,-0.01115593867523649,0.008553491643112638,-0.003935153061647364,-0.018018841144147736,0.008541418975894673,-0.00856243205865542,-0.008786632204847331,0.0018582848356175792,0.004851339788575084,0.007112420826253301,-0.00960159792838931
0.008403272339254133,0.004203421367455651,0.0048794553200681825,0.010836473414724648,0.00988363115783024,0.003996627400110843,0.007521209106970452,0.019193442401725515,0.006255217720301647,0.0028292653869571513,-0.005863230138433461,0.008863500413479112,0.005861913334202762,0.007464375084045619,0.0047858767608834575,0.006149511130719137,0.005487659678536105
-0.004347769242956243,0.001474941952099819,0.00151743154784547,-0.003216038071165784,-0.0018915479074560538,0.006698897403238795,-0.001244171860526153,-0.00014606430142412207,-0.01275976363947919,0.005078222581753204,-0.002621219682484198,-0.0009009772545052438,0.0009241133938924473,-0.0040412535340262545,-0.015626245265236764,-0.013801185909173048,0.00218291579256802
0.02074229779750851,0.019823312647789647,0.002424250055069169,0.007528476932072339,0.0112063700482884,-0.0001928808990445292,0.014637293961310237,0.025259185317253862,0.010936145067515257,0.006335648102154089,-0.02299601590352797,0.02502834747628338,0.009088855570954363,0.011722236430283016,0.0150678236381711,0.005637513199524854,0.0023597443427677573
-0.0017825109040934173,-0.002458968826116175,-0.016721686145564754,-0.027113588876282044,-0.016134352273006615,-0.016976853820512113,-0.007366598501660609,0.009968647287342649,-0.007867495652771948,-0.0255768831184791,0.02824478971444257,-0.03057639817978625,-0.022165874703805447,0.015151469303390846,0.002090695516134957,0.0019483568926743145,-0.017413143687717108
-0.01642850717284018,-0.013577638538785023,0.0027847035784378297,0.004914939164959782,-0.0005797757161616304,-0.0008831956141300066,0.005868363450260629,0.021237389717931654,0.01916949920275188,0.0075625618094730266,0.007848229578519583,0.0049920105770693635,-0.00287869476005147,0.02457488608513558,0.0073098518944023656,0.007110423342478381,0.0011127755255631148
0.02759621635106206,0.01880950496174571,-0.0015427471134489869,0.003503535719931001,0.0133168870758483,9.82014303817262e-05,0.0009261754676689203,-0.004579445488987049,0.0021113846261459346,-0.0022026771241886144,-0.02206355655792988,0.01805131001471268,0.003641356150154154,0.0032599541500422085,0.010949304240543684,0.012431050021092413,-0.003149275711230485
0.016961122591544517,0.021151625841167056,0.01483324336527881,0.0041457304436131,0.00853997759935631,0.023765129983575425,0.00709445191387465,0.00989818008494073,0.004375969266908539,0.010057278554520538,-0.014598604609494853,0.018880521862177986,0.013159905973958693,0.004061669265001583,0.005538626788409768,0.006977045530070441,0.014123762820901515
-0.022585116421978208,-0.014192537119308362,-0.011571245886522594,-0.004345878172112271,-0.008549087837377038,-0.016211014501314847,-0.005206719933676939,-0.010353434069627751,-0.0009681177277705768,-0.009633411196611907,0.022222253907257083,-0.01831268751975512,-0.011418909208271079,0.012348145127184022,0.00962871742034063,0.006038718375752831,-0.012277817266989016
-0.020263149104553718,-0.018287915273472368,-0.015095528733905818,-0.012876463799935341,-0.0074731259688799795,-0.011895571052446279,-0.011699547009573591,0.013251635799580795,-0.00419970854789252,-0.012179141247143309,0.00790516748092649,-0.015767209035657932,-0.013499898264163515,0.01274439170119968,0.00678896726171547,0.011158040470798752,-0.014842447281779775
-0.010885253985643106,-0.0071345278237180156,-0.000938439974718999,-0.006632891530215113,-0.01323838654340783,0.0016775985846047578,0.0040497800480845106,-0.003304034814132029,-0.01070553474112131,0.0034753475476044264,0.0209149993423227,-0.02233749327402801,-0.0019025368991807087,-0.012168655246731679,0.0042546745756215755,0.003044192151229508,0.0007533719909472196
0.0007336970485611232,0.009980060900835832,0.019724575811993918,0.01491217223627462,0.013164498719155556,0.010737792138102234,-0.01582364986552609,-0.04406078912780164,0.00836195183847341,0.02605765458580176,-0.02304739565720081,0.021693815108112184,0.018989540411831804,-0.009880262879500643,-0.00411684128838259,-0.012898291761183657,0.021452837579163803
0.025659715031018084,0.018181941590336682,0.01074592132419023,0.0232455910227651,0.011255417902631194,0.006627722298299856,0.013556094489142495,0.027019312480328333,0.015609768048824878,0.01655541134627545,-0.02555695797650712,0.02304048368547969,0.010649142854048744,0.006794085867929007,0.0085484264486495,0.004611740521416587,0.008842969796536452
0.005003683670163562,0.021739087398302732,0.0015189418015558636,0.0012859443899925589,0.005810666434746482,0.008811030680303948,0.007153905481292471,0.010692023226611651,0.006243978692280685,-0.0011859150760794072,-0.002689967057531966,0.009052656710723774,0.0009967206565777464,0.009700591781614134,0.010624682813464986,0.005738309317797585,0.0001827002139058633
-0.026315869154152644,-0.022036393337428413,0.02638758063049294,0.03959768839128131,0.01708697807308372,0.007774298146206855,0.03242762357661708,0.04064598839163325,0.015592721056079704,0.03197733969474188,-0.021577847965633848,0.03107225561412586,0.026671321530252003,0.02046775798892638,0.0025988787537193675,0.026397901946227462,0.025926538977656326
-0.016435314832812773,-0.013403291560265412,0.0067967676750248255,0.016265118675014126,0.0058400423371967455,0.007523770967150524,0.014059128935338349,-0.004146708683364012,0.016449915783773937,0.015109641910376644,-0.024810565039319145,0.012521331034218193,0.006927652739022934,-0.001227838153278267,0.006715682503426899,0.004298881707038018,0.007118793655353293
0.0037133636187246296,0.020673183969583824,0.004696137719345024,-0.016815297561474644,0.013362043810515187,0.004820837806513789,-0.007964677270398537,-0.007656131097020709,-0.0023119099080720442,0.0030977006714680106,-0.021201384975783208,0.029134300190672556,0.002407905874190169,-0.004221354759303245,0.0041350911618420715,0.006826491091540035,0.005124444095899162
0.031146671302604713,0.018287202395352184,0.006672850183844182,0.00679985681578284,-0.004081436132702841,-0.009783641009125358,0.003865565076862197,0.014076984654495975,0.009114855144580249,0.01323470419160699,-0.01227438294848866,-0.004684312371375324,0.009645926237833695,0.01103015853313875,0.009129666708149542,0.004947828244573886,0.00725502435316094
0.0129635984390208,0.02030750124267177,0.0017517795619343595,-0.0038886377724131845,0.003431257168647082,0.017558835517658036,0.0026659223384932103,0.0055190451819893726,-0.0036742524181759134,-0.000299100840412393,-0.005116934927528882,0.00306940467080838,-0.00013682241321270346,-0.002564536867612817,0.002656372741124385,0.0005470437707374267,0.0003517422585975675
0.03448284775515837,0.02290895431194309,0.0005830060751268925,0.006780465594581421,0.007733023284573255,0.00453086163640728,-0.005908367247104761,-0.02099206034932548,-0.003226844453666945,0.0010471122609704698,-0.008817078567913847,0.010881824368786559,0.0006163645886572836,0.015157601932423834,0.020977482791559025,0.01762858628238341,0.0007031279436928938
0.004810969229175971,-0.002916677292515011,-0.006117227234906418,0.0038775059590923353,0.0003914753035083034,-0.004886387776398287,-0.006240799199933216,0.000955998548489424,0.006012007028310453,-0.010609769820128559,0.0,0.0010111257706970284,-0.004448291081843512,0.022819734609478448,0.023709147645951282,0.02381979349966744,-0.0049182554175732284
0.006497901405972654,0.02453473733269817,0.02579137953231546,0.023581948832385225,0.0180025351445811,0.018035953374059183,0.02362450582276513,0.012825858465366356,0.01409752073485516,0.020540841125514617,-0.02446259915863479,0.030505039575758095,0.02474570144148951,0.006531822059936844,0.016101774514474528,0.011212292940662031,0.024360023611471427
0.014271209113352374,0.02890796322230238,0.011999897676668128,0.021648493553540083,0.002152761577253897,0.011687191336398315,0.02015773358089161,0.005792729742190372,0.01027503730314518,0.01568724387843558,-0.007598595449684202,0.00509704522898465,0.011873000250621737,-0.000195456312805938,0.013567305104016929,0.007276466975828369,0.01171810493269943
-0.05829146058469446,-0.049843866450010495,-0.03867856222953205,-0.048405914653713404,-0.03329745409244124,-0.031172700829150093,-0.0386598128055079,-0.051968895154662215,-0.01974285666769046,-0.03773849738052982,0.05666144083855354,-0.05714837164534925,-0.038979221132150826,-0.027565914058883548,-0.0308762481889873,-0.02751980402571169,-0.038153693672362494
-0.055496355967990255,-0.03405980773736236,-0.05080774758896731,-0.03697654761063219,-0.04277771721926782,-0.05176487326610873,-0.04229967136464177,-0.008194560347344866,-0.03417761196458838,-0.030284675151557392,0.09782613381184437,-0.08005797650694019,-0.04745810908289275,-0.03699234122556574,-0.04699824322469928,-0.04000705331725779,-0.04887549616935336
0.053484048069696935,0.05177616510196506,0.03743825079200856,0.04051767728391162,0.03067732270538775,0.0322355381017717,0.04510108247248727,0.02535631304997944,0.045813601380902964,0.037164185327126856,-0.06996699419573295,0.05554306471352068,0.035556614418491984,0.010187798422824405,0.033585887505304425,0.014149470548915662,0.035189003248261484
0.008938118440982641,0.005210305505802593,-0.024753893533363613,-0.017125498913677994,-0.009411917102762296,-0.016822989624567672,-0.024702466502061503,-0.035843308242956125,0.001963654514625439,-0.02250812752794313,0.029808374937001468,-0.0321687789856616,-0.022167835150022096,0.0019013032707247293,-0.00011223865603835967,-0.0006904326149189997,-0.02248202592853977
-0.028702979118674244,-0.02698834569916376,-0.010091941021378156,-0.008089337630819659,-0.015835596697573378,-0.016422434596996358,-0.01220636459135982,-0.0010087215182706178,-0.010703846243668566,-0.007932274478146545,0.04479654664029193,-0.03830076074821133,-0.010441507845373574,-0.008044522055705224,-0.01776360961255511,-0.014216032719740153,-0.011223512443185408
0.019335994090742825,0.01726670432130337,0.016682260196891417,0.008991908822668962,0.021701362936172683,0.019896004512769398,0.020080600429196342,0.02956869726345906,0.041450665306802234,0.010712515010461715,-0.060026305291691825,0.05516138278486473,0.016983641157486285,0.02724052740701334,0.03978678131605562,0.029911717776623038,0.016002893816069157
-0.02755904416060979,-0.009028516369385585,-0.02582801419327407,-0.016787607648474156,-0.01623324317583638,-0.0145083432288256,-0.00787425804160568,-0.00014006747011941224,-0.010828216216450234,-0.01735788057213792,0.034385943412600144,-0.02451180192763445,-0.02202959129102933,-0.011740929824027715,-0.020102484022585174,-0.017690784878004236,-0.02472521746258344
-0.03901362566310142,-0.03753652126742117,-0.035837062869208125,-0.04173692649839763,-0.05245880439418783,-0.03610863474899728,-0.043040155558698064,-0.027602557003607118,-0.029289832279844476,-0.0401114346052581,0.1017638378458576,-0.07493889424876042,-0.04030539677256957,-0.05176962764272746,-0.05371324958357916,-0.04522056091110207,-0.0395177338021363
0.014170746806235531,0.012607298231884674,0.033561415666197816,0.033516271249092816,0.03549121101009532,0.03581014065957816,0.0322648222110202,0.008213210662655474,0.023811910916196333,0.035069077972231064,-0.0591132114936777,0.03368360133312455,0.03466099252744892,0.0266868751257476,0.01798057567242648,0.022064943339851727,0.034801489922709906
-0.003398783475254165,-0.02243833694651158,-0.0022067396719571536,-0.0002131348326107045,0.0035320347960571975,0.001992546551047386,0.00031024915000776155,0.017721838646040516,-0.007748469408713302,-0.0061601897265236814,-0.03730368564998928,0.006053501000465436,-0.0027916797016673315,-0.018325780715766595,-0.011917699726858045,-0.014853806062897313,-0.003990172702432025
0.01023116206877572,0.01308343101811033,0.003475430943294713,0.0006396498721856916,0.0046090783475786256,0.0012926707862192606,0.006821643197771617,-0.0071619961799647735,0.019071955464266863,-0.0035759229347317226,0.017675035935220813,0.006942868629500669,0.0027994949950198482,0.01570667532617621,0.018976110088863032,0.01150780021164534,0.003243071838022043
-0.009752410544251062,-0.024280655377988392,-0.039357546911541405,-0.01385047559624961,-0.043126441313889985,-0.029096342573259742,-0.002771873016885581,-0.007072131566607853,-0.000589442900771238,-0.02886992606420422,0.08617240988202854,-0.06550218735090266,-0.03585073494445056,0.0071826991080513,0.0016966105051028988,-0.011001357857372676,-0.03993150920572672
-0.006060659384378257,-0.007701554719303122,0.004260738443467607,0.017934342458690872,0.0034871275731366475,0.008591636429082427,0.022544936791101537,0.013247880008509638,0.0011795810972463426,0.018231057548750058,-0.005535028922451586,-0.0307426801611018,0.005257399209754023,0.000880973191040907,-0.001539725402263454,0.003264970174651595,0.005545644574004508
-0.019817094643811387,-0.01989079752320275,-0.01958212453015915,-0.03714702430985668,-0.01572416447264411,-0.0187608132063298,-0.02476597998198155,-0.018979285021668617,-0.005154531481730574,-0.02992178609968396,0.055658484563943074,-0.025627953379970998,-0.01985897315767919,-0.015340081487937881,-0.007979986173766315,-0.005335651404006352,-0.021272475743678656
0.002332914162156197,0.007878927944619737,-0.002663226939198003,0.011904774792622669,0.0044130739511385846,0.0006200637319861588,0.010839248845055787,0.020206402008232226,0.014211579569475082,0.001163961965905491,-0.030462717153850963,0.01770829325448663,-0.0014692911004939096,0.007534172832312121,0.010880982626315691,0.012592684739806851,-0.0030186290159214067
-0.031031844862164693,-0.03276997187420106,0.001335134987748169,-0.008278988227079414,0.002724057055631005,-0.003718204470810303,-0.003063635894497247,0.01601352419876427,0.01065545831975537,-0.00697558428855851,-0.0006042876582272317,-0.0007677290942171014,0.0006971557894105834,0.01009713437981613,-0.009187654392355141,0.0030056200864059324,0.0
0.014811858737048291,0.001918560247423311,0.005333419116526121,0.0026362120030645588,0.007361361357224058,0.0062201778523040185,-0.0030731746622800807,0.033734147394050444,-0.006065919609379245,0.008613552764535484,-0.022974499173974112,0.014596743912272366,0.00688793448425666,0.008825143199866764,0.003724640740760068,0.00202283123941858,0.006863130910042992
0.0015779231626157305,-0.0010185709788578148,-0.003647264677709968,-0.00964059115485949,0.0006959443886685951,-0.006593881084769999,-0.0018497071271124672,0.0159155149591557,0.008427806944387077,-0.008954546033364926,0.00990094253244342,0.0017667150617813637,-0.003535765908945547,0.002072989552131017,0.004638621881222549,-0.002616800089730527,-0.004410599675820205
0.009452464359252495,-0.0008156707154816433,0.02462569391708537,0.01880534734032874,0.029296721143059982,0.012653069003467179,0.010809184674572135,0.020405465715307537,0.021181533332671327,0.021166200301198618,-0.05147071406828997,0.057949118939274825,0.023063908462586297,0.024410498114016937,0.011927599618273155,0.015367400954643569,0.023560217186580003
-0.010534426227828691,-0.0281632735748061,0.013640759842270206,0.0254072081529208,0.019679018226864547,0.013723898711819343,0.021692641501154915,0.027093369975695697,0.011429443009073224,0.021219070999662845,-0.0490955104608928,0.034055760026758766,0.021337520206230327,-0.01163181209528956,0.009505675917664104,0.0029899110525861963,0.01396816974278737
-0.016955865044084584,-0.015539662996434719,0.009015932629839131,0.01122400015876377,-0.012590051090021877,-0.00990103991293454,0.00986846781206327,0.011807562750753488,-0.00697549465389034,0.010700029021700874,0.026494508494033724,-0.023721807770417228,0.002952920483430039,-0.012340555563375244,-0.0022598896758236533,-0.014905473521588044,0.00950248956215645
-0.022864058203633974,-0.024957268841295836,-0.0015994327822497704,-0.00967595071333124,-0.007885354931708824,0.013723082177102231,-0.012593829266925174,-0.0065798108455620815,-0.0032359223223162505,-0.00223501393355845,0.0029617978391808467,0.012895934400811215,-0.0117032430673013,-0.0250310374131536,-0.02113992508113962,-0.024882348146026058,-0.0019368773486960254
0.022167476146051482,0.015179426879093056,0.014097988523660229,0.016981542635811222,0.017027760795664218,0.014895033048795471,0.014741236217952428,0.03886524962901678,0.01609706826194709,0.015919995915312544,-0.02509907485778632,0.013535719570333246,0.024026323261500098,0.017281288812267884,0.01707493041972099,0.008696747621710263,0.013390256385748329
0.005622539672470907,0.006304421173633972,0.007898911079078811,-0.005426820158531626,0.007703813998792484,0.00301564270641532,-0.007411858000448666,-0.017562803391113782,0.0,0.004409828217243624,0.012195136099367641,0.0069075119154449645,0.006679963709671557,0.010033418885241318,0.027366086415427576,0.024015556937774376,0.00995797592018961
-0.015575095818045996,-0.00367264598130949,0.00250785896979065,-0.016789096497387582,0.000997256021259834,0.009621124425829677,-0.0005973534708073603,-0.003305998496498856,-0.001667598964241513,-0.007604861406029159,-0.022088389967637644,0.001143396419354049,0.0017501443686026232,0.010389070426737649,-0.001627840939118383,0.009678860097524849,0.00227524578083335
