CARZ,CROP,DPK,DZK,EFO,EFU,FDTS,FLM,FTAG,FTRI,HGI,IDMO,IPO,PAGG,PEX,SOIL
-0.0015051222857492305,0.005597050849050695,-0.012937831874832634,0.0016043332864724596,-0.0025463758739028047,-0.007864264552713315,0.008526329990556199,0.005782649133384481,0.038205814735253515,0.035714515220501224,0.0021188587870025585,0.010144152799017382,-0.003395570959819825,0.030026958307075587,0.0061184216091137176,0.02606434886677701
-0.0401910199907642,-0.018181894830802767,0.12116376492802933,-0.10771493856550918,-0.07702462526806271,0.07827596605035629,-0.021400299096270205,-0.029513154360401445,-0.027999939538608003,-0.06631314809514961,-0.02959795200257283,-0.017816854438330098,-0.02129459265971829,-0.023255817314771488,-0.01576559773920916,-0.03725677465253733
0.008113283562649613,-0.007180696429880595,-0.010835509737075923,-0.0005984007305496105,0.010968091651370394,-0.004824228166602349,-0.013768674358358528,0.009280907717771762,0.02716060811000243,-0.00047365538996069033,0.0190628056920123,0.0003298820808190495,-0.002175687674410229,-0.008048219025321803,0.004576598870126347,0.011433703045808137
0.028556716215618345,0.011039239640393385,-0.0709137866302112,0.07843152694825506,0.047452756655383066,-0.04824569887084213,-0.013961138983114586,0.014283045477503347,-0.016827085002045897,0.03315957738990908,0.006413628067992671,-0.032970627630987986,-0.03284694216337843,0.030310361453116313,-0.004100292431235574,0.012173979427122764
0.01850566069294276,0.0030119877448054238,-0.02513189254264977,0.02498248131793358,0.02179594530133098,-0.014795060033199834,0.03787604282120547,0.01925672438767646,0.042377350742146484,0.013435661238560636,0.02358945893309601,0.06068864232776696,-0.024808483587707462,-0.006285051712842678,0.007520583828584312,-0.0034364721869031326
-0.027523265476554124,-0.003002942917539445,0.04678548880553892,-0.05240331336050631,-0.037285105401992716,0.025603163795156945,-0.028969869511009508,-0.027641092588873352,-0.01019604497695317,0.007727213814262375,-0.0031414865843865125,-0.03310845847880632,-0.03561511480822861,-0.004660642208287826,-0.0068649581220053685,-0.011206805360258731
0.02141797634215257,0.014307281596907638,-0.05564003309801526,0.056158811187543206,0.024995408286519867,-0.03312527846962526,0.016850823541652345,0.014018936425862959,0.025356465657306662,0.0072168834523915325,0.012604861828150736,0.011635791891237958,0.03453258129726215,0.02240815261643373,-0.0057603491312249325,0.02092403799793409
-0.01847236613746728,-0.0029696598946025443,0.0038635294640245506,-0.007847459149527522,0.0095577644181453,0.00273084027119308,0.006519807680406147,0.002111949233597416,-0.03245738701906794,0.011195737600639204,-0.010373615123057308,-0.004272020804954763,-0.02086267702893855,-0.00785095955496219,0.005793722998465703,-0.010247693744006848
0.006612322097980825,-0.0033506106338551038,-0.03656186498406786,0.04391094727718254,0.02742880124141492,-0.028967478296192912,0.006207901321057104,0.011304877802507484,0.024760405456520647,0.00221443935069395,0.008910057684443381,0.012871084257842398,0.015151767503356688,0.01055051524849226,0.013594514470469924,0.019844622828760358
-0.03132898614771744,-0.008965158570042353,0.005326184657455382,-0.005486578177329563,-0.006630954530323903,0.003569575846290728,-0.016630873965293273,-0.015915205000931288,0.0007791764558999163,-0.01811781398124428,-0.0005191627892087113,-0.006516624846266951,-0.04104468501572104,0.0006527592717057737,0.01273019396133736,-0.006768091475707632
0.004173244627952667,0.0015075765446896322,-0.013907309145569834,0.006305208772724682,0.0013869630942045974,-0.005335331691468035,-0.020458432773796158,-0.014632077732376219,0.014018782907938593,0.02970307857350325,0.008315600583848868,0.0006557956758065183,0.012159489398733004,0.014020210063931313,-0.022446900524146062,0.007666249986612221
0.02545423799635977,0.00940912896791584,-0.015446613275277353,0.015402602849011869,0.01116796402508082,-0.008173688359281783,0.019771985834188655,0.006838444460868962,0.009984753841421454,0.024475755713950442,0.008763086642902068,0.01802690693369866,0.01922137988435425,-0.0077170594721048535,-0.010102965451132359,0.005917001409831026
0.020263484261757062,0.008948524427793132,-0.025579733851870026,0.029052641400725675,0.01943478458491797,-0.02240548928724473,0.022665180959092483,0.028138964993407244,-0.015969671769508732,-0.01023887349404478,0.008686719815559595,0.009980712070658641,0.006129118346389268,-0.002268294518103227,0.026443707173714324,-0.012605070557111471
0.019364468506208026,0.008499685480952413,-0.036051822764813175,0.033603779209924765,0.022339898939430138,-0.01844043551108286,0.010947781545234521,0.022272513377651404,0.016228841034021592,0.009051434132102795,0.0030395155025857226,0.025820758844494692,0.023430490009599018,0.003247711524604793,-0.006327570740942656,0.010212808485548407
-0.018265727461011988,-0.001465747775514168,0.01851845866388192,-0.021150452733631083,-0.013636694107342407,0.0059044960191412385,-0.0052827042434363605,-0.010154982014210005,0.009885786046916305,-0.01452349978284715,0.005050707583872272,-0.009011849039770996,0.013278227455225259,-0.009064367052242155,0.013190813133088956,-0.010951985517910571
0.022079082826148674,0.005504544615906756,-0.032798548378674686,0.033707892823123566,0.021237611626895896,-0.01787615682869469,0.02044621490204597,0.006528476274932559,0.0256025021267044,0.0398785235470666,0.004019844038316971,-0.0009406126095990856,0.018978635550049992,0.011760836291818543,0.0,0.023850215505700045
-0.008252568649568186,-0.010218966731179705,0.029119064104810282,-0.022814099434909942,-0.023813344846176476,0.013583348297631687,-0.011449318447356,-0.02575963365407149,-0.021292190182927117,-0.002917854731350725,-0.0075074827488399954,-0.010043860993493716,0.011410001852039293,0.006237092474090135,0.014590131158665203,-0.0024959203009113124
0.0265513432345599,0.023598815901257997,-0.045845267950164366,0.043759841335410686,0.03291552126478196,-0.02841066861409275,0.02290377051198184,0.017287923982055562,0.02457830086079645,0.07143756983801586,0.024624161993928896,0.024413411208342773,0.010535728129636268,0.006464098939517425,0.020320030343651558,-0.0008340863800004959
-0.019258488950462217,-0.0057637260181502906,0.07620118874413384,-0.07705825932978072,-0.05135882686200618,0.05627579210248723,-0.01635548946064647,-0.03377365761321557,-0.0058864280985080645,0.007839953265516649,-0.01885807837861115,-0.03837828757845158,-0.037793462081775864,-0.02087342003603137,-0.021491063218665608,-0.028380548814309788
0.003190859868242998,0.006521743061181619,-0.019532635068458416,0.0189062183750986,0.008014385608281462,-0.0164533295726901,-0.003958596211186135,0.016598328434954283,0.00444096248020897,-0.02217030912034312,0.0010113790096022814,0.0064372078986293995,-0.0036115935720204225,0.00721547710807107,-0.007395973320064709,0.009450057391882512
-0.007340469833614765,0.007559406145327109,-0.0032016593039969764,-0.0006226491667019171,0.015224501408086375,-0.0015932301574338426,0.012718644360830285,0.015174737602407859,0.045689228598720016,0.038583979058185065,0.0035371705486203506,0.0012790162865435064,0.014499303015944116,-0.004233080915879908,0.008805793967504772,0.004255519998670032
-0.022676736330099825,-0.02786704855173089,0.07637398243261409,-0.07912773474363215,-0.05790225174672092,0.05239368824327777,-0.02407137405218236,-0.039356620075524616,-0.043692932229918865,-0.03600144134648835,-0.02165164599863837,-0.02587017095593367,-0.01384551425031873,-0.017658526388368515,-0.039615126580210616,-0.033898566319496864
-0.008574952116456806,-0.00624770425501425,0.043766554941528334,-0.03897167612770098,-0.042801412428958366,0.025777071123485,-0.017962326812927604,-0.022454481141814774,-0.0014736669710172054,-0.035359438978869034,-0.0041173974225468535,-0.01377067107410039,-0.0013586411554719585,0.003994411606632088,-0.0153809372987182,0.0026317624299663773
0.0022893954978066944,0.01775147580462631,-0.03526040132195021,0.0391440394120147,0.03538425518583733,-0.02512931108437879,0.019383014742761183,0.02780588630196577,0.005166069593226065,-0.007001817743976275,0.007752083943495037,-0.0019944973204219867,0.01995474274396133,0.014920574770733197,0.017751259229539525,0.012248534937555051
0.007106510451991847,-0.004360493212309797,-0.020085639478531918,0.01178856813719175,0.017132148010355317,-0.012635911667683632,0.013390564431927343,0.0015682382421362436,-0.022026547631721145,0.001659146028549256,0.008205052480585224,0.028314594271240168,0.023121288433934267,-0.009800768716274931,0.032558335325470936,0.0069143320680313545
-0.00025199923664642173,-0.012408761924410969,-0.012768861997756007,0.008035412680534277,-0.0014036163896865774,-0.006910639978408549,0.003435548080643073,0.01624594098128817,-0.0022520362018051787,-0.01697746079705284,0.00457783713007437,-0.007774751014939089,0.021295092193624486,0.0036292174423946007,-0.015765821729343613,-0.006008519915683518
0.011091863550909886,-0.002586821559695072,-0.009189924251965105,0.01594260982626468,0.013177515208730787,-0.009536162823784586,-0.005530896099647071,-0.002503801482229199,-0.02558333769263799,0.0037914210485491405,0.004556797513056618,-0.012079689865266668,0.002978736466903574,0.0,0.004576456966062232,-0.004317895533453325
-0.011468724423286409,-0.01926640124335256,0.040535947221857264,-0.0440695079570089,-0.016734574112492913,0.029404166021692362,-0.014565477350873563,-0.024522206217664044,-0.032432417279841794,-0.019303409550035247,-0.02368933614672933,-0.010905540285202108,0.002121387763249065,-0.01775161981919274,-0.026195800067305628,-0.020815253126786448
-0.009836204783584672,-0.007933520756812662,0.0006602405391431943,-0.0008209270776168107,-0.005731927003868048,0.0007583550260772062,-0.01128731494995041,-0.008907214821126944,-0.035913712520207634,-0.03893904827892601,-0.003613806415137478,-0.0023387475217890984,-0.002116897003849041,-0.0006693669435771996,-0.013333215160453387,0.0008857018075596459
-0.014518206064299778,-0.003808057317006325,0.05047839610306962,-0.05585978964282348,-0.05490018036315634,0.035615017870420464,-0.006251767355665868,-0.008588022739208542,-0.05380791494036972,-0.04541404022529416,-0.03367895982852411,-0.025451936882926025,-0.02459664062814568,-0.01641444051921924,-0.02560456824145832,-0.02123882762418626
-0.04028395805982627,-0.02255358119380553,0.10584173158102544,-0.09440250534098324,-0.05855861459973195,0.0665854063099015,-0.029818509953133288,-0.05098264765909175,-0.05074369268083667,-0.04833670562656785,-0.019979441176077736,-0.039862560697233686,-0.00043499459885061733,-0.02768291895752885,-0.01815785429001629,-0.032549860362259285
-0.042295424185900383,-0.021509514145385975,0.1087759384520132,-0.1128902815298504,-0.06399523253426782,0.07271889728955297,-0.04967509020387678,-0.053012643111378134,0.002765003151850271,-0.03316828068551824,-0.03754837294199191,-0.0501073907159796,-0.05354838169803165,-0.028822566103928755,-0.028264138055671375,-0.02990642222934765
-0.00759485849423467,-0.0063949253435922355,-0.01946720355788377,0.010830400906168842,-0.01022365767871468,-0.011724499336946123,-0.004752063088081867,-0.0022480315959855822,0.011948467703449529,0.015361030324320938,0.002295019318355858,-0.005275041838619869,0.006439909132327247,-0.006514602730472752,0.000257473605809049,0.003853508072422907
0.01927418673109595,0.05430411383489756,-0.07445144604926167,0.078035533373535,0.06617173816358707,-0.050474562160368976,0.03043888796202457,0.027714812414696716,0.0018166052073971656,0.005042685163493018,0.017172398765203146,0.031060572965023837,0.04204773851807903,0.04153005498954737,0.03448292237115252,0.029750503421325774
0.033092575113507106,0.023273589030942468,-0.08015807516949895,0.08514158916415253,0.053587655032917986,-0.05588366245860061,-0.0075298702802086654,0.002850521635282592,-0.02538539917624584,-0.0105371856574891,0.01631943063255711,0.03563567225504595,0.008333152192710962,0.02483380372888851,0.02039801106287713,0.008387758499266337
-0.008344364007329153,-0.030201378816261837,0.05431121923240205,-0.05709037263047021,-0.024137945928388947,0.0368142587638647,-0.030347266626161964,-0.002404946334391832,0.012093099140477195,-0.015212507282006144,-0.007751684562188123,-0.0241221277601626,0.02305336134237274,-0.0034127679418275627,-0.004388276157023668,0.0
0.01845801147463299,0.02998857897917385,-0.028230543600716425,0.027683299482168654,-0.0070670158185935405,-0.018333798984454325,0.003912388919108836,-0.013368344137664441,-0.009191224503584743,0.020082348954394192,0.00613851553613962,0.0069064914490159475,0.012330032887833069,0.013013721504684314,0.003427984272873449,0.024029585218015747
0.008795304751262395,0.002239655948767943,-0.02545676286410613,0.01858855941031827,0.01937524709800261,-0.015839180775041643,-0.008393517357374342,0.008218547629173277,0.030612144008349218,0.02423029628204794,0.008319192439284353,0.010830284452696888,0.0016800221152003226,0.02636893872170466,0.010248935488811109,0.015342912187576713
0.023778198612112916,-0.018249650642980248,-0.012292595269268543,0.008351210835866544,0.025698310667659128,-0.006005333161833216,0.011789729681534451,-0.012337536233822626,-0.031502977614688635,-0.0443570716358903,-0.018151924476023627,0.017500072101916224,-0.002515675870888487,-0.014492654422683134,0.008695500777533149,-0.033777732183738224
0.012129111028409408,-0.01783000003182156,0.0037337034630930063,-0.0016870107203221048,-0.2425074445508434,-0.0002417072842580067,-0.019719294167094583,-0.005353619738954056,-0.02137552863318436,-0.02320794373426872,-0.012324983807724,-0.011582991222245395,-0.018074982187714528,-0.006684458705857661,-0.021312065784770032,-0.005519853035268496
-0.04768001907267677,-0.01042872208946854,0.15003096161421434,-0.13442917336743618,0.18659514255594534,0.0976553042761192,-0.04084121267568565,-0.028257270574612674,-0.07882251804507846,-0.0718056278549878,-0.053885315609131804,-0.03160503840899489,-0.02268822042788928,-0.036002788152826905,-0.029606203955152895,-0.04255314066706423
0.006158320797800959,-0.0011709262651322801,-0.069811306145013,0.06620507668130116,0.036078593022841186,-0.04888790574780631,0.022878937727315102,0.04384933421207519,0.04742267852813325,0.04038706826302934,0.03117529584946792,0.0040336211933411845,0.00919849991453208,0.02164044282153541,0.034291745313201984,0.03285013925920841
0.008248796118778736,-0.00586170216826974,-0.02607935610002026,0.02180796824747219,-0.2016243476042224,-0.013660561270200045,0.0018641250630521988,0.0006633373664062584,-0.025590589047458347,-0.010935117459776465,-0.001163023175088559,0.01022641507302411,0.030904699776345468,0.015863577148769417,-0.027791467216026558,0.012161009637797376
-0.02083480490525581,-0.020833258553548287,0.08449879900135272,-0.07722393773646964,0.2225330304873664,0.0535212402950598,0.0031935856217117017,-0.00029309138205946657,0.00752226684362494,0.02295836346275474,-0.0066647014098672646,-0.02277663166667831,-0.02195446591312531,-0.017555882616629583,0.02038229216387945,-0.034196028008922484
0.002709830964517909,0.028303601064770024,0.04444429459021517,-0.0459038749224899,-0.1854586647543479,0.028965958202370825,-0.002812600363446225,-0.02968526382880377,0.06438653933954519,-0.024004512813152516,-0.010650630773561152,-0.04291518483361488,0.015404968160933926,0.015120504196132376,-0.006086809201515924,0.061860752634340536
0.0005407071618904683,-0.005158701503981807,-0.05778828942169816,0.05366383720015152,0.20980716801243166,-0.038111653639467086,0.006894468392737797,-0.009589120466573365,-0.050094762753570166,-0.12856333464291614,0.010167296798906149,-0.007344492092115486,-0.032076192486401665,0.00033849093412589517,-0.010972228575479815,-0.0055350932438959855
0.02539178102430617,0.006780891967360285,-0.026484691885313532,0.02739739376137852,0.028287974586845486,-0.022962602074458712,-0.007158506892859425,0.004379888433762153,0.011940357168703506,-0.007056014182145415,0.014209725483930624,0.034657500114858665,0.025526030811242054,0.007444937487387114,0.009287959632913543,0.02040823593421968
-0.013698754478030824,0.024564339346647285,0.0005729319088718695,-0.008547036019380606,0.0008211929497009742,0.004377879603617277,0.007210120590807066,-0.010557855756100696,-0.0393313646907754,-0.01937980450837415,-0.012259131672329645,0.004892728391458063,-0.031877632391045935,-0.004366711642059438,0.008946873506917372,-0.0036363219429079523
0.026442413140626942,0.008120725239141756,-0.06439603191527493,0.053275830702976736,0.03835886921164708,-0.040146848866349664,0.007469720083148294,0.023660632986393468,0.04810659744208347,0.08629773251381961,0.023049525994188087,0.029962569440912974,0.049616627868965806,0.016531661619164254,0.02888281194793298,0.020985260035005053
0.030444669185543127,0.01534325925123951,-0.06546356383822237,0.06400386084748376,0.01491512527621429,-0.04397700161113443,0.011430211661341809,0.016768523057288934,0.038085906369346695,0.052152923298830776,0.0167533257820006,0.027636170989950262,0.031370939118125774,0.020577526240286668,0.002708737366805357,0.033065350943305906
0.028283340810143668,0.015111480033405128,-0.06284777078214711,0.06415395327530413,0.0637470862305479,-0.03874995678694356,0.002443351264360306,0.041230310131224884,0.00376290675950044,0.012680294291823544,0.011931692197370386,0.01627739786015807,0.012083192111894292,0.001300826098204108,0.012279024547840463,0.02162633393447342
-0.005894068787981561,0.003721523751868864,0.006636471924772601,-0.0015904224552963412,0.025892003733500996,0.0,0.007617547228175753,-0.004922847208750606,-0.007497758442961636,0.019920053966898416,-0.0011227864062035829,0.010793981126572795,-0.007822252008368544,-0.01039312420112764,0.0019407666667902168,0.011007493906754784
-0.012104469987400043,-0.017426712021697616,0.057598788483064135,-0.05907898955495295,-0.05466874464255896,0.03875144717460369,-0.0006049296193543213,-0.007743899837905195,-0.06893289250974745,-0.05970959688400278,-0.033726899393966635,-0.011367530845245579,-0.007053707065837681,-0.037085540570086964,-0.010653781160905476,-0.03433833476500814
0.007751659440038291,-0.009434027342391451,0.02854334164471362,-0.034164326025364816,-0.005660279221346062,0.027290905051707084,-0.01603616598285949,-0.023628748476411474,-0.06693717454001533,-0.06765600766897832,-0.027923339020268032,-0.012543552719446176,-0.003343176730436861,-0.016019027379105842,-0.012971250731371209,-0.01908053647737592
0.024317473801316623,0.018666761642252575,-0.11674632638939587,0.12173349559157155,0.042030267040259056,-0.08603449263865819,0.0181426330510054,0.024867056439692496,0.06086980019598875,0.045830715218519336,0.03351307040802093,0.07163016472814625,0.03312377017023066,0.0034637258863195373,0.01909257835051776,-0.007073498699694553
-0.020590846616209902,-0.008975345165842145,0.02130719002000022,-0.025141975434234062,-0.01484116401440957,0.018933244940030715,0.012382692452541448,0.008015299461480245,-0.0584017864404425,-0.001826077678041449,-0.015634034566797263,-0.03488574185586258,-0.010534940641079887,-0.0023763831903380024,-0.011192261357305793,-0.013357121950976436
0.0074617411989447045,0.010943334539680594,0.0010607686257139324,0.0018942119763621953,-0.0017559793302213279,-0.007066179546795763,0.016587008608186644,0.0,0.016322093137316102,0.009756199124891876,0.018111037651795968,0.011953548218246469,-0.0024621224593434922,0.012517220313164958,0.0020166000878391608,0.0243683495929222
0.0186775959658458,0.0339679430216007,-0.05051210736035835,0.046393309469436185,0.04814370041522445,-0.03215599992932672,0.030588453467542687,0.05157968394333076,0.03319070157911296,0.02657014925703599,0.02565596436057519,0.01957471954163517,0.023858551233387315,0.015453325867652587,0.02170700156559789,0.026431607387306703
-0.010856387483880427,-0.021299632440772282,0.006324384588542444,-0.011674718650641146,0.01360298420967758,0.007353015123716392,0.0011415014203887788,0.01634983252688455,-0.02383431009286664,0.02647066475622844,0.00852756406391935,0.02813633454722229,-0.008838807536345309,-0.009469094232423966,0.001207178835110626,-0.007725233890677005
0.02121963587320001,0.014754658588641894,-0.059889126604548225,0.06257895988938776,0.041394329576120464,-0.03244122276677055,0.008836947403148256,0.008244398100308135,-0.006369446092854834,0.0681948360098402,0.02367545432925864,0.05763040100143055,0.01783538099835101,0.009900976317174608,-0.010127943738390727,0.01384086130781495
-0.01409121206181719,-0.006543076694663171,0.0015729614666007273,-0.005161520007686037,0.011799141694904414,-0.00949993251144413,0.00508619812263621,0.0005983479922540339,0.021367609138504967,0.07725320331833818,-0.0016521944700282351,-0.031354608065215527,-0.03823191360245472,0.006085240593863821,0.012424179820370095,0.007679186077206945
0.017199718032838526,0.007683935672131361,-0.022771784026709128,0.015032730225169396,-0.005458598395769372,-0.01382214954399082,0.00421696910252501,-0.012158426511985815,0.02719660149185239,-0.008466200052258697,0.011583114520791141,0.013513690200453852,0.010766181879067777,0.024865533564180163,-0.018286871500792303,0.011854224207274472
-0.00833548007117875,0.03122712925270487,-0.03535551621926883,0.033682764992962584,-0.003908566845240348,-0.01744854785838526,0.016517432098171036,0.016545589806281378,0.012219867661044072,0.010045277326357618,0.0010907357431910426,0.013333231589335092,0.005735371801750824,0.01540979919268449,0.02156844501880486,0.003347334017735177
0.00576391878991781,0.0,0.01915851889274838,-0.021300775004742086,-0.0040072777915046605,0.01018924039398503,-0.0011016940321907087,0.006351620497637596,-0.034205210824649016,-0.07110896037411392,-0.024510084910130563,-0.02417378477569508,0.016293221891269243,0.005489313142119117,0.019673738973730304,-0.002501964993345276
-0.0191022892925872,-0.011619617846736685,0.055986948422923316,-0.05894561509136405,-0.0290862981243945,0.03573475947396571,-0.011579923213628794,-0.0248521324542824,-0.0322916349668851,-0.04817976552163288,-0.017308800750110882,-0.038883703695270236,-0.012825655903943549,-0.019267800496633538,-0.010588126928073495,-0.009197309847161715
-0.021421613784620538,-0.0028500763316280336,0.04605272042862308,-0.04542947811971817,-0.036346429711154864,0.036171518122643166,-0.008089110277323158,0.014563263682742056,-0.034445609912977744,0.007873821398254736,-0.014204337764799553,-0.005546627681262168,0.010962201336418568,-0.02521280302478316,-0.0040428568296224906,-0.03375543905550733
0.0027363585878447763,0.002143685523125128,-0.028116930066888424,0.024661099648704728,0.014244829478527671,-0.027121478224240703,0.01321696038747712,-0.007177077866811546,0.0,0.0005580814224681881,0.002881775292130931,0.002624751074973056,-0.003614431242692281,-0.003359220416367767,0.00620838819935052,0.0052402107271783994
-0.008186458592796767,0.013190694393781744,0.003806565921916821,-0.008163346646444988,-0.02702946354201087,0.0011041505885909107,0.01443237083021242,-0.002008124198796525,-0.0011148774696973726,-0.029001555020720562,0.003448193431922398,-0.009489475704345836,0.006045918224265366,0.004381474222659353,-0.0028478495481050717,-0.006950493657037224
0.0040017975036035856,0.008092920924347198,-0.03830109772715725,0.034908606188882155,0.03449843349463772,-0.01681834159735152,-0.015047797788605852,-0.007645665356187781,-0.04575888149228633,-0.011487602576929663,-0.01260005981828074,0.02739589737636948,-0.020833270596573288,0.010920807190096657,-0.0040454900655590475,0.014873354837217696
-0.01313282279203485,-0.015357716930718694,0.07807564944645416,-0.08117371406433171,-0.06722248524700063,0.052720050245725264,0.011826690641136629,-0.015713820676072673,-0.06398948292645874,-0.049971034632539206,-0.006313677803652731,-0.04319588209429738,-0.015957356172461912,-0.002006788613256209,-0.010600756557566074,-0.006034696217822775
-0.029008123636392807,-0.028004281336619783,-0.026700736586587653,0.006715412831648722,0.034810468303757884,-0.02157688136978893,-0.021294191047159697,-0.010587521564359334,-0.07250011005364695,-0.055657489011405284,-0.013545110000239448,0.009843853721904886,-0.002910717144043506,-0.02848520299179431,0.0063586622065516865,-0.024284388330298817
-0.013626755491954485,0.03391688765340279,-0.04659892789927017,0.04565672320794236,0.015092315651645571,-0.029948419257160373,0.010737524011607751,0.002937353935989773,-0.0067384841748566226,-0.0019431640832271969,0.0,-0.017815015454265063,0.02335282370507434,0.018972114639045905,0.02065609717928655,0.023111040227852517
-0.012486334758198872,-0.015520378923675157,0.06464321451122505,-0.06322665521050773,-0.03170628006337195,0.04266084648170323,-0.008107472802173998,-0.012552324185488474,-0.09226597332084954,-0.09214792219289443,-0.03283580474772566,-0.03216987218089225,-0.0134474709150407,-0.038930280389107,-0.0104762456355832,-0.033883477920498326
0.007532628663085144,-0.013256786308726402,-0.041836398028798134,0.04070833198311721,0.016094648335615424,-0.02772558682174772,-0.002254901895918481,0.004025493464117572,-0.016442316407469234,-0.017869896421401396,0.004320862153297,-0.009900895999195232,-0.00702180263719321,-0.003522404447258889,0.0021656300843663537,0.004496350992713121
0.011482126936226343,-0.0018156066309791227,0.011205668680605348,-0.010178881030556171,-0.01656806731952211,0.006921402121100143,-0.009604313172576694,-0.006330338142427081,-0.016717409335649715,-0.013100341998233732,-0.006146272814011649,-0.008214272363591584,-0.0341098108554466,-0.009897618372757351,-0.002401204155382169,-0.013428771135530385
-0.01821557981704662,-0.014914545055760875,0.024455382458022774,-0.02820614250693617,-0.0012032536379079821,0.015947231268956183,0.016257930989397696,0.019112336318295328,0.01391034689816737,-0.00737472748474751,-0.011750214948508574,-0.015484342740378873,-0.009043932904585349,-0.006069265633761288,0.00505411274822345,0.009981835465864735
-0.07959129636904967,-0.056130020612696535,0.2088773769970277,-0.1860923536510373,-0.0930490854146275,0.1374831204862018,-0.07998877685072435,-0.0606376031563403,0.006097653414150346,-0.05349169646595205,-0.06570700906185534,-0.08449162505640244,-0.0634507192401089,-0.0675286459971913,-0.03975076670658317,-0.06828401694012211
0.02775353992730852,0.004694973252179911,-0.03579147250405202,0.021916824136421632,-0.040261630929786636,-0.0233167597676262,-0.002440696733307433,0.02706266308871625,-0.02878795418117745,0.025117814235526743,0.014735546545534668,0.03915292564289965,0.01763364631804155,0.0038520392927205494,0.02244381038501522,-0.0009643091398697566
-0.04007958539312361,-0.05140194462138037,0.13823991719874298,-0.13813155957377046,-0.08965078600140362,0.08672359664824875,-0.03516809962201599,-0.015982533026055717,-0.04368178564811058,-0.05819297117514501,-0.03498371873193604,-0.037293080798930664,-0.04103982058029798,-0.031849494948586916,-0.008536555646783852,-0.01544394473382121
0.0370150145015562,0.016830819335094824,-0.09136909334730853,0.09046812284429988,0.05497079868381787,-0.0461779918039931,0.016481633879704197,0.0028533268731807037,-0.0065252130788392435,0.06829257977246023,0.012996040799611877,0.040734617022046185,0.0033284673845550825,0.01268325447934762,0.0009839546386598802,0.02549022538330605
0.02370077936012249,0.009285501136702404,0.02103966213856676,-0.030555054097374808,-0.0017738162485274153,0.003055156777484333,0.02681643975850936,-0.0008752940717363513,0.018062489096858904,-0.012937519740306064,0.019581418266879508,-0.04297754259899563,0.010900655445937468,-0.019178237600870618,-0.006389621342506509,-0.017208529077420064
-0.06694532519139149,0.006799961926464111,0.0675756845496796,-0.07041696812548749,-0.07907603927085499,0.049437689366437006,-0.03826295896910912,-0.02694436183866649,-0.08387097299275889,-0.1156516781837307,-0.04834449723154026,-0.05141582992894224,-0.058134082445907426,-0.04596294179654867,-0.030422962278948737,-0.06712060316143202
0.028993554701306525,0.023440681043561257,-0.05620222951035829,0.049141771772757005,0.040521044679348125,-0.036615293584288784,0.026553931232341742,-0.010621372109997005,0.0017604880445981355,0.01482068882567334,0.024697505839438742,-0.005944812440735721,0.01991017938338381,0.0054921201264649215,0.002191065512111312,-0.002085367524440472
0.05468304673164599,0.032220396382233354,-0.125413394563384,0.13540593955612046,0.10164573340950768,-0.08760129731258344,0.03636380106376422,0.08993624843454788,0.20210908732416288,0.2351424228290759,0.06584357265250873,0.15079036583488792,0.044412022318588665,0.0613445688976774,0.028519561799535832,0.0647856120546039
0.004688414256952847,0.009778136479685541,-0.013755124453014227,0.009908075913634096,0.020199925125253308,-0.008128038876824426,0.002676099742495868,-0.013160463462867469,-0.017544030598633794,-0.04741983130820344,0.00643503504163768,-0.012249410837965491,0.003270919247727468,0.0035629167669571095,-0.014116393022133312,-0.004906715365735836
0.019764030915141274,0.030540178576986324,-0.0394003176400553,0.03745997519491697,0.02093430099636916,-0.02740079212728545,0.007710577408780445,-0.005715834336600392,-0.05952374285171402,-0.01024884641179526,0.008312150391833511,-0.006388610651400991,0.0027946869487460923,0.016173500721502924,0.03375096418637194,0.004930909937292206
-0.004038092501713672,-0.008312355159618796,0.04646104996262167,-0.0443604186983329,-0.02070706403585929,0.0276461103621292,-0.01118307504819452,-0.0014902853335345574,-0.05537974325600887,-0.04955631024258704,-0.023462420523669158,-0.022692818430714887,-0.0027868984400482087,-0.0232918362402308,-0.0059362665158986345,-0.02355244900955161
0.0010812662258275713,-0.013119574315341574,0.008671461456604267,-0.011155121655606712,0.02362046610113781,0.0081987419350062,-0.00654772130930345,-0.01876327041261952,-0.04522602995442837,-0.034241277320700265,-0.0019481552712958493,0.015866761144994888,0.013973056271407007,-0.0190780277389254,-0.0017416863317356002,-0.0030150408144865646
-0.03212741378277091,-0.0007386254838599174,0.08218708165822708,-0.07933042122713856,-0.09330917075680392,0.05514619194939376,-0.031455968879908286,-0.017601105140115286,-0.10877202999989573,-0.10797738775610947,-0.03188027796430451,-0.02819033501928655,-0.043638057373860506,-0.0247161839290556,-0.017696828305012718,-0.015120904439501297
0.037656749677019145,0.026977210295591376,-0.07944072637339923,0.08122523843656239,0.06401425168624368,-0.05298648905362476,0.014847184847583043,0.022782614307554287,0.04330705793577822,0.028003528780779517,0.024865681606073137,-0.03018424379702535,0.021133862365742752,-0.003739283084854387,0.02588171284714706,0.011258713556401859
-0.0008060473421999244,0.005757472057452928,0.008284376753982884,-0.00987019938445068,-0.007415959461519156,0.006866726866234123,0.01310568834500311,-0.0006487996851973932,-0.033962202924197146,-0.046572723614382194,-0.01377056042367913,0.01253018895603718,0.011288447282740552,0.015012611738703557,0.010388156275932084,-0.013157856761796493
0.0064566491310465565,-0.014669007016377371,-0.007873966394736991,0.004430497698341087,0.010733440709919244,-0.007072456156604458,0.022262251659024283,-0.0023803700271295474,-0.04882804984822249,0.005529848097185772,-0.006648891648821243,-0.023952064610154575,-0.00744181607864453,-0.0053410704621161004,-0.000489368088289654,0.0061540012087533775
-0.04009639898496265,-0.029411750203144894,0.13906123969509174,-0.1264473192241468,-0.06434145514734613,0.09208853374215872,-0.0565037750298715,-0.04078090564877268,-0.10266954059610972,-0.08799277356918057,-0.05421674221082475,-0.0020450167013626626,-0.04311148277149,-0.051218543962288886,-0.05339220234728441,-0.05300719597543201
0.015594484143736553,0.025439514999819852,-0.013632028805141557,0.005470262968235045,-0.03516190402918218,-0.011414027395236628,0.02308143715379649,-0.0029398868303631386,0.016018537179942813,-0.03417093542526526,0.002123016542290331,-0.036475293797132685,0.0014692198272102427,-0.007836200546809651,0.011125493269550585,-0.004305655753661506
0.011790650456036724,0.03210511994402384,-0.07893121889184061,0.08181621432137763,0.0465921359551786,-0.05395849861722517,0.005183324651814323,0.018144701223339343,-0.01801823942990357,0.009365306041870549,0.023305054206807087,0.01871543510239673,0.0289481103145798,0.04350558671170633,-0.05629467674587682,0.022702678733501677
-0.013378849689939352,-0.015553221916855263,0.030676731280365983,-0.03442943875194463,-0.008044155385382055,0.023910379858212347,0.01085210402840033,-0.012316611494922549,-0.032369028470546256,0.012228099343763654,-0.007012870215076307,-0.024217036100312308,-0.0066571964741843955,-0.01904381707118661,0.08302965533678994,-0.04651155780840297
-0.09580344164618444,-0.023877989366847548,0.21708193484905672,-0.18729967685655785,-0.11997333370824388,0.13986870334175736,-0.0407119516082949,-0.06577756929757728,-0.08133986338052586,-0.0832478089879077,-0.06872404504470801,-0.09413784320475428,-0.08999531351350619,-0.06945633318367113,-0.04873409956625835,-0.04659062018247599
-0.03236629502001838,-0.04137153115669195,0.08692180500957035,-0.0936651699572333,-0.06273665602763231,0.058685339890650626,-0.054385333729085085,-0.03605135649789979,-0.03645820251510592,-0.054932567319994886,-0.04743979760626624,-0.014171130384962203,-0.05418184758130299,-0.032452447491859465,-0.05437872384584818,-0.048192752646388864
0.008520049325889997,0.017107243407582857,-0.0750793189301893,0.0641828527254226,-0.03164981259214925,-0.04918371816435302,-0.0006648999178369241,0.0060240892185447256,0.018918848466289544,0.05100839898087995,0.02055357805593986,-0.03929088711131981,0.0077864195687209065,0.010541451815292344,0.012409176514020341,-0.03164555690003396
0.005318982352735261,0.03249235136553035,-0.057906060056561175,0.052389416382538516,0.09763564535219643,-0.029043742613919833,0.023286769125057245,0.04540916954585365,0.01591512434668226,0.05304709704288207,0.025561621116416744,0.033416456336772364,-0.029249487636897768,0.02607847359282926,0.024812984004306968,0.050980426341143886
-0.06349208464611761,0.016290315562385325,0.09037323219570892,-0.09519180385953173,-0.02800312213634821,0.050218304253487465,-0.03446035451985451,-0.017422490428040206,0.007832900586511694,-0.02036419546199604,-0.01812677916188517,-0.009169774602947692,-0.04377496349311395,0.0032348494713550185,-0.029462953985556917,-0.003731315282712919
-0.04885323732433003,-0.0007286185478715332,0.08417005826229976,-0.08212565315660614,-0.11719461524739372,0.0565488302644464,-0.04848498752516447,-0.05319404287958015,-0.025906671717306144,-0.028446329573813756,-0.03000030779016918,-0.021432098911935312,-0.033293600594844486,-0.03961291145673355,-0.05019567454971005,-0.037453297849411635
0.058001326711123465,0.0043747485795579575,-0.09401704270276927,0.0938597157998559,0.09022450686033633,-0.05981904248562836,0.03043207384835548,0.06926635287795248,0.015957284431117134,0.047297194747400385,0.03727214970523706,0.0,0.07626064334922852,0.024940057986066917,0.04968354271442537,0.0518806559299985
0.0013209730464580265,0.01415619103216451,-0.004979013161054793,-0.0008020414221531327,0.002844373678940648,-0.005650873360037954,0.009615219112142274,0.013915389165352062,0.00785362441246544,-0.003225617101579536,0.008409658016417899,0.0537582122887608,0.02171438608532537,0.022461305246513796,0.01055176658112696,0.011097459045107064
0.08278365695109594,0.0418753657842435,-0.12641564302054425,0.13964677507658715,0.122231169590166,-0.08777093213447727,0.040476176230562017,0.044723241971700516,0.06753238953308598,0.0916933670455525,0.06065227396942598,0.10911652747633488,0.04977634420860762,0.0526316041806501,0.034307732482904585,0.04512195956277062
0.0,0.013397491886387674,-0.05788363862092501,0.04812224246613662,0.005897247344623199,-0.0348407704471225,0.02353708373184938,0.0269535116934457,-0.007299322607616126,0.01581035674444506,0.02287336867351039,-0.031516164337570936,0.007991531398574036,0.014782524336405124,0.007499461926312881,0.044340681226590656
0.011879369797373095,0.017966132306746426,-0.00992001189089838,0.00828655431725123,0.01902363848253013,-0.0076500096763140795,0.019482574979692517,0.023820035351304288,0.004901826132677539,0.006809599696807439,0.018169068924247512,0.036059841464455664,0.00105710406175945,0.015852577194471546,0.025765730486045163,0.012290687660207987
-0.021071811558760624,-0.01798209147968942,0.0636715761926357,-0.06263869384663047,-0.052248478473545086,0.04745838645344367,-0.012531380904541329,-0.011632955120173078,0.004878169481522045,-0.04251241498381463,-0.03706242846423808,0.016934758175222633,-0.014003763544281123,-0.036693134303748084,-0.0066981720208694724,-0.030905270949928707
0.005703878900997262,0.005086512524562868,-0.015192844600003044,0.01208514488073575,0.012016848793795791,-0.01609930736136549,0.004680293990883686,0.002397681618947378,-0.004854488464048325,0.006305791097012846,0.019007789204817983,0.025587137558487117,0.04077241425496946,0.0030645243921528674,0.03627972224566243,-0.0045557347838771755
-0.032168920085527075,0.0006747485771114578,-0.0024683989382108394,-0.015452999342329769,-0.02068788852212856,0.002805074651043995,-0.003796233721750664,-0.004131437756371083,-0.017073008888225966,0.008032159984954133,-0.0021170934930938453,0.01431480269929699,-0.00927818865723403,-0.02575300734485288,-0.010348646720097127,-0.027459870260872217
0.03513765083453019,0.006068781422962836,-0.09433963326736107,0.10487518810125164,0.08662500969964626,-0.06713284563884045,0.034931618478012176,0.027292551814555737,0.01736955953250906,0.04183246576452162,0.043139961510432784,0.0024195645447108844,0.03798133879697305,0.017921299529940357,0.012658143169817256,0.02823520533619317
0.03669720334537285,0.005361843689540519,-0.0628414773856702,0.06349558450802376,0.038881777741997366,-0.03973025058895226,0.01043281695470043,0.017215830148079266,0.053658746510984165,0.04588928867114746,0.01762713044190039,0.0,0.01553882642000716,0.05237683323527071,0.008967561040953304,0.04118986594576192
-0.03569338801992949,-0.01599994913941662,0.05357135221270642,-0.05687128532999449,-0.034104749088157804,0.03773101827799515,-0.006377171386448799,-0.00041793086719191805,-0.011574092938294945,0.026508110442050627,0.0006662540070283697,-0.004022540225184675,-0.014313966423616976,0.0,0.0072716330218526816,-0.01758248123764921
-0.0220248859062614,0.006775054595008587,0.0546523830740138,-0.07746769555448077,-0.04195795447566765,0.04162486375864954,-0.01344750761320279,-0.01295979865055602,-0.02341943750672327,-0.06678537491304873,-0.0452730541437787,0.0,-0.02754128371473774,-0.04600596307227384,-0.009358428193418296,-0.04026827917382702
-0.004691859655911857,-0.01043067669540168,0.020990403369022283,-0.0011632226976326374,-0.012205394608729478,0.007944144151151845,0.0058861096711490994,0.0025411926927287267,0.007194547931523141,-0.007633402403772262,-0.00976282522649209,-0.006462040766374525,-0.013388232121822632,-0.01008344013299273,-0.004048305398636036,-0.010489678286348609
-0.005656993963207177,0.007820520671859153,-0.01831026358202628,0.013507355348857756,0.008843102769860717,-0.016479556273935516,-0.003695979442696336,-0.007393282645128413,-0.017142949821583674,-0.002884748725149367,0.0035211379602923865,0.0048779427700232315,0.022964421070689918,0.0124005021050248,-0.008130216989886044,-0.004711348991284704
0.026548887711735608,0.02395404405319684,-0.06871726639602865,0.073988996368388,0.04911139734692529,-0.04929576641063629,0.01174664989360112,0.020216999132075062,0.015019390969492062,0.015429183266627953,0.02526311427765007,0.014967744330599463,0.02346938881013752,0.0349956906159174,0.0505466159537778,0.02248537402217924
0.0012314005461751887,0.012520684545070557,-0.0066760067829161815,0.0023533845203040755,0.002289201911792654,0.01302676535943272,0.007638088520413136,0.0002086167437754244,0.013364996487487905,0.008546974576174749,0.004791163785612046,0.007971288231296213,-0.0009970924702748128,0.013947509112463235,-0.004941652615534043,-0.005787156428168732
-0.023677631018083282,-0.0022779702030762336,0.0767597992639583,-0.08046955252089022,-0.05298621322065385,0.03756947428028402,0.032747575655333185,-0.015849786327212668,0.0018843004124442727,0.01129963902377601,-0.014986335229219059,-0.016212024456961006,-0.021456912697464903,0.015840073296871784,0.0010455312092074588,0.013969751038775884
-0.004724504513526118,-0.026092578119929905,0.033180023060840634,-0.036676089897743694,-0.02508129806186381,0.024787233207192425,-0.0540224775210038,-0.02309805535640809,-0.013634321624591298,-0.02048437902194001,-0.01175651658248748,-0.02371371209922635,-0.030086675497821982,-0.04144441666617977,-0.03368158670130831,-0.0355914532679508
-0.04082287988078817,-0.027796393250203503,0.0464228349855298,-0.11783128421862447,-0.06938782051246292,0.03960169502112836,-0.020794648695393343,-0.044251745599444434,-0.03717819899316888,-0.0304181552833612,-0.023792984330915447,-0.06499347534154029,-0.012074420507618885,-0.010808340261009124,-0.03755723109427516,-0.011904632893546568
0.014114337856435247,0.05890454621082211,-0.12306292030481575,0.12346373847006595,0.08413081095538172,-0.08439785420280424,0.021087963707208203,0.04763826807879682,0.012871314952320582,0.04433538126221035,0.04770804559033608,0.08577779446608519,0.026638059471911897,0.002616777824492345,0.037801597519533,0.008433757218946562
-0.004940734026986955,0.015614817028818853,0.025641165837317976,-0.03987365078191316,-0.023047755639297764,0.019182803544056708,0.0071897305792317625,-0.02466385691910726,-0.007331482055419395,0.0,-0.010351881201267937,-0.015554617561909413,0.011935703578468241,-0.00391487703916645,-0.021387520732420416,-0.005973713233690198
0.06189999818366501,-0.018257561242752497,-0.08783794035636253,0.09951882576501113,0.06023349414736835,-0.059643052606853236,0.029174350567111762,0.05486547684160989,0.012309177642971144,0.034188106795729915,0.036262210105784384,0.012058287092788406,0.021538484856050432,0.03449795606504462,0.02521711361198857,0.04567303288449221
0.010598423352747036,0.0065253739895984285,-0.007037005983905231,-0.0025333302411742844,0.0018936941723937926,-0.005718754773584957,-0.005729865151862557,-0.002568390363219843,0.024805599204918958,0.008264582459925509,-0.0013458641576795313,0.014379523609124369,0.017068344411698244,-0.002110573442439821,0.016671412108344903,-0.003448250270310885
0.02190009740125002,0.011993463093419627,-0.05110031908978183,0.05656878250742669,0.034494960439447955,-0.03346404232849539,0.014558649511801029,0.015879761932318954,0.007593545925924961,-0.039162233968071655,0.0040429602520375895,0.003645316089945125,-0.0004936897684867512,-0.007191276612978395,0.019354702140765824,-0.014994202712058868
-0.0006036385658665879,-0.011851324668401024,0.014937080035899244,-0.017482342950831398,-0.010391680915467858,0.0113605709956089,0.004484396740416669,-0.010561834432330929,-0.008478444220473865,-0.005687180182891898,0.0020133769208276935,0.0,0.010370356745330198,0.0080955706159057,-0.0034282594879744407,0.0035128542926492344
0.01449690459532251,0.01296597198054212,-0.05499612023597705,0.05938613349594351,0.035887392151870895,-0.03985026086205515,0.026785728799423373,0.0,0.02660335684368864,0.015252699990758447,0.0207636761342302,0.008474613304205169,0.014174085621137728,0.006762275103958889,0.010849527735357984,0.028004705780637875
0.0,-0.0032000595943015085,0.0016393609804477394,-0.015326449515304857,0.00033410621697760014,0.0033426768433675435,-0.0008695342166327665,0.020068183677463085,0.0055529670200223065,0.003755677586874905,0.0059055201341717215,-0.006802911961740254,0.0,0.0029386944924233442,0.0039265388128734684,-0.006810511821047076
-0.011014886721753566,0.0012842125720313596,0.021685764552888863,-0.010234629996869894,-0.01703781012005375,0.013603419242025964,-0.017986785204108964,0.004813714234160879,0.01564655389143001,0.0009355370614514586,-0.01435097388096681,-0.008057889634644244,-0.0009638680218832188,-0.007952941823526181,0.006518855721033379,0.004571475300605568
0.02799501867203844,0.0012823341065570676,-0.054064830611550034,0.053209837719320335,0.036139073846152524,-0.035058963175257016,-0.0038405430099795546,-0.015829992647462276,0.001812440789148909,0.0009345581482642683,0.011912657664976815,0.0,0.01736602149546415,0.03459907868543593,0.010362830764812434,0.031854222431164536
-0.010248898646017041,-0.015690001733448432,0.04572391194139757,-0.0437716865881844,-0.02044610734581892,0.028385048672282826,0.014531470092406363,0.015026427633216016,0.005879728710527147,0.010270958829196208,0.01504259618892899,0.013809819973852359,0.005690023513862222,-0.01998368491900448,-0.004358905618347378,-0.017640522108478808
-0.026035359016119496,-0.00260248068413194,0.05101207107363108,-0.0583958544000711,-0.04554071450923797,0.033673823158251105,0.0,-0.030650494068690807,-0.04856127591181897,-0.04528650092987704,-0.043814413039203984,0.0,-0.02310223053879784,-0.04036611412474411,-0.00540816443828545,-0.04040386160675033
0.025212467349700854,0.03685586410834027,-0.0924498962416561,0.09700139262638613,0.08396679970031655,-0.062216336473539524,0.024262104240816082,0.010324878039147087,0.0113421692461679,0.0029039877441066004,0.024932630821612532,0.0022450917531504928,0.02793441327561679,0.02584899967719233,-0.016053995106502857,0.008186907608277746
-0.01606399534964919,0.00566209487684082,-0.0004245276882599813,-0.010147025263833216,-0.021793143548496496,0.0014236103183990069,0.00985061977152034,0.03425764865581371,0.00811244238312492,0.038477267362600064,0.0,-0.004799974970888758,-0.0047015289021848684,-0.015280194015795731,0.02289048064788405,-0.0011600433760687928
0.017835473718555744,-0.01720357949048695,0.0343950761018903,-0.02907942354865829,-0.02084476774785253,0.023599854391738808,-0.02746339612918849,-0.0006189007929438679,0.007899858076205524,-0.010338447940931741,-6.641967642347842e-05,0.0,-0.011809200989610016,-0.0034480958250144625,-0.008110960386975357,-0.002322781279174549
-0.0026728527788694627,-0.005092314190627495,0.04679798465792456,-0.04029313996304325,-0.031763917915350125,0.030277597419476217,-0.010479997402014204,-0.013209287557807193,-0.0050718643044814354,0.0018993541817717726,-0.004645018541655838,0.0,-0.017208415496285472,-0.0038927703052372867,-0.027433376495427028,-0.016298063415860608
0.00744478819436895,0.009916784298414949,-0.027451041526467598,0.020206595403543026,0.024313663939626824,-0.016446409278290806,0.012650553373995456,0.0,0.0060241877464369655,0.007583118716765913,0.011333392876956856,-0.04541792277649978,0.016050672060039326,0.013026400835280632,0.00786555362388906,0.023668630158676183
0.005911874249480209,-0.005068086481975305,0.020564532920754428,-0.025088067193484973,-0.020783685462775738,0.01178728487170828,-0.017141073441935908,-0.0020917903409686626,0.0064488377892677785,0.0338662268279755,-0.013843195907455984,0.0,-0.03063691204692618,0.011144432487602478,0.006189378801461959,-0.004624324706644701
-0.0399648814760629,-0.0006367583668736822,0.06479650599678043,-0.058013505959348614,-0.03897002816721478,0.034408013201671264,-0.004138513785728368,-0.017396642903325325,-0.014645311035435597,-0.0454958554693938,-0.016711199048207625,-0.013473762812925331,-0.02617253569899915,-0.013565063321870798,-0.023000786993788838,-0.0360045850773044
0.008876645781949103,-0.028352915071676345,-0.02523183145129374,0.02276550586884573,0.012913319688070659,-0.009167035552731757,-0.007123784745675104,0.032636352773618524,0.008824807810733555,0.013346176101592956,-0.00543845817191155,0.0,0.03701808899248983,0.002148704919895984,0.02272108361925575,0.03975925048572679
-0.0009099412936059418,0.0009836350507094183,0.04111148952587916,-0.046157593671548584,-0.03038249800315908,0.028284347793793824,-0.02511210874771844,-0.0033050077874460593,-0.0023020786394846245,0.011288707599336869,-0.0006835523299584535,0.0,0.021515994731632182,0.012864498527442191,0.010439091511972571,0.0
0.01913137398177189,0.007861077559117718,-0.02961604768409392,0.03242444847271517,0.02236427909461864,-0.009254479920774845,0.01778602646916445,0.014093245885989047,0.004614732921654937,0.022325493263179636,0.012311913959609191,0.0,0.006223013134273268,0.018628337270459424,0.015629196670410704,0.01042853458023568
-0.0035756623803445842,0.005199853179827708,0.0026374883512710005,-0.0007136110439903909,-0.0018029526235256836,-0.007524659605427522,0.010244014569352318,0.0083792040631096,0.017914543039459836,0.009099271716146952,0.002702729776816956,-0.04225356234808246,-0.02568999061292216,0.008728147681389558,0.0062596831524057645,0.013761486821776029
