,Date,ECON,EMCG,FSTA,FXG,IYK,KXI,PBJ,PSCC,PSL,RHS,SZK,UGE,VDC,WBID,WBIE,WBIL,XLP
0,2013-12-09,-0.0102233061537871,-0.019802242728383376,-0.018809945225012194,-0.019734865313902693,-0.017898366920894675,-0.020204411584202966,-0.02748092455143526,-0.03454520722280199,-0.022015430262494362,-0.01902927443647838,0.039104550394954016,-0.03736652297866892,-0.021063834795604395,,,,-0.0188021566172308
1,2013-12-16,0.0030604063641119167,-0.01333304514924794,0.008998572452535878,0.022433286246661258,0.011723449876696913,0.0031997429666527307,0.023940556050855686,0.011857845566530288,0.015548491142588305,0.015541542210243247,-0.0253613222252639,0.025481979411361416,-0.005926441791937337,,,,0.006624156449242646
2,2013-12-23,0.012585789484036807,0.008189721624045803,0.012536213035194132,0.002759756613204485,0.0037921587664722293,0.024629266745600942,0.009002898990422175,0.02269469674982705,0.011312175991195458,0.009479038505208351,-0.020425310980323238,0.005793900026551458,0.02989578875824049,,,,0.014472439993090799
3,2013-12-30,-0.019498035227080657,-0.017135504134502145,-0.009424271074208065,-0.009003804582974778,-0.0029244209098435517,-0.010942730784757432,-0.007237951607188983,-0.012096647646734411,-0.007716960072680281,-0.00699982602341149,-0.0037130634724799583,0.008733516938981981,-0.009833229884955554,,,,-0.010971025643161703
4,2014-01-06,0.0011610820280170712,0.0008280991255230594,0.0,0.013060569623011163,0.0034935195024513857,-0.003766564277278086,0.008441986926731548,-0.012040882511684451,-0.0004574463848944538,0.0012306883468622774,0.030963153279870828,-0.0035668923346279416,0.00018359202425712468,,,,0.0007078704604911038
5,2014-01-13,-0.01082349780695415,-0.018204171846300597,-0.010097097631872448,-0.013172399146602407,-0.01213215328967109,-0.005198487071570174,-0.01826503269184855,-0.009089004705012624,-0.0203659821387505,0.000893969555771147,-0.001668568842624267,-0.019815902114147348,-0.011400052314905254,,,,-0.007783205291336625
6,2014-01-20,-0.058225893682829925,-0.042983885010930076,-0.014515265104682127,-0.02641321351154728,-0.018795266050358632,-0.013539108075403091,-0.017054126952853653,-0.01500949869881509,-0.013548376999752356,-0.015297004795055306,0.041225800807368845,-0.04225899357730345,-0.015158663562558874,,,,-0.014023968028952614
7,2014-01-27,0.004564212335559368,-0.014971116831457056,-0.017515944459650424,-0.002625316493238546,-0.015672593889893553,-0.023838075847336434,-0.010646635269928224,-0.007618972679137653,-0.009945440243259806,-0.005102658038411496,0.0329052198835929,-0.04017438375597814,-0.01586386997790904,,,,-0.017357696532867933
8,2014-02-03,0.00578294579263476,0.008046124522903058,0.004456939325124789,0.003217257821887405,0.007739654036126957,0.015293454014497915,0.006775687207581209,-0.015141714245456737,0.00023903309497998117,-0.005926487281473679,-0.015281073623335088,0.017026086590647072,0.0034541789764529303,,,,0.004170769554508479
9,2014-02-10,0.03367549529216772,0.02882514779317686,0.02178287951658773,0.027988204309688725,0.018981979119110776,0.01652075081632049,0.035233547210377955,0.029883098435142995,0.031563725344754094,0.02407693494244086,-0.02998421148045161,0.0276227066801366,0.02294901470715048,,,,0.02223286609396859
10,2014-02-17,0.0027811275990158204,-0.0021550208222193205,-0.0035530608602163103,0.021837884316856845,0.0008612610702825252,0.0007170000138289156,0.011089633970039387,-0.002313006947444653,0.012054026091575675,0.008508936471069633,-0.01979372435514426,0.020499435435398825,-0.004393474075010258,,,,-0.005736235370626171
11,2014-02-24,0.013470651052837401,0.006479121594873717,0.014263102462291684,0.008049014820789728,0.014524094889960497,0.013971832221870026,0.011724777719516735,0.01981029791809448,0.021529983503017203,0.014209310363959629,-0.00968205692320289,0.02381306751606311,0.016618253789887873,,,,0.01802890673140584
12,2014-03-03,0.008991385512117199,0.0,0.007812445327596499,0.012940492891860991,0.010286276468000628,0.006830713091649039,0.0119626242742169,0.019838672464478516,0.004932672814234476,0.01204039708675743,-0.03407813650006049,0.014292929362432991,0.0082193745503848,,,,0.007320294522203515
13,2014-03-10,-0.02092206975901465,-0.016308829802360262,-0.0011627781722994104,-0.007610984376763169,-0.012176069698771788,-0.017077893056743856,0.0014776170427250924,0.0034449193706669367,-0.01026316495083847,-0.0017302297523758732,0.020821184415671597,-0.017678888502549023,-0.0021985289247188526,,,,-0.0018755934030288387
14,2014-03-17,0.013454824217451433,0.02225130685518357,-0.0015520568965128126,0.00027419501600962974,0.005100527554226931,0.002261051757192862,0.007746259713250439,0.012520175562669794,0.00495928835363319,0.00010804526547687173,-0.002832676543722111,0.019692498368511616,0.004222978043628545,,,,-0.0018786596872862138
15,2014-03-24,0.033970794303927805,0.03243720190004368,0.0108745471058762,-0.0005477648354386182,-0.0011628113845997808,0.02018510976682737,-0.0065885472830198724,-0.008974952262841632,-0.011454941871714133,0.005303482576667643,0.0,-0.0034531752206590927,0.00539350104328964,,,,0.011000577174276159
16,2014-03-31,0.006797763756551885,0.02622419078189024,0.004640307203286962,0.004356309392459021,0.009069727242358971,0.0015131127705816886,0.0007368245118443753,0.007848828577702461,-0.008861524697479377,0.003569478088481935,-0.028409239010722273,0.0419839788561694,0.003000670790279902,,,,0.004678447196861887
17,2014-04-07,0.01612899433392353,0.008467627237924184,-0.004618874208028371,-0.025437877106280246,-0.013376930933607251,0.0049970621214920925,-0.020618325619725503,-0.014576875971070963,-0.031407607576859974,-0.011424904758829861,0.03654974156626306,-0.03160244289850643,-0.003807352851191758,,,,-0.0046566612530757
18,2014-04-14,0.006275422145146225,-0.00039973250424759857,0.020495113277061713,0.024417599063868672,0.024554212350816774,0.019773483354473674,0.018420931858993017,0.012968878994235787,0.026035380268921153,0.018207714456598984,-0.04795489420960395,0.026874866598991836,0.020929949606711042,,,,0.02058511959089886
19,2014-04-21,-0.028246640969772897,-0.018399878668160542,0.004167974738267368,-0.005753447149142893,-0.0020842753586466146,-0.00022689675720162717,-0.0014765653447053632,-0.010402120906711275,-0.0113033700709774,-0.0012849928175887643,0.00444451308931551,-0.006729764803663972,0.002585008104665089,,,,0.0036668322167467
20,2014-04-28,0.004530092035870997,0.008557249166553602,0.009434260616397712,0.016258045790706326,0.011277249319885064,0.008392923208121737,-0.007024086375959734,0.005053447735093609,0.010266117304121303,0.010507130612589859,-0.023598885509539164,0.025094129699626554,0.009423591962209845,,,,0.009363055011380243
21,2014-05-05,0.007515947699202606,0.010505025315191803,0.0067288993605996075,0.016811138710455153,0.0033041177807476923,0.009335202345519539,-0.013030530511194198,-0.02775522802128228,-0.01570442875817202,0.004986815969853153,-0.0009064619760704749,-0.0015912775503101487,0.006693825896467966,,,,0.007013652788757936
22,2014-05-12,0.02610975407972583,0.007597197678877985,-0.005941402313913129,0.014666580458228618,-0.003293236539341845,0.00869186941348164,0.006412749941936354,-0.0072403714976118395,0.011966164255372084,0.004645179101896156,-0.003326109835681809,-0.011891704031289172,-0.004899432607615766,,,,-0.005167674425172888
23,2014-05-19,-0.00036355807486104753,0.00992053737549362,0.0018677614965259875,0.002628358768954864,0.0066082355614953845,-0.003756068729641013,0.007121456863882949,0.01875385141464911,0.009506240520975014,-0.0009458274921571205,-0.009101959493034602,0.027667534027427783,0.0006156640133933338,,,,0.0
24,2014-05-26,-0.015636403313050298,0.0003928654889107131,0.018269904719997534,0.02935773962411364,0.014770662619232478,0.006764219973321459,0.02977297687742792,0.016976721377936245,0.02181910020218489,0.020406050485337026,-0.033680337161172226,0.028130132819570268,0.018803040428306172,,,,0.01716369827918731
25,2014-06-02,0.01662364189454321,-0.006677100610792535,0.0032956284540247107,0.012732222054524346,0.007480045704744633,0.0016522734884954436,0.006505169255717973,0.00965399609225441,0.01798139667027552,0.0054634989243750156,-0.014892325594701819,0.014325777751826347,0.004571008736551655,,,,0.004218557205219137
26,2014-06-09,0.002543564232020139,0.01265317751321988,-0.011313978691597863,-0.009051922368139256,-0.010935885542168,-0.006048029026459464,-0.020107760669033557,-0.007370405449342423,-0.0050782847855073004,-0.010354799344820989,0.02380188334717519,-0.02419541042023139,-0.010731658808236804,,,,-0.01149696965474346
27,2014-06-16,0.0018122166813906294,-0.010152303102191954,0.012919932689805302,0.02334444656255611,0.01795483721543928,0.016594880658735146,0.017588930185757908,0.013044269040989027,0.01753206874290892,0.015124841751717265,-0.03707195979314357,0.042116681055548125,0.01831146670400876,,,,0.01140700306132551
28,2014-06-23,0.0036179525834120155,-0.0023668004835134706,-0.005931048492515195,-0.01239779214440808,-0.01056298653161014,-0.023288773420659686,0.001797109723264312,-0.005967743273619258,0.006881457377302453,-0.0053204547630988286,0.021859702219293856,-0.02345174366362886,-0.012016349143479889,,,,-0.005609456630853068
29,2014-06-30,0.016943108019667245,0.025285044448912896,0.009963300505756154,0.012356828007322839,0.017229081664527884,0.025729941298261515,0.013038746328923035,0.026913604603279337,0.013937241750981115,0.010528630358130446,-0.03065129350943205,0.039047803016345195,0.009488281120425289,,,,0.00962866930190541
30,2014-07-07,-0.0014180360602394544,0.0034978354679667946,0.002192017754643251,-0.006483744969659548,-0.0020890009930326857,-0.006711853861910959,0.0,-0.021743362760300523,-0.007087547715513586,0.00010198974078527541,-0.0013176164303830614,-0.0042902669196826304,0.002649081614000209,,,,0.0037701209576911383
31,2014-07-14,0.006389797330726025,0.011231502851374272,-0.002187223322287427,-0.011044077849558962,-0.005382767209206204,0.001218528927431613,-0.002145236089831264,-0.013296226402297794,-0.00865247525273236,-0.007864586147599367,0.0072560691652526115,-0.008617792757937419,-0.0026420825217691193,,,,-0.001325758406193598
32,2014-07-21,0.010582032810316062,0.017617736611767503,-0.0073074856853022965,0.0050761036288782275,-0.008318299725926338,-0.00984732088581832,0.0007167295454477821,-0.012469839573272296,-0.0030549911441230936,-0.006794025496102219,0.016699297652731586,-0.015097874586539916,-0.008032143592455208,,,,-0.009070618718949557
33,2014-07-28,-0.020942488373722184,-0.019194435540461498,-0.029076077868933087,-0.04040389836335379,-0.02981301465879985,-0.02793593738637829,-0.03902629539906151,-0.028513307130791195,-0.032829820668372846,-0.031301968731496495,0.06119172994369887,-0.06549757256895429,-0.02928750459313053,,,,-0.02947089199595744
34,2014-08-04,-0.00035641016854707456,-0.006907382279446755,0.009097940930530192,0.000789313429995018,0.016458399949076222,0.0031038529641442543,0.020491965053029,0.031236963710911766,0.015388106257823842,0.01166285668863435,-0.006980270420110061,0.03168885463000996,0.009140056111025887,,,,0.009201621359044022
35,2014-08-11,0.012838768598089528,0.01120589514534967,0.014650461841107862,0.022350840503779675,0.014039672555877717,0.015700041396397066,0.029207678522327484,0.012604348623269566,0.029864174102578012,0.022950853477689902,-0.033312984211593705,0.023006446895055932,0.014597256001373843,,,,0.014816539825397346
36,2014-08-18,-0.0035210973566220465,0.016813169593305224,0.007404631803844636,0.006172693066287883,0.009904058386149208,0.004174653051771182,0.00212830693183569,0.01405328463297017,0.019692775420618314,0.0072373816786923196,-0.04362954536391393,0.025432754163241717,0.008147155097110554,,,,0.007187763745645537
37,2014-08-25,0.005300364314675546,0.01052208338668733,0.006615264819456399,0.009202676692640068,0.006804773833834037,0.003932649168947531,0.020176984731168943,0.011086960998733818,0.005093188391851907,0.00533775664184535,-0.006280962426284486,0.016534732728733476,0.00704940139765772,,,,0.006467443542199578
38,2014-09-01,0.004217890793137922,0.01264414802855492,0.008397338714680678,0.005065817258299906,0.004174436801775115,0.0059315096938369,0.0003471592663138693,-0.0005874617567980033,0.004645379827496869,0.006228316624476309,0.0,0.007454960797790655,0.007512516766198102,0.00437534488399452,0.005212562387505568,0.007983907372550912,0.009971340449607716
39,2014-09-08,-0.04095197967498293,-0.03415341176562627,-0.009413519623580755,-0.004032324811433258,-0.010194939465082448,-0.014352297131128013,-0.006590439528362936,0.006269544527567916,0.005254357787681808,-0.01085752350945619,-0.0029939979166588907,-0.02006943178680016,-0.009151005658124092,-0.012673205126427313,-0.012365195370483506,-0.009504925572141677,-0.011628020959711207
40,2014-09-15,-0.005109484124821875,-0.010266207578249599,0.00913745785978387,0.0045545207566160964,0.010199988313913978,0.0091431353718051,0.00837979750682139,0.002141884875325395,0.0029269842816945107,0.00830963656582454,-0.01101106007706931,0.01372981056337793,0.012827157434271395,0.000802484286725046,0.008481353582376092,0.006797257953087554,0.00843506460995077
41,2014-09-22,-0.02347769321545209,-0.03073373358652853,-0.003146399182335641,-0.018387828152920425,-0.014551506322606605,-0.015436322949051128,-0.020481172856551946,-0.012493550781661308,-0.015932213751305758,-0.006401622876734263,0.008434610651415144,-0.02088027676620381,-0.007767872250391618,-0.016833800864603593,-0.014497482626482084,-0.010325495438794838,-0.00098790843706059
42,2014-09-29,-0.02028556552773734,-0.018900677475288084,0.005480405194958118,0.015601442298395472,0.004110214928330738,-0.009088695575852894,0.013465674266495045,0.009655273387616856,-0.0008483999705416659,0.005968428966974368,0.04884584073114146,0.0029990056901531086,0.00570115339013629,-0.009337675393275026,-0.009874692973473473,-0.012332638398652595,0.00753886104352851
43,2014-10-06,-0.014570391262892902,0.004061660791774908,0.004360435445904538,-0.01595754490909814,-0.013777180842872149,-0.005044839364195071,-0.010838981026947716,-0.002732313332954794,-0.018471256691250586,-0.0009207644416635835,-0.02488048867723904,-0.023850768364356185,0.00296146651561322,-0.01853370455336111,-0.015801659993407144,-0.012113688556655983,0.0037410647431389164
44,2014-10-13,0.006614831690262639,0.0016181725324509273,-0.020984163346064687,-0.019562245159702566,-0.012032348913341245,-0.01129268749868587,-0.022976381958455867,-0.00978471735342364,-0.011464406751419137,-0.020477172701767892,0.04252535037883905,-0.029036641427218655,-0.019740350748881044,0.006714129831337386,-0.008757143861864573,0.00032916862967965934,-0.021486371632439043
45,2014-10-20,0.008890591878636984,0.0024230922811507606,0.02771607376201285,0.037017266280218904,0.031066274043259352,0.017832193246493756,0.0336468983739631,0.007114721381297134,0.04026247202687669,0.032612157509805825,-0.059930942046734145,0.06345741661777927,0.027969092054880258,0.0062525539294749745,0.016407356069162382,0.005347800936692983,0.028680093742285966
46,2014-10-27,0.0509576821583146,0.026188618057379737,0.01833888018317585,0.02759541703822261,0.022122247612345654,0.027367470309554713,0.03745181652791615,0.0551413556327422,0.029659265773278105,0.020244853548086687,-0.03805065599693728,0.04138073650907971,0.019840946971145686,0.009403599063278152,0.019453507571777592,0.00941060197308744,0.01742540982439636
47,2014-11-03,-0.021509250693291126,-0.022771829057986276,0.020127112610122334,0.024636372419506516,0.013808287148418282,0.0041238111929471,0.01484482077454398,-0.001859916021372602,0.012053101751987422,0.021034062894964307,-0.02428878190603888,0.030625560275190585,0.018880188418826726,0.004637366487823134,0.00040609387283639095,-0.009485164071362816,0.022050978247763378
48,2014-11-10,0.021609590706092707,0.008437082460520912,0.002076770660084501,-0.0012022239609133893,0.002994684468707126,0.006216054501571583,-0.0013297695788863791,-0.008011782555604316,0.0036334983000927846,-0.0022350573946994263,-0.02844947607073001,0.004473330619530101,0.0016921098151113385,-0.002491713462255945,0.013392883044594564,0.00957599394507826,0.00041879337513347814
49,2014-11-17,0.016776048899318143,0.0310755290502519,0.013471520115126428,0.007222026258496479,0.015024561369363058,0.012906878283554395,0.00932078154395437,0.001502600859478778,0.007642622884080051,0.012855592443052864,-0.008052707503632255,0.03499090826990423,0.014477517117663154,0.007821652952042303,0.019623419757176394,0.011755139946567024,0.014447537532700354
50,2014-11-24,-0.027259680383020596,-0.005409557578698088,0.01806392701086337,0.019598360615822447,0.015751083134453836,0.01241540255918609,0.015831169318169535,0.006564025664283889,0.012375329344284296,0.015576676939102026,-0.03911435514677535,0.032066516122410245,0.015460334542030548,-0.02974378215229662,0.011007105653175388,-0.007091368775145307,0.01754367970008529
51,2014-12-01,-0.029498508482469064,-0.010100871085711484,-0.009039139088176508,-0.0014064234109697363,-0.007940256440262835,-0.012155515565516604,-0.007467502276631713,0.005217107300500849,0.010055363319228903,-0.010793284158519415,0.008832484499021277,-0.014294242882465023,-0.006558434320548335,-0.005779687172648729,-0.0019432121474282314,0.007545428214613109,-0.009127769643099455
52,2014-12-08,-0.06876907321255607,-0.0510201752542193,-0.017905335674405283,-0.021830945125324203,-0.027777793392121927,-0.028204391953706266,-0.010794995359396669,-0.008711673600325685,-0.03220771802342068,-0.01397395983647282,-0.015987782323256164,-0.03272909410727312,-0.01870485639167522,-0.034119585081865245,-0.029984530250572173,-0.0222666498046042,-0.01924253804240747
53,2014-12-15,0.0342717812345827,0.01943721875827943,0.016511836108336782,0.026877913820736433,0.020145266724017494,0.011205707643650378,0.014219668684416683,0.027486873908427193,0.026825218045615874,0.021549169340079055,-0.2537717716070867,0.003227403174613144,0.0033637529560110193,0.03488883463063189,0.017262296050370485,0.008069150359666601,0.014819420724622948
54,2014-12-22,0.01025657151702709,0.016111994492250273,0.023013105032622213,0.014021653912904157,0.010633108607653484,0.02178545205820349,0.015113129618536843,0.005609413140753947,0.016361306285374886,0.01347136786116882,-0.012441777904895234,0.04431339097313577,0.036761260845436995,0.017066958563122944,-0.0023976732696126967,-0.013042866092470145,0.024599378090141275
55,2014-12-29,-0.026552268300739385,-0.010433058298683528,-0.02429265325263145,-0.023045065280441715,-0.016594773787269854,-0.02334006793414064,-0.01902616524596601,-0.01176437759286332,-0.0280844537537042,-0.021548744886172477,-0.01469798919512398,-0.052749556440557295,-0.02276646711423374,-0.008493728388411401,-0.006889928844827749,-0.004116852072423306,-0.022442571264944616
56,2015-01-05,0.037140384587177465,0.01013770491219344,0.016712059418955996,0.01821179492325863,0.007680331183162156,0.004936532743649899,0.01249187826422015,-0.012813451368603864,0.009366143322914923,0.017503416267616183,0.38518900902038156,0.018223705686156493,0.014942149075550538,-0.011700905044226606,-0.006379889589479238,-0.008681468229474836,0.015718880775757976
57,2015-01-12,-0.000782723845038845,0.014291514255833632,0.00335460878031819,0.0013939643260212728,-0.0046682500081585455,0.020319311785756414,-0.004220913666781789,-0.0001879589039783925,0.011056257957798844,0.002173869431828348,-0.25923067744303396,-0.02855363698658764,0.00253287524283071,-0.012262052664518693,-0.018057647579054436,-0.0041702015622427716,0.003257961992759655
58,2015-01-19,0.027810343242809645,0.033404623635657577,0.007689728930231681,0.014845459594774136,0.00957212843438327,0.012583566649173773,0.012389985418252371,0.0167449606682101,0.015817336454643817,0.010940356745059263,-0.02855677054322652,0.0444089829993066,0.007895080341815389,0.01883536871537675,0.015120912168937826,0.012144284370874874,0.007712739806812378
59,2015-01-26,-0.02362792289020632,-0.04442731163696975,-0.03516926133170411,-0.02925688500727663,-0.027780536010920127,-0.015236611738821307,-0.029629622368499194,-0.037934861101946334,-0.01999223792642627,-0.02966697572802137,0.03527541372738114,-0.061282720516187654,-0.033056524309945816,-0.01684842961357382,-0.016505818953992564,-0.007695583135229983,-0.032829941039270685
60,2015-02-02,0.015612791393680726,0.0,0.023039863823029482,0.02684240963217015,0.024868376116932704,0.007461788230458558,0.01725861009413447,0.020003773793196514,0.010003668909870787,0.028074193714576937,0.35467214067917874,0.05366067239560642,0.02373627883898373,0.025257287870004686,0.029062381088249826,0.013175497605822671,0.021866005675286366
61,2015-02-09,0.006149000662409498,0.01923833417423047,0.010083972926121915,0.016968628451340857,0.014939651406040517,0.008277901856870714,0.0016313338832294095,-0.0045256613938173896,0.02097506435846646,0.007855317356018198,-0.309070224748891,0.03133998301344664,0.008783749729494571,0.014589563353167382,0.0214799356550431,0.011111137902503895,0.008762842536127117
62,2015-02-16,0.012223158531834463,0.002752525461864364,0.0013312014109524678,0.01172495396644848,0.006468976465779175,0.009614435021425631,0.017589506123880123,0.011365799453835734,0.019022140654635235,0.007516377515867858,0.42581371646072164,0.002099239121810565,0.0021964280166301762,0.01561205305933171,0.009735246557185205,0.0032558653647666858,0.0020202031617508566
63,2015-02-23,-0.0007548976306685897,-0.0002352240805388171,0.008308407576456291,0.008691709119568864,0.004937302710901385,0.008452818656727309,0.004481401495072627,0.000374554400506017,0.004293505316321668,0.009578133384375347,-0.3102513515892781,0.015960023011222048,0.007513986624184812,0.0008091018500479714,-0.004242340388301229,-0.002434161987890244,0.008266316406184335
64,2015-03-02,-0.03889714392028643,-0.04644225468577739,-0.026038317445067915,-0.018338405895857435,-0.028086887605088144,-0.02047746999381801,-0.01465893155245367,-0.023216631305000974,-0.021933015028732655,-0.022441156627621986,0.3460458903815227,-0.0358369528450441,-0.02353935289021861,-0.010913526033489135,-0.019364602656397622,-0.016266507869788442,-0.024995066380532824
65,2015-03-09,-0.028683725028883666,-0.02920610809486606,-0.008460161184994954,-0.004951925251599976,-0.012017049677120408,-0.017006076563537774,0.011319587173947375,0.0021083346045274788,0.008551926651942491,-0.01082491953404392,0.04666656920124649,-0.03024426351041081,-0.009626925657764768,-0.0036781354934268635,-0.01382323996290008,-0.020752557375621154,-0.009844249057867393
66,2015-03-16,0.046116520971913245,0.04279647532822818,0.00853234620921106,0.02171483711803646,0.0223959080995445,0.021707929238621155,0.02334496851680285,0.03175216043416202,0.018842922051863376,0.00999998603488718,0.03264339963184755,0.01438616151243565,0.01984248835347826,0.02091901197211687,0.028434171500493616,0.012326903927158442,0.01367016253671863
67,2015-03-23,0.0019334119649011276,-0.012190018450905721,0.007460709634886517,-0.016603825409952037,-0.007836949882345312,-0.006902405888549992,0.00697069289570289,-0.010938027003106749,0.003929239843690318,0.012359297876898066,0.012336062523187752,0.0038301412284722923,-0.001496603507059218,-0.02249896219419047,-0.010758308927371302,-0.011259497064681006,0.001387406270405111
68,2015-03-30,0.04940181240761555,0.056766886254763296,0.008813532049212707,0.01932127051254754,0.014538646598989955,0.009556781780187137,0.015212545335553728,0.030178013539443188,0.007412911178949819,0.010576023552407695,-0.010662631566620367,0.028493525549164584,0.008677782176680056,0.009658652957578246,0.007877115146764683,0.006326731053255064,0.008622336930414084
69,2015-04-06,0.03714615237847538,0.03697908107693421,0.008064465543359245,0.007574204603516231,0.010456840160045828,0.013984575837908462,0.0027526110840239196,-0.010371039916754005,0.006438499515269598,0.009180383330306859,-0.04464975547873411,0.025529582898605054,0.008916129526455405,0.007938050255482328,0.012895655357766059,0.02041070775797834,0.009566431503690409
70,2015-04-13,-0.02943276693094253,-0.02229729693527268,-0.009999984073509435,-0.018129724080999783,-0.005407524958614591,-0.0056227562975822536,-0.0225679638360214,-0.016731086053459705,-0.0279656431374775,-0.01419092311722689,0.0056407081565725825,-0.018301599724570936,-0.011240478213232062,-0.011146781984719896,-0.00706033877946398,-0.006735864437624975,-0.010887119817955156
71,2015-04-20,0.018268213632671896,0.03163648947305885,0.0010100245601665867,-0.0022516377321666397,0.0012185578107384535,0.0071482805710861045,0.011544321783697695,0.004674729679239278,0.004512783672895761,0.0012918281376922424,-0.010817256567191619,0.005713063300703807,0.0018032665098281992,0.013968268468052452,0.019310980177772344,0.016623114140773262,0.0026497663941502767
72,2015-04-27,-0.02798707897712591,-0.017789452960561104,-0.00807256676527357,-0.005416341091668568,-0.006647064979635649,-0.010805226256292306,-0.020974619073166726,-0.027917439016984215,-0.02751748335801362,-0.006450877186296742,0.041312197299055775,-0.018337683821615096,-0.008765016089221023,-0.0038668998931603443,0.00679051451506277,-0.005897723702093348,-0.0077249650300247625
73,2015-05-04,0.01476562530964334,-0.01485293278869125,0.00813826344024836,0.0,0.00961332939334185,0.01135153658243083,0.0012603993190432859,0.027378777443993894,0.005774608134533729,0.003524757115494823,-0.024504047131022916,0.03106619013877182,0.006947710084816027,-0.0020218743774467296,-0.0016686213840338877,0.005359773627038495,0.007375241230505435
74,2015-05-11,0.010185444178518695,0.020307558472216047,0.011436217229374396,0.02064872572900515,0.009708768140420746,0.009635785647441943,0.025487689239508362,0.0478943350794683,0.018373223385717185,0.013587171097195852,-0.03229665831566528,0.008467904369950036,0.012623443979580661,-0.0004051026724306258,-0.0017472855021769742,-0.000854702177708399,0.011795989201740395
75,2015-05-18,-0.011163140816319158,-0.004900224469799144,-0.00831382322351335,0.006225281960020828,-0.0053623775561496894,-0.011012105710142956,0.0,0.010492493167637841,-0.001879159161680814,-0.005015767818487802,0.0028842055410845365,0.0044914777144350595,-0.007665373661694052,-0.0008108248043271295,-0.012557342321259891,-0.008961239742703386,-0.010050413339132749
76,2015-05-25,-0.03714488595509541,-0.035457318569502246,-0.008383708655895765,-0.006186767587368342,-0.00985304229228309,-0.013043527348472155,-0.008284898553346548,-0.014783483327665053,-0.0018830097992037585,-0.008615029962073497,0.018898925400382655,-0.022258870748300907,-0.008973277250994905,-0.012007922289442724,-0.010341245178845921,-0.009562578967970891,-0.009340113690456444
77,2015-06-01,-0.026096804476268134,-0.021679421558964733,-0.025025350353439467,-0.02556666827525447,-0.01605356541999259,-0.021918921138057313,-0.011447881855231318,0.001071844380067825,-0.012450433262261936,-0.02394355931848376,0.02782257139925283,-0.03529206600708696,-0.0236201047309011,0.007226719183569787,-0.0034326421850574074,-0.0004150619807405087,-0.024595012320093267
78,2015-06-08,0.015922273172598256,-0.005620058333052998,0.010059015082779873,0.012776582034771475,0.01068612901864286,0.009447455970403178,0.008137564513123427,0.014989398113051704,0.011461406920201792,0.0065350884131669135,-0.02314642071957224,0.01525163224966126,0.009757272837729964,-0.005707455653058621,-0.0011740498678367369,0.002657713082211367,0.009875928746830579
79,2015-06-15,-0.002675870064258092,0.0036333647387466255,0.014423015834161798,0.023203318368923986,0.01689804173203587,0.014364993269917808,0.01614434443578517,0.014943626434315552,0.025873203791351072,0.018726010644113222,0.0,0.04395022326391783,0.019086226142428456,0.0016400141236057714,-0.004310380683731245,0.013916551595246757,0.012484434804065357
80,2015-06-22,0.003833012731783251,-0.008246174007662714,-0.0013552726764991666,-0.009907524094156546,-0.008169417941198156,-0.013195963894031111,0.012632526794804755,0.0012993005041572424,0.006884582934070809,9.86308943959036e-05,-0.03574280689282705,-0.013222994687379733,-0.004623441500824672,-0.013917421476624708,-0.012188199155897708,-0.0016358548280741734,0.0014389444105821604
81,2015-06-29,-0.0019092475517193776,-0.01155948557708484,-0.00477497743231716,-0.01087019034499366,-0.0022795328313937394,-0.0028528106674442426,-0.013619637560706983,-0.018881036103648496,-0.013565556807570909,-0.01039061580800529,0.0,-0.018466330762935104,-0.006061914343736258,-0.022830893292845378,-0.01864295362364315,-0.0142579349376758,-0.005368599924930511
82,2015-07-06,-0.01989271189302389,-0.034181394279271714,0.018848504792645455,0.007659363405067293,0.003583892903899562,0.020973797431137583,0.016262429321202306,-0.006708976721546254,0.01245121067339312,0.015749500736695444,0.01749262762820267,-0.01434310470479628,0.017742536399054983,-0.0029737447422518836,0.0032611417322093556,0.00029112257847328294,0.02096741850726445
83,2015-07-13,0.016003023533447985,0.004885705311836579,0.01715431956025706,0.01229602237193246,0.013438463616065694,0.019677648724020506,0.004227116981487766,-0.0035549932128554535,0.013950110399223115,0.012367613317213685,0.005321342473157504,0.05472428737741135,0.016888637447697395,0.010225762625326599,0.017269582041336076,0.010096646740772583,0.018096756683327126
84,2015-07-20,-0.043411509931988154,-0.003974225261433057,-0.0076058884363544126,-0.015017793451254553,-0.008716522603389922,-0.011875635893235209,-0.019843613083583747,-0.03282190988785374,-0.007965195331751745,-0.0038290901381395235,-0.013029295501246122,-0.01671219218465138,-0.009643630442526134,-0.013833781469428671,-0.01258253723675774,-0.016865387529957965,-0.007788847453602398
85,2015-07-27,0.0012049212331616361,-0.05331515096095047,0.009996905476151747,0.024887829106612077,0.013844768221660746,0.015130460485210363,0.03159499064417474,0.030062797717576386,0.03759100322956748,0.023062061548788523,-0.0251650635534301,0.02075086251599234,0.012364930257093008,0.010166180893361394,0.008090544888427705,0.009037852124847649,0.012681100178062009
86,2015-08-03,-0.01644611380403471,-0.01757683468098369,-0.0013197081062177795,-0.005906640821148558,0.001660795133689927,-0.0008457100409067596,-0.003270669677010013,0.0041182022909086605,0.015300778556887211,-0.00483046836420548,-0.02666106966171844,0.005614741894730921,-0.0011450969984366053,-0.01191195890498195,-0.014044668848577949,-0.009703252651489054,-0.002981735175064179
87,2015-08-10,-0.03303423104720038,-0.02738496891856365,0.0013214520371832284,0.01034339286481151,0.00036834327164388293,-0.0049724962736275155,0.013424728731532776,0.003744494027292845,0.00814128136105967,0.002786515038410579,0.034347929505399465,-0.0093376504010795,0.0019106800781402984,4.29489835970884e-05,-0.0002851134959304589,0.007202014104160949,0.0
88,2015-08-17,-0.06579501335347339,-0.07648986932601964,-0.047509091028998154,-0.05576130545655691,-0.046592867976919444,-0.052312776208140635,-0.05946417740887716,-0.0380173073006221,-0.048453359218163565,-0.044101725169426,0.08238754815949839,-0.0671460801771496,-0.048207600465554154,-0.03474907089996796,-0.051418794037080426,-0.03009895643758694,-0.04784687076535932
89,2015-08-24,0.026636537095434402,0.017276413295600056,-0.0024246837047254438,0.007612359069196834,0.0003863597256097064,-0.002243799294727195,0.0,0.0018466902461866457,0.001986147893532019,0.000656287771146846,-0.01242716474363828,-0.01864581711587484,-0.00200356389619012,-0.015111215105768528,-0.009871372820615829,-0.022931113444830162,-0.002512513161091854
90,2015-08-31,-0.04353557950411737,-0.05544445137303115,-0.023611090180449393,-0.022664740354642905,-0.023363621759310376,-0.02721225399804156,-0.01189383114916964,0.017511480878675705,-0.01820144026380309,-0.014900194875706072,0.0393236050029194,-0.0022291912938206824,-0.02144057665577431,-0.01218399122376051,-0.009969387957098147,-0.006011484410557131,-0.023509483835898726
91,2015-09-07,0.015632176357037064,0.026969955842536232,0.01137978359100383,0.01569442254104322,0.010478392516145553,0.011674670454357666,0.01172012946356111,0.0003624496045512261,0.01688682970658015,0.00960807609570591,-0.009080509135061504,-0.03489356435176881,0.010586115912155226,0.0059388916680869425,0.01313484791202723,0.0008827486970862087,0.0124675818331164
92,2015-09-14,0.011770045334871457,0.028321137492934245,-0.0014065987081798579,-0.0018450297523524102,0.016630869749140628,0.014396935543799031,0.005322416898426401,0.0007241801248478416,0.0007220905354554689,0.005464984713711138,-0.08171072231626215,0.043981588028277084,0.0070643299497811065,-0.005449942880276541,-0.003457301845446537,-0.008071187557473634,0.0019108664208026896
93,2015-09-21,-0.036689090733979926,-0.048572750786104846,0.014188110119435812,-0.014556267752351146,-0.004619006790570894,-0.0007884794438596439,0.00702393891871317,0.024919288060631047,-0.002344353821404962,0.00841046826725444,0.042411738513483094,-0.021539547616875505,-0.013707403325314007,-0.0009130283208621693,-0.006027821570785045,0.000444641738564701,0.012629174439825037
94,2015-09-28,0.04087325294817422,0.06089131056254075,0.005598249748953576,0.002455594770812976,0.009742813430744759,0.01702171015289633,-0.008690383553210801,-0.023153154882116302,-0.010133873117671036,0.006254137529593406,0.03510174970431796,-0.0007552443854743345,0.024608603532293202,-0.00818341244126144,-0.0070241460196387405,-0.004000133889589147,0.007582195690212549
95,2015-10-05,0.04819260679129404,0.06526973330291666,0.03618663584937827,0.02227942008358257,0.03591386077992998,0.02848591995404398,0.0375705972382554,0.034557582385859306,0.03107855369554446,0.03339517573529032,-0.11868984249455831,0.09654416170187961,0.03555735971201111,0.015438008243614423,0.011862934614935981,0.004373237444289744,0.033862630268915714
96,2015-10-12,0.005108725786974544,-0.004705827970821778,0.0023505019042977535,-0.000458760620945009,0.009387584866631313,0.011639195681318302,0.0009049426857576783,-0.001573977868019893,-0.002836839653474358,0.00125665553435272,0.020113679343167896,0.026393567464732065,0.0031430096681168535,0.0034035433399476895,0.0047765356767854395,-0.003909772626340353,0.003437283142488279
97,2015-10-19,0.005082497000097166,0.008321272531513805,0.021775436838226414,0.01973820718028768,0.017034926413121446,0.018216716132854617,0.0198979336491747,0.017340959094352765,0.012802325856232685,0.021965179026230713,-0.06129457085571794,0.036557236040769284,0.020443414945888326,0.008593371878707805,0.013612868232250117,0.0021409531696870623,0.02236542837997641
98,2015-10-26,-0.015592091747658373,-0.032917313346248755,-0.01508188159688378,-0.011253488039705453,-0.008420072863657506,-0.014647463623203173,-0.004729625994269343,-0.005853878084494326,-0.0036867196204499,-0.018247178986288675,0.007762705496921853,-0.01786529663444922,-0.015121400398419813,-0.008471772719165077,-0.001492285758590173,-0.002180813924839766,-0.016949301834552677
99,2015-11-02,0.015839055758237082,0.011346020186625356,-0.014980104446185789,-0.014340963697845927,-0.011230856152371623,-0.011361294303303569,-0.016929327336416944,0.008832630651474736,0.005109933187177561,-0.01197385729746291,0.03398271196708123,-0.031291418383476446,-0.01418440313805991,0.005429713198611833,0.0025617457363175805,0.00851934190939635,-0.014033661687834344
100,2015-11-09,-0.04256214818284348,-0.01716371791160401,-0.028387955666932797,-0.036489616104043214,-0.032782462653842645,-0.02190948952691278,-0.043806510794044226,-0.02489265366403111,-0.03050474272036691,-0.024780660691279394,0.03724807451355727,-0.001556726700473768,-0.02767018669844413,-0.013501160923593401,-0.031516274566444,-0.01534708261618338,-0.02744989462134577
101,2015-11-16,0.05237687532359014,0.008780650903202496,0.024695682971335207,0.018935425410920918,0.031602153006202706,0.026024022457190942,0.021485187025262423,0.01091540083193853,0.024773830310445093,0.022628067727171734,-0.0354879194371004,0.004385203599409643,0.024148116170766315,0.015100157610616534,0.016271162238704003,0.014688212278491602,0.026133937125132598
102,2015-11-23,-0.03555009011358544,-0.008220563778069267,0.017990485524093172,0.03787369333158646,0.014993120105444799,0.007705485683117525,0.029075021499733754,0.027516648625938726,0.02311629024389028,0.02675260563851161,-0.03591765755113894,-0.017463596704838383,0.019133235621685993,0.002564985422202305,0.004500038146077488,0.002655585994207058,0.017930220229110404
103,2015-11-30,-0.014744139727149417,0.002193893547290275,0.006668851494130055,0.0024932319334335295,0.000820683824296531,0.0028672946561286543,-0.01292459076718033,-0.03525437017656821,-0.005346679836036138,0.0063593310603931585,0.0018172096612575313,0.03860958708540437,0.006232094950892094,-0.011659256972047194,0.011458603972858961,-0.0011476940183872194,0.009607411674896663
104,2015-12-07,-0.08098590621294083,-0.07662362686231441,-0.018549155698171255,-0.015147914276368987,-0.028881359873376197,-0.02499217892169875,-0.025883041955950505,-0.04234007065405869,-0.028264312936893556,-0.0016676655496885423,0.04172348339962182,-0.05352740233523569,-0.01974154025161985,-0.03357526154518445,-0.03236792047213826,-0.016530907648855498,-0.01903247605126885
105,2015-12-14,0.036398431723119434,0.04004202777306903,-0.0023624754618428914,0.005738843446155287,0.005347625050723118,0.0015206795283701725,-0.00875280080960674,-0.002751636490125491,0.00107070191623947,-0.0007032173559344688,-0.024379641708008937,0.0239076823132206,0.003475008609760596,-0.01051656158147586,-0.0004401799312823494,0.0011234562276330202,-0.0028293153439474944
106,2015-12-21,0.017098030265312158,-0.006180240349897369,0.0376987960614985,0.025336732140339803,0.01903699262202546,0.016484291057885608,0.03598614149819021,0.03574464285927992,0.025596525020238983,0.0331752621355151,-0.03346722400531652,0.04434418771412842,0.024004468128304153,0.018789132692608942,0.024218569276443586,0.009652115712993825,0.038601415335375616
107,2015-12-28,-0.03407539390159627,-0.010924218712570285,-0.006561645940909958,-0.00715477063416191,-0.0008563875727604762,0.002303566307844609,-0.014687966325776831,-0.01418561641537061,-0.010282223885402968,-0.007697629619424699,-0.006925175197343404,-0.0026658654261809303,-0.0010984920195411564,-0.008010291147042657,-0.006620689472602095,-0.0005336065846759212,-0.0074701085940984775
108,2016-01-04,-0.0714508225949228,-0.07243374771565565,-0.032034435077646375,-0.028121695394815353,-0.04961715079602344,-0.04159937923966295,-0.03788829078360765,-0.04171210747707071,-0.03592179368101995,-0.030425775770873305,0.11529518130430053,-0.09279620786735261,-0.03161088357318984,-0.047993776835534456,-0.0529540054159035,-0.040395034042428515,-0.029114579076047246
109,2016-01-11,-0.03891457586865675,-0.05399397075889295,-0.016035553294165332,-0.027083223916188483,-0.020863659624656944,-0.01525359205990647,-0.023240786777014858,-0.008553511088219933,-0.0253881681420559,-0.018846102007862214,0.054606038970312513,-0.06028613759442273,-0.016161055916937082,-0.010370277626180143,-0.00961085618542689,-0.005099624267504319,-0.014688007674596996
110,2016-01-18,0.0277037312900058,-0.01173336454453282,0.01907080908334555,0.005710280181104428,0.021605518323718268,0.023576369113497954,0.01354927168904732,0.009969306158756438,0.01161916801273124,0.017396073543376973,-0.03992084218104121,0.04458509999186546,0.018053060952499218,0.006087849502299722,0.00697767826743394,0.0033548280243034206,0.02049686575716107
111,2016-01-25,0.06480048013220034,0.07392165898260401,0.031303212118751075,0.02791573919244441,0.031237859066278812,0.038833882524497904,0.02934455016986441,0.01423688958718376,0.0307521408845602,0.028675723532773093,-0.061342196860171935,0.03948911024055587,0.030992904876732074,0.012919862312669422,0.009132339567903673,0.008266866325808862,0.02982337367584658
112,2016-02-01,-0.02239527104421072,-0.031111100153976532,-0.02210512898828836,-0.018872377090803354,-0.031326475093703156,-0.020351408943430155,-0.045296082007121714,-0.03312745042191826,-0.0436736141040553,-0.01991176772647614,0.05789486345685821,-0.040856065658693486,-0.021926084820555535,-0.021898956833534686,-0.02160078180071865,-0.017042732406557078,-0.02226132427182846
113,2016-02-08,-0.0318726287123649,-0.0025228586158403256,0.0067479724286965935,0.0030495462938753505,0.0008739336400527147,0.0,0.010948949673010692,0.0036778676908522166,0.002630941116929582,0.013338137329470291,0.01409607617251011,-0.021137984992280028,0.006574770789139247,-0.0027548215006074988,-0.009528310684664964,-0.0022492089255403513,0.008865479395778347
114,2016-02-15,0.034979433705941164,0.016900255219811314,0.016085574875918204,0.020813750252511788,0.025810385690298733,0.015635278795907145,0.02461430687172539,0.03606550920166435,0.027741476234154405,0.019874417820062825,-0.07318056540391409,0.07056394904953538,0.01691972312911904,0.011049982632801473,0.00947926985862251,0.004273873318169439,0.015378503722495359
115,2016-02-22,-0.019880804718915603,0.0050877236777569935,0.004947330266392563,0.020847974707031865,0.016363862506703637,-0.003337154620617277,0.014734179920400084,0.020662812223138483,0.021521014167747436,0.0070941192742591,-0.03617124280300635,0.040342286282908264,0.006732819575394039,0.001987023863626221,0.008088519846598153,0.0021512591622374886,0.004917286239315215
116,2016-02-29,0.0948276594320912,0.097806552814046,0.020347835558586786,0.017279978116671826,0.027547897248968594,0.023331050623270903,0.0075757853411536095,0.03465254153436474,0.0073200100068064825,0.01595510856642586,-0.05400459684869128,0.02957283060481418,0.019217341879108733,0.004015762942272694,0.005717940154185886,0.005739938098284243,0.01859485612688671
117,2016-03-07,0.00138965434861291,0.012602993585965169,0.007719491575258247,0.009927074386019847,0.00507190616108223,0.010660780154258497,0.010025174903302422,0.021505401913690395,0.0010636796719280018,0.008019404018365098,0.0014513719425714915,0.039090959769428,0.008597826577472266,0.006468779459189349,0.004126525675590591,0.0008350552976570002,0.00787839036854417
118,2016-03-14,0.03700274828778242,0.024032741383342684,0.0031918822432862558,0.01070329357949885,0.014147915607826987,0.007310671461428781,0.004962657318021578,0.01018109890629388,0.007967321749934942,0.0035634431004934494,-0.03381641147302015,0.027917508216779484,0.009496971588808193,0.004808107351235053,0.004566206840756741,0.002410601738538726,0.0038132056106028917
119,2016-03-21,-0.014273024327058714,-0.013834143750624667,-0.001326542204049104,-0.016641457813282832,-0.01652747116592199,-0.007776089280545949,-0.018655386302525525,-0.020406425341958984,-0.015457584872623109,-0.004757114016908441,0.02449993431166443,-0.022261842729988515,-0.01214804740852833,-0.007678003332960607,-0.0072726476651030925,-0.0019424079737243207,-0.0011610139803673056
120,2016-03-28,0.028054252761455553,0.03206394243194298,0.0275642386358781,0.029741023085072562,0.03103830507582014,0.02058516067477722,0.03714188003065999,0.045026329749906745,0.024442433721342013,0.027081182866551853,-0.03367495359849293,0.0523012164354259,0.03184033152513077,0.009350517815116633,0.012820465298809642,0.007877659634913317,0.024847084817380443
121,2016-04-04,-0.03036964607002527,-0.007766920406207493,-0.0071741816561332935,-0.0034259949375180622,-0.008985270728943147,-0.0011262756841532353,-0.0060698123199155,-0.02939222295734921,-0.009926771772323262,-0.008113024082233156,0.0035353878950991394,-0.019031257992164,-0.0062792101999822525,-0.003413063979719173,-0.013110232961221033,-0.002988503914341416,-0.003916242180905446
122,2016-04-11,0.04312298488206315,0.010273756984116594,-0.0043982488614184466,-0.009669259563938359,0.0011556003698576392,0.003382592728161103,-0.008244204095590651,0.006710182832371449,-0.007739695314077858,-0.007688498460797972,-0.0005031674022623189,-0.00017781443407786476,-0.00543728194726588,-0.004402839550350022,0.01007781001782792,0.0002306213043930062,-0.006927690574741847
123,2016-04-18,-0.008703214543865356,0.010218235046137291,-0.020511254672725625,-0.013451923808994262,-0.010121528265922329,-0.01205443337281646,-0.02093613269710369,-0.0034181727730900396,-0.020918447107773196,-0.02110118042141744,0.024672742271596052,-0.02536739674704478,-0.01942955666663265,-0.0004916578816226781,-0.0031745915193931626,-0.009589770381768687,-0.02036202111183231
124,2016-04-25,0.0008778459769710445,-0.00771789246377913,0.007732055642430845,0.021552746918159796,0.004305255360741217,0.0025850763188165994,0.015094443367155978,0.054879112685948556,0.014847153105155554,0.015746060925632646,-0.020147470959551193,0.01470340417789635,0.008588874246346544,-0.013274310723810977,-0.009918217365234936,-0.0012294395460836112,0.0065434264271374805
125,2016-05-02,-0.0438596255455575,-0.02367159437955447,0.015984625682674006,0.012701818277109068,0.007055392137634926,0.007116436355620846,0.01858726182135617,0.006503053934745101,0.008385413542423358,0.014009623198447558,-0.011534700097645819,-0.0006299455550600056,0.01583623720796171,0.0034876350884638654,0.002665247235690692,0.006013688062659427,0.017973384560257977
126,2016-05-09,-0.011009111900343036,0.004948182099784898,0.0018880459618303817,0.008928579587557144,-0.00044346679301166057,0.0012288698825638185,0.0072994777225752205,-0.0037150647174802034,0.00831561008857887,0.007276079005965439,-0.02739723364539511,0.026657121136627226,0.0009560790374014441,-0.006951128986496129,-0.009165802544276925,0.0,0.0
127,2016-05-16,-0.0023190132653508797,-0.04066970193937497,-0.02072868771488021,-0.020859628656721495,-0.01730088277661749,-0.01421703956417495,-0.034118365845073,-0.0016212152913185746,-0.024039421754552467,-0.02378058555097434,0.06103294311397897,-0.049122955037355934,-0.019762177831041138,0.0,-0.009250923423946386,-0.007877496407532934,-0.02028546751569528
128,2016-05-23,0.028358891864615852,0.026483329130917693,0.01667731599892586,0.01463306196624245,0.019230624378662808,0.01628961710331112,0.020318693751307314,0.014615068875421239,0.021754786089665537,0.018124346708302964,-0.032448518981194385,0.04612559733073126,0.015813738302181503,0.020649842000888596,0.019748042057064413,0.014946097788451008,0.01610435624845028
129,2016-05-30,0.037070562695705106,0.012499964823588693,0.011040764589439037,0.009332011420123984,0.0052262979102133756,0.011434375876203579,0.0006128127499072713,0.008482626794890433,0.006862684728840458,0.009799289852734082,-0.0127030903417563,0.004497175124761064,0.01158324323787597,0.003282285732132183,0.006729867269351613,0.0014268314560063671,0.010566070800010142
130,2016-06-06,-0.026155256928371527,0.012938505885050472,0.010296589307558246,0.002101235216736627,0.007137982568134715,-0.006359057310586919,0.007654611671370274,0.004285112538693894,0.004194294766039953,0.011240425634046982,-0.015440174228664873,0.021332608134856438,0.010356543413143335,-9.762760918769463e-05,-0.003183253486375564,-0.0018841904312223024,0.010642287034439037
131,2016-06-13,-0.012981227433588038,-0.025887404267983062,-0.011735616634473025,-0.010694117347298056,-0.005512286538822478,-0.008837988253680441,-0.010027257791743408,-0.0026864738290828666,-0.016011154731410897,-0.011035600365289049,0.006272945824755262,-0.018222287425516178,-0.0057025797589409614,-0.007178599934282961,-0.004562087174867702,-0.0029926998508231404,-0.012192925893495497
132,2016-06-20,-0.010430860030289566,0.018967875554710998,-0.0011628472141537783,-0.011445506363719465,-0.02437094869739783,-0.020087986691963287,0.0025318796375057686,0.0018774907891672512,0.0007006505764761554,0.0017084814786576393,0.024415520420049137,-0.03326949824353598,-0.012850476882684479,-0.006148177886148071,-0.010815571861169285,-0.004202375130693534,-0.0009370534924897599
133,2016-06-27,0.07103588969973527,0.04071022651760406,0.03493852541244553,0.040031562468051535,0.04704916441138544,0.059823174883873106,0.040872720533286604,0.03993667067684391,0.033593950372460185,0.041740978418338376,-0.07352937266609093,0.0873358740959584,0.041053384903851985,0.024794601102168645,0.016169316204577126,0.013402023454789858,0.03371004108590486
134,2016-07-04,-0.0034233031542996828,0.004417650455419097,0.014902421090875506,0.024304064648648524,0.01593885733026556,0.003393638401534875,0.018895577128287204,0.01615340245400092,0.01255375772218019,0.012681961170314943,-0.02736719404653528,-0.011428931523946483,0.01534421357749837,0.016411349621482413,0.015900209100777857,0.006319210766885512,0.014574407622552578
135,2016-07-11,0.03134393040008976,0.03764681184054736,0.0005994865403423071,-0.005881131812067043,0.005456986680979102,0.0015915190872043742,-0.0002896433051369816,0.0016497545922537747,-0.003566585502420094,-0.0019977156500627035,-0.023635339950571765,0.04675111335432422,0.0008394281156606741,0.006700027567475238,-0.0017980694886229904,-0.0007279896825679397,0.00017967534279960746
136,2016-07-18,0.01623649299371183,-0.0018231734019296794,-0.005091245536025838,0.0018359947559380967,-0.0009328071391576497,-0.004071910134958456,0.003768218700441461,0.00029952754035124856,0.00034090144925006603,-0.0030023923565931526,0.016138192575663096,-0.00040301276822687487,-0.004054403214693347,0.0001886357019299017,0.00540309578825939,0.0081966206772249,-0.00359061625293637
137,2016-07-25,0.009831937333549434,0.016620940658843335,-0.012642917679092917,-0.0008145964117376055,-0.007469496952576253,-0.002891948537036851,-0.008374242563262474,0.024098218588732345,0.005111691731551449,-0.012276970842698288,0.036301816886616295,-0.02105023231660536,-0.012353533370630094,0.0075509473444069315,0.004030555879896212,0.0013550433518951862,-0.014414454031682861
138,2016-08-01,0.006490959602120425,-0.0069169178732098845,-0.0006099042547078655,-0.005298387619185009,-0.00478932343271002,-0.006200536015209353,-0.010192326965608116,-0.004823276323676051,-0.004746712640169077,-0.004924879536597012,-0.010947021104318992,-0.010133379625757047,-0.0006396755840524468,-0.007400716649404208,-0.006244452591913805,-0.006766002230611157,-0.0020108789467425912
139,2016-08-08,0.03305105995881351,0.03799182444068238,0.007321545332251428,0.003073277116934369,0.00549972366004814,0.014893816523224213,0.002647914559692492,-0.010427258373449684,0.004769351380653031,0.0073847057168353976,-0.01660191445007334,0.01448179650086922,0.006969333926274433,0.005945887186597059,0.0035907001412884645,0.0005905949133419607,0.009159122516674398
140,2016-08-15,-0.0015606224222253573,-0.004095826868007699,-0.0030284870925940013,-0.007965881395856859,0.001110925650465013,-0.0020823581507942467,-0.004401313983794252,-0.007272361989814771,-0.00762847327811914,-0.0017937114006392986,-0.0005628002270265424,-0.0022150223340076697,-0.0033191599407106534,-0.005066371318826495,-0.009391858781224456,-0.012345202250324589,-0.003085888572572995
141,2016-08-22,-0.025009706772453434,-0.011638094867991057,-0.01063175634715511,-0.011735792284499365,-0.005378062590684447,-0.01063202023138441,-0.006778712498408988,0.0004486119213261463,-0.006662156314474966,-0.011718627286406871,0.00394153618857961,0.005426571984651131,-0.01020345910781677,0.00047158553839669507,-0.010112700426546993,-0.007398601523786072,-0.011107167468842988
142,2016-08-29,0.0120241220936806,-0.0007967950360797955,0.009517979082068265,0.00854163711832025,0.005578876921677601,0.014060545125761423,0.01335334911776531,0.010011795774451672,-0.0008598307114348016,0.0036363497814274645,-0.0028044184873454244,0.0076056413058174,0.009234494125673632,0.0077284123478588524,0.0012313294951670497,0.007407427797666445,0.009390585825313701
143,2016-09-05,-0.03287136836542732,-0.0007530784487365152,-0.03680054728055911,-0.04751065778911978,-0.03917721599000463,-0.0312963882525438,-0.043338544918776624,-0.040834341668161245,-0.03907063171624504,-0.046235221170720486,0.043307052902110496,-0.08059417730427632,-0.03830299340390294,-0.028713038162547402,-0.030200763227481883,-0.02987117842891407,-0.038854434109299646
144,2016-09-12,-0.00819008656477063,-0.009088852565855251,-0.0015786384589782413,-0.0039037284899022134,0.007017940476319426,-0.0028626925648094106,0.0033670345290506367,-0.0027764501380218983,-0.0001790202851684438,-0.0004953548010583107,0.02210248562124445,0.006091203176836837,0.0060478376461043605,-0.009484795538830538,-0.006482209646830666,-0.0012320105577039743,0.00189803172861699
145,2016-09-19,0.029314692229446833,0.03131987854733494,0.018552200404238568,0.006749378026923828,0.01234999475346258,0.020198957762186855,0.009638429353019005,0.015869701124976838,0.016039399380202966,0.017541239787056226,-0.027953666910631572,0.030271088592733836,0.004985436851033609,0.014242191037252619,0.017656122170513867,0.013656011629511494,0.01667906242222874
146,2016-09-26,-0.004011228884387734,-0.014750581016769217,-0.0028115533400461102,0.006865086032632356,-0.007494079219242051,-0.002010147609799092,-0.002425595979106445,-0.0004573929199135513,-0.0030050629054419998,-0.0015500402719569538,0.0027130100789656292,-0.004512479954343563,0.004762206876678387,0.00095876906253021,0.007455665846826844,0.005631228430329001,-0.0024371672892452567
147,2016-10-03,0.004430171367419954,0.011908468137208944,-0.015664096700518763,-0.015937787325679305,-0.006834075045609051,-0.020745124360739872,-0.01702139430733315,-0.009914583492835955,-0.01046104337070913,-0.015688784895277662,0.01948053719470449,-0.02698532002692962,-0.015049519995605064,-0.006513365228429795,-0.013182306129719578,-0.002799728388617476,-0.016538216435468215
148,2016-10-10,-0.02285481134783011,-0.015178178289186979,0.0006365482200334362,-0.00043783605745600424,-0.005958774465091607,-0.0064788633302295005,0.006802831408012385,0.005083934982616329,-0.0014335145696157928,0.0037356353100196325,0.007430909363359964,-0.01611213219922012,0.00022230979377293355,-0.009352208030035336,-0.011249214733488421,-0.01801578844831935,0.0007642734098961511
149,2016-10-17,0.020106623595773362,0.01826296524238058,-0.002544471108841088,0.002627621759880161,-0.0009839140446326958,-0.004968419656374282,-0.0027642196617559266,-0.020386148991047286,0.001794364624321396,-0.004052621128357173,0.006322468580889795,-0.004832204324997032,-0.002743534266770473,0.00681302374974122,-0.0005212296880979513,0.0021919246281873884,-0.0026731800488888273
150,2016-10-24,-0.02695088259238051,-0.03499564252941695,0.008928486188520502,0.0041494184958521104,0.002417909063589771,-0.001144349212572846,0.0009239922546171797,-0.01642941063071033,-0.01665758005746227,0.0072248565427459775,-0.006806198315957773,-0.00026953810752566426,0.008179655880295717,-0.018366826930339007,-0.013232870988229365,-0.009557274705013122,0.00842417029311267
151,2016-10-31,-0.03348498025794844,-0.027198659795245075,-0.021491714367023386,-0.027403312014551075,-0.019744386173764887,-0.018329478390716872,-0.01938459596163355,-0.027680535233253006,-0.02732245906231836,-0.02465170167563115,0.036900407052313566,-0.0313006713404512,-0.02153721654230236,-0.013736881248236877,-0.008411396839591969,-0.0028804221439285424,-0.02012531406678061
152,2016-11-07,-0.056458536698308845,-0.058713902606071004,-0.019056881747101084,-0.02012508849380614,-0.01039026408199605,-0.032357383944571556,0.004392658602128141,0.05186512526808329,-0.00411987808217467,-0.019019392659006575,0.021860648623218678,-0.01977734146671999,-0.01741292646285172,0.07882777260275227,0.05467748123981856,0.06403458932314732,-0.020732384619379877
153,2016-11-14,0.010426178314641836,0.0,0.0013170767241111965,0.016658984584648356,0.001842026505401823,-0.008113010217278045,0.019369005985906417,0.021776483654508356,0.0031966422538415606,0.00560093137728017,-0.007462601216316439,0.004831024925619371,0.002531525020982364,0.033780692400623806,0.01663786326270275,0.019049828127833,-0.0007914269136409025
154,2016-11-21,0.0031404379127507437,0.024752596544193317,0.012824651020085403,0.003142371285442881,0.015260389258467207,0.011274388120354284,0.003984081197766279,0.014918418702868017,0.008997305775657662,0.015167005884844797,-0.017543977574614466,0.02856343978514442,0.013391532334589411,0.02032229974395516,0.018987288063287124,0.024599194892693254,0.014257286023760042
155,2016-11-28,-0.01431127846007932,-0.018405822560437785,-0.011688236440356716,-0.014544449217951326,-0.018381240809223882,-0.0123510794083495,-0.02564097090916906,-0.018898982249816555,-0.031209443265720966,-0.019414135101878154,0.025000037295445383,-0.04069297398437964,-0.013667583332558665,-0.006756222727067513,-0.0010648367303905276,-0.0006501562044910676,-0.012690273678834603
156,2016-12-05,0.033575285308294636,0.016782168833402965,0.03055206349160633,0.045413160948168774,0.03745050418526022,0.025564365080118327,0.04667906696956076,0.06207012376403629,0.040460260084560114,0.031935989078844394,-0.07466401102193608,0.07881928357182777,0.031082627721323322,0.042932932143169525,0.02416059306943879,0.02558566532525993,0.0290686496349878
157,2016-12-12,-0.037313408410185066,-0.02904154316305878,0.00031855979613799553,0.0013031397373733835,-0.0027563132017605066,0.003129433642662498,0.002394562471480655,-0.014250765319374083,-0.01529666014255213,0.002502425751333496,0.011296451082239306,-0.01354930704406131,0.0002227784886534243,-0.018507572303888657,-0.012185707010829489,-0.007822585260007422,0.00019226694087603398
158,2016-12-19,-0.019607857748684225,-0.019690909908828293,0.006722142569774928,-0.0036875740840454554,-0.006686902344054599,-0.008713457640672972,0.011360979588367758,0.024583332440452906,0.023947491457296466,0.0049815770960250595,-0.006382948256426294,0.009695420692979344,0.007934378464277738,-0.0045308700390698465,-0.003687624276498486,0.0009375279337322296,0.007648793703864008
159,2016-12-26,0.03811454067446479,0.03538145763688233,-0.00573607994011555,-0.0006680861577209859,0.00252277114073166,0.01061665416187837,-0.004165399973579666,-0.00489964120662237,-0.00795562012661537,-0.007149865418683027,0.0010706586682842395,-0.003458901861928183,-0.006082378173147723,-0.016904986149277948,-0.01564212706964398,-0.012219315144576562,-0.0067231238515628655
160,2017-01-02,0.021219030050217455,0.005958556293942194,0.00737183751163043,0.006994658881435037,0.013457568560168724,0.008253558422517925,0.0,-0.0015931606994803666,0.0059679283167649345,0.00736890967725678,-0.026738001360777485,0.021715896393441687,0.006268840692466159,0.009872650802057178,0.00868108372029462,0.013115466553159065,0.007928694153747032
161,2017-01-09,0.009725875017319169,0.016781855820432942,-0.011454009775278787,-0.003256114354339143,-0.00775349389041999,-0.003015861831941637,-0.009560934520639825,-0.026399664990745746,0.0,-0.009642716654045511,0.02472526772429386,-0.01915522535879271,-0.010457571353058163,-0.004384197927705974,0.0014229563592306866,-0.00042636195442332633,-0.011511792886074543
162,2017-01-16,-0.002627002209930339,-0.006796407558269856,0.018345609660914627,0.0019599066131537083,0.017783397908908875,0.011992249632619665,-0.001508340987137745,-0.00625763395117052,0.0076010228200475635,0.0161156659109445,-0.030026774924017972,0.020064306842184996,0.017688360813200812,-0.01012758390996403,-0.004307378438587022,-0.008959116923778616,0.020574682794261924
163,2017-01-23,0.027216847985062298,0.025904403098750466,-0.003476535675251376,-0.0045641101390178,0.003971121279438242,0.001708204119984878,-0.009969811347977305,-0.002398763824824855,0.0101197023802285,-0.0032216483333821224,-0.017136624591985127,0.02281641536570084,-0.003976779566445198,0.013478735565955014,0.012888500677785452,0.01764968510221346,-0.0038037534328667667
164,2017-01-30,0.013247772393796832,0.01176769353870171,0.009197555708473923,-0.0041483633588727175,0.004043142866660109,0.012362749876271737,0.00823946042602708,0.002254298414570788,0.010382491273873003,0.0132593091122779,-0.006186754247563312,0.007179853659777396,0.010277761992163856,-0.0038625608518179128,0.0013209292926738237,0.0015227649674241326,0.011836539590671675
165,2017-02-06,0.014761750188732221,-0.003861391156077309,0.012884962035686615,0.014689552719138329,0.01584530116024922,0.0070534003757184395,0.009987790870971422,0.020542781360809132,0.012258819261197072,0.013576424143367799,-0.03452168387580204,0.03564149123705592,0.011930095057450706,0.015201593124485626,0.010465124347496557,0.01030583957948598,0.011698074864404509
166,2017-02-13,-0.003740631044385591,0.021744439987253873,0.015513617618279294,0.007346611417498012,0.013874632026785023,0.016830290891240118,0.0056936632309750315,0.006905719353799869,0.0053428717788186406,0.011296831466342375,-0.019343578254356047,0.01573250258401577,0.01540602007271003,0.01132811161852438,0.014795557726408299,0.014631927290153023,0.015665769261952914
167,2017-02-20,0.015435988486692488,0.01179729058538836,0.01405420402891672,0.004504723557122739,0.008669604756860618,0.012131200586505147,0.002085635984883443,-0.010068722570186758,0.009211693640595658,0.010133320716017746,-0.02271364147973752,0.0205710536780068,0.013462273435488656,-0.005235845257766668,0.0077615489953456905,0.009188432706470517,0.015056891769095224
168,2017-02-27,-0.002875883188145612,-0.001829005829603347,-0.002711792789730712,-0.003630229546076816,0.006572843372605814,-0.0036566306838261156,-0.01159650255510297,-0.00795991223815524,0.012638158130310507,-0.0026067680696935614,-0.004892943127121181,0.019682359340877364,-0.003303372003378573,0.009103065542405395,0.006850774628359317,0.008532977700648139,-0.0025324578775104936
169,2017-03-06,-0.004944477730325519,-0.016124511551448402,-0.0012082724838475864,-0.009644294049259617,0.000586026069205235,0.0014272872088823651,-0.008122741715128565,-0.010252622336431108,0.0020800918597725167,-0.0038013850007367358,-0.002458500868488301,0.004186037815615374,-0.0017629670690440134,-0.005557797906464558,-0.002197562385924176,0.0003238760561631078,-0.0016322576841403974
170,2017-03-13,0.04182194895049233,0.046652234651073765,0.0015122400007221773,0.008656091661977764,0.008283217504300049,0.014048640649087294,0.015165354256134935,0.027323353241410518,0.021103598017111827,0.0008745208518824147,-0.023413506288224924,0.022000887379324048,0.006569799823299929,0.00902829245690881,0.006353397020670317,0.004451657885980986,-0.0012714612450622678
171,2017-03-20,-0.0011923230446120225,0.016459187854569277,-0.0008777578978000712,-0.0090108915464173,-0.014770547280698973,-0.00020089538019378494,-0.010457286423274866,-0.008768128744334799,-0.007623111522347299,-0.002375667627491924,0.021451257574377467,-0.031724403981174355,-0.01172003179451507,-0.024138611264642017,-0.010069489896809461,-0.017186377909254282,0.00014061945053652478
172,2017-03-27,-0.012335809454910113,-0.007439995057365358,-0.0015187639295878533,0.0025908873395046757,0.005155807495111651,-0.0022088992993627666,0.009963667507861084,0.022114094133666398,0.0059746301084808474,-0.004875281878173344,-0.01853011585993181,0.008227625884721661,0.00462699783181253,0.01543363729140519,0.008897272050931661,0.007186934160468916,-0.0021937611338700906
173,2017-04-03,0.009266663127330354,-0.006834038741974993,0.001216884989866412,-0.001300448812069663,-0.005641937195392839,0.00030190153090936143,-0.002092372760105879,-0.022789466531431175,-0.0025454119604686855,0.0003212142808716216,0.030836986515544396,-0.013488290805925745,0.0011379135621819708,-0.016361796942318547,-0.005274304279940696,-0.001630985715083888,0.0021985843026628093
174,2017-04-10,0.0031936248892816214,-0.0038624364251029658,0.0027346955725006425,0.00564231794815416,8.458486051936952e-05,0.0054325028084047785,-0.007190118485219062,0.012546109618814203,-0.0045933580408005666,0.003532625568192191,-0.013430889044279951,-0.0011788292934225605,0.0027695583401933324,-0.008010311331794391,-0.014168183524378502,-0.012048216815101029,0.002559494357910918
175,2017-04-17,0.008356627978678869,0.012567863656444685,0.003030228199788408,0.017047951572214937,0.00465736109740585,0.0018010781213478153,0.015992684863630858,0.02740528830423771,0.010767408641822351,0.00720069265597079,0.007425894076860805,0.003304349445847807,0.002833135651983881,0.025505259731778907,0.018932938134957576,0.007854439135703294,0.0029174895280488188
176,2017-04-24,0.011444209090678528,0.006162097292034799,0.00422979050685484,0.005940896440349148,0.0032030399114565304,0.008789517376851814,0.0014851674942769986,0.0109250291076234,0.0035508167346832834,0.0027007947380130637,-0.01228526108061004,0.007762718053579543,0.004025751658431121,0.015275216966016279,0.007263481709478317,0.009844367187163007,0.003272721628358168
177,2017-05-01,0.004682110368578081,-0.01312336139719361,-0.0021060032667343633,-0.01919422688443321,-0.002268561413535961,0.010693011994439085,-0.01749701441466589,-0.026526306421857097,-0.007919080309352738,0.0007128780246452497,0.013059577373498615,-0.0011669881910702233,-0.0015473685407152956,0.0,0.005366307798811191,0.0029241397035859244,0.0007249693754838293
178,2017-05-08,0.03145628100790064,0.04122317619348924,-0.004823612289388638,-0.005806337763409461,0.000673678707644575,0.0030368433165017046,-0.007848199618639973,-0.006631925825365174,0.0030571808761541666,-0.0037997382387091193,-0.014732897529266166,0.0049076363996372815,-0.004650078620583392,-0.01631706086965195,-0.003544606265853379,-0.005548159557802815,-0.0047084177807777666
179,2017-05-15,0.0,-0.022818007125804236,0.007270664555595199,-0.003893729144119792,0.002019763365688405,0.012598827667095955,-0.0018251796308064706,-0.0047896352548815364,-0.0003386742666265391,0.005403627351305635,-0.0031151874954771243,-0.003953401499799493,0.005167232079793413,-0.014261010271883505,0.0032224670271779414,-0.0006107946354047574,0.007096047405738856
180,2017-05-22,0.025225913054648462,0.028012552313756427,0.021654137451159315,0.01194348411255657,0.023767433542468477,0.016010855092087623,0.01371521488371524,0.003937405790232849,0.022527080391273525,0.016756209191373987,-0.00937501870800545,0.049964772808179674,0.02175895923598213,0.00476438959396476,0.009386019355065023,0.010594656070047052,0.020776802266814644
181,2017-05-29,-0.00661039975080728,0.00351732372367635,0.01295259437701801,0.0085838445462961,0.014602200333528164,0.012815686397914723,0.006614721228552244,0.013073973550965186,0.014411231976729687,0.011427293455431411,-0.062460591863768754,0.03224378662185113,0.012956468406609446,0.01857470356307543,0.014671147383581355,0.018750126735808524,0.013628348243541177
182,2017-06-05,-0.015526805210315535,0.0008445799178455338,-0.010462245028659693,-0.00978717962170974,-0.008327913790671005,-0.018370967810618245,-0.01224621079791315,0.0001434571325350141,-0.020085066002652547,-0.01037584978436347,0.014131967252212411,-0.01895720915370102,-0.009865372169990939,0.00064065558990536,-0.0039101480932354354,-0.002176965904488855,-0.010476726493679091
183,2017-06-12,-0.013518487391631256,-0.013080186527819171,-0.012921947509739008,0.0,0.006114929007950133,0.000859351361134694,-0.03175077049001716,-0.03598592982487049,0.003999400518628532,-0.010639930577069844,0.017916371976657703,0.014273012590049131,-0.006458989227648516,0.0017071910497255681,0.010835985843430866,0.005791404762422017,-0.012705094623416662
184,2017-06-19,0.011800451352264344,0.004702850566916513,0.00015104147388801738,-0.009669117828588963,-0.0016207449396325817,-0.01822167334420318,-0.007037363231873262,-0.0009921979681562576,-0.005285286232508213,-0.0034405364975173707,-0.024771786828745916,-0.007577310416632521,-0.00850685941922302,-0.016616928703033173,-0.0028721325613058806,-0.007729963679364329,-0.00057420588653209
185,2017-06-26,-0.0173062537619555,-0.014042601662650492,-0.010188933372439576,0.0012301129247197784,-0.01193184847595657,0.004398049351892472,-0.0059936774165263666,-0.007597121954514017,-0.004679976013651514,-0.01235149862476155,0.012700541381949846,-0.012478641708955355,-0.0163225099603876,0.012565038908153832,-0.00279914760918955,0.00616058640823175,-0.009911740299910269
186,2017-07-03,-0.009953960227233766,0.012068126285790074,-0.008477041923201449,-0.008259112902701775,-0.002363639147007956,-0.010172153608165735,-0.010472930507467244,-0.010657409579352963,-0.006213193061453372,-0.011543966092289842,0.01320125687465617,-0.0265544429702086,-0.001039271216789168,0.008631885596397116,0.009818188300958777,0.011547675101617137,-0.007826801059830565
187,2017-07-10,0.0525908335582212,0.04164148454246521,0.0036641013984189982,0.011176901963928742,0.006946119873114126,0.013833908074096877,0.013470248452322359,0.00212398580808911,0.01622159019405476,0.005028272253659458,-0.010423469157857928,0.022050395292972938,0.0031462578297718176,0.0004250826056370713,0.008881753073149364,0.0022350834032804283,0.0038526294094130974
188,2017-07-17,0.0018368635896791857,0.011592972372803888,0.007301481466206608,0.008235753641912782,0.008540810515549386,0.008577103676818711,0.0196202816113463,0.03315682306254474,0.00831397491817922,0.006213771827589374,-0.016458251371858464,0.02001778163074441,0.008411185570892887,0.0017425503999871804,-0.007603081817142442,0.004968666639773586,0.006578935756623051
189,2017-07-24,0.007334020002156617,-0.002773349675890318,0.005436551880509116,0.006663848385638897,-0.004967089006025498,-0.0017394507909857058,0.001862013636641771,0.0017584469138220479,-0.010224314139146269,0.01066635451962404,-0.0026772962162935226,-0.01831657855636603,0.003746252962074271,-0.024309498117946648,-0.01088709721960329,-0.004944101049823658,0.004720402639563334
190,2017-07-31,-0.0007279775088196256,0.0007361157546841644,-0.007810349872660556,-0.0064063300859822,-0.005073536167476031,0.0011615135191220221,0.008364402457155145,-0.009362269725794006,0.01649447005142152,-0.005792796580262712,0.01879192496357741,0.0006663273470421049,-0.007464770031998997,0.0031305476120514083,-0.004688137169043381,0.001995280708741713,-0.005782385687805882
191,2017-08-07,-0.01894356724691628,-0.020433184836412648,0.00181658386109506,0.00257918679326358,-0.0030432517598919196,-0.008992427910876242,-0.007066012021144132,-0.003691525377868103,0.004425524197701686,0.0021550794297227603,0.00790516748092649,-0.011098802661529577,0.0012771722235589836,-0.026007726933364325,-0.018636085148816903,-0.013900318321010694,0.001817513390130292
192,2017-08-14,0.0014852626422437265,0.01793908037953792,-0.001510948055457063,-0.006216643889301088,-0.004042692765007131,0.002048972174642451,-0.001547034524163229,-0.012301780944796892,-0.004732255962776631,0.00334510635790565,-0.00522879926023797,-0.003815940328130453,0.0,-0.01806856322488412,-0.010642653655149005,-0.009027885498249929,0.0014513804407601835
193,2017-08-21,0.014831388329132956,0.02377046960910002,-0.007566585206714222,-0.004745353084591337,-0.002650684961647009,-0.0010710610984129758,-0.01115593867523649,0.008553491643112638,-0.003935153061647364,-0.018018841144147736,0.008541418975894674,-0.00856243205865542,-0.008786632204847331,0.0018582848356175792,0.004851339788575084,0.0071124208262533005,-0.00960159792838931
194,2017-08-28,0.008403272339254133,0.004203421367455651,0.004879455320068182,0.010836473414724648,0.009883631157830239,0.003996627400110843,0.007521209106970451,0.019193442401725515,0.006255217720301647,0.002829265386957151,-0.005863230138433462,0.008863500413479112,0.005861913334202762,0.007464375084045618,0.004785876760883458,0.006149511130719137,0.005487659678536105
195,2017-09-04,-0.004347769242956243,0.001474941952099819,0.00151743154784547,-0.003216038071165784,-0.001891547907456054,0.006698897403238795,-0.001244171860526153,-0.00014606430142412207,-0.01275976363947919,0.005078222581753204,-0.002621219682484198,-0.0009009772545052438,0.0009241133938924473,-0.0040412535340262545,-0.015626245265236764,-0.013801185909173048,0.0021829157925680196
196,2017-09-11,0.02074229779750851,0.019823312647789647,0.002424250055069169,0.007528476932072339,0.0112063700482884,-0.0001928808990445292,0.014637293961310235,0.025259185317253866,0.010936145067515257,0.006335648102154089,-0.02299601590352797,0.02502834747628338,0.009088855570954363,0.011722236430283015,0.015067823638171099,0.005637513199524855,0.0023597443427677577
197,2017-09-18,-0.001782510904093417,-0.002458968826116175,-0.016721686145564754,-0.027113588876282044,-0.016134352273006615,-0.016976853820512113,-0.00736659850166061,0.009968647287342647,-0.007867495652771948,-0.0255768831184791,0.02824478971444257,-0.03057639817978625,-0.022165874703805447,0.015151469303390848,0.002090695516134957,0.0019483568926743145,-0.017413143687717108
198,2017-09-25,-0.01642850717284018,-0.013577638538785023,0.0027847035784378297,0.004914939164959782,-0.0005797757161616304,-0.0008831956141300066,0.005868363450260629,0.021237389717931654,0.01916949920275188,0.007562561809473027,0.007848229578519583,0.004992010577069363,-0.00287869476005147,0.02457488608513558,0.007309851894402365,0.007110423342478382,0.0011127755255631148
199,2017-10-02,0.027596216351062065,0.01880950496174571,-0.001542747113448987,0.003503535719931001,0.0133168870758483,9.82014303817262e-05,0.0009261754676689205,-0.004579445488987049,0.0021113846261459346,-0.0022026771241886144,-0.022063556557929877,0.01805131001471268,0.003641356150154154,0.0032599541500422085,0.010949304240543684,0.012431050021092412,-0.0031492757112304847
200,2017-10-09,0.016961122591544517,0.021151625841167056,0.014833243365278807,0.004145730443613099,0.00853997759935631,0.023765129983575422,0.00709445191387465,0.00989818008494073,0.004375969266908539,0.010057278554520538,-0.014598604609494853,0.018880521862177983,0.013159905973958693,0.004061669265001583,0.005538626788409768,0.006977045530070441,0.014123762820901517
201,2017-10-16,-0.02258511642197821,-0.014192537119308362,-0.011571245886522594,-0.004345878172112271,-0.008549087837377038,-0.016211014501314847,-0.005206719933676939,-0.010353434069627751,-0.0009681177277705768,-0.009633411196611907,0.022222253907257076,-0.018312687519755122,-0.01141890920827108,0.012348145127184022,0.00962871742034063,0.006038718375752831,-0.012277817266989016
202,2017-10-23,-0.020263149104553718,-0.018287915273472368,-0.01509552873390582,-0.012876463799935341,-0.00747312596887998,-0.01189557105244628,-0.01169954700957359,0.013251635799580797,-0.0041997085478925195,-0.01217914124714331,0.00790516748092649,-0.01576720903565793,-0.013499898264163515,0.012744391701199682,0.0067889672617154695,0.011158040470798752,-0.014842447281779775
203,2017-10-30,-0.010885253985643106,-0.0071345278237180156,-0.000938439974718999,-0.006632891530215113,-0.01323838654340783,0.0016775985846047578,0.004049780048084511,-0.0033040348141320287,-0.01070553474112131,0.003475347547604426,0.020914999342322705,-0.02233749327402801,-0.0019025368991807087,-0.012168655246731679,0.0042546745756215755,0.003044192151229508,0.0007533719909472196
204,2017-11-06,0.0007336970485611231,0.009980060900835832,0.01972457581199392,0.01491217223627462,0.013164498719155555,0.010737792138102234,-0.01582364986552609,-0.04406078912780164,0.00836195183847341,0.02605765458580176,-0.02304739565720081,0.021693815108112184,0.018989540411831804,-0.009880262879500645,-0.00411684128838259,-0.012898291761183657,0.021452837579163803
205,2017-11-13,0.025659715031018084,0.018181941590336682,0.010745921324190232,0.0232455910227651,0.011255417902631194,0.006627722298299856,0.013556094489142497,0.027019312480328333,0.015609768048824878,0.01655541134627545,-0.02555695797650712,0.02304048368547969,0.010649142854048744,0.0067940858679290065,0.0085484264486495,0.0046117405214165874,0.008842969796536452
206,2017-11-20,0.005003683670163562,0.021739087398302735,0.0015189418015558636,0.0012859443899925589,0.005810666434746482,0.008811030680303948,0.007153905481292471,0.010692023226611651,0.006243978692280685,-0.0011859150760794072,-0.002689967057531966,0.009052656710723774,0.0009967206565777464,0.009700591781614134,0.010624682813464986,0.005738309317797584,0.00018270021390586326
207,2017-11-27,-0.026315869154152644,-0.022036393337428413,0.02638758063049294,0.03959768839128131,0.01708697807308372,0.007774298146206854,0.032427623576617076,0.04064598839163325,0.015592721056079704,0.03197733969474188,-0.021577847965633848,0.03107225561412586,0.026671321530252003,0.02046775798892638,0.0025988787537193675,0.026397901946227462,0.025926538977656323
208,2017-12-04,-0.016435314832812773,-0.013403291560265413,0.006796767675024826,0.016265118675014126,0.005840042337196745,0.007523770967150524,0.014059128935338347,-0.004146708683364012,0.016449915783773937,0.015109641910376644,-0.024810565039319145,0.012521331034218193,0.006927652739022934,-0.001227838153278267,0.006715682503426899,0.004298881707038017,0.0071187936553532925
209,2017-12-11,0.0037133636187246296,0.020673183969583824,0.004696137719345024,-0.016815297561474644,0.013362043810515188,0.004820837806513788,-0.007964677270398538,-0.00765613109702071,-0.0023119099080720442,0.0030977006714680106,-0.02120138497578321,0.029134300190672553,0.0024079058741901687,-0.0042213547593032445,0.004135091161842071,0.006826491091540035,0.005124444095899162
210,2017-12-18,0.03114667130260471,0.018287202395352184,0.006672850183844182,0.00679985681578284,-0.004081436132702841,-0.009783641009125358,0.0038655650768621972,0.014076984654495975,0.009114855144580249,0.01323470419160699,-0.01227438294848866,-0.004684312371375324,0.009645926237833695,0.01103015853313875,0.009129666708149542,0.004947828244573886,0.00725502435316094
211,2017-12-25,0.012963598439020799,0.020307501242671774,0.0017517795619343597,-0.003888637772413184,0.003431257168647082,0.017558835517658036,0.00266592233849321,0.0055190451819893726,-0.0036742524181759125,-0.00029910084041239306,-0.005116934927528882,0.0030694046708083797,-0.00013682241321270346,-0.002564536867612817,0.002656372741124385,0.0005470437707374267,0.0003517422585975675
212,2018-01-01,0.03448284775515837,0.022908954311943095,0.0005830060751268925,0.006780465594581421,0.007733023284573255,0.00453086163640728,-0.00590836724710476,-0.020992060349325478,-0.003226844453666945,0.00104711226097047,-0.008817078567913847,0.01088182436878656,0.0006163645886572836,0.015157601932423834,0.020977482791559022,0.01762858628238341,0.0007031279436928937
213,2018-01-08,0.00481096922917597,-0.0029166772925150112,-0.006117227234906419,0.0038775059590923353,0.00039147530350830347,-0.004886387776398287,-0.006240799199933216,0.0009559985484894239,0.006012007028310452,-0.010609769820128559,0.0,0.0010111257706970284,-0.004448291081843512,0.022819734609478448,0.023709147645951282,0.023819793499667438,-0.004918255417573228
214,2018-01-15,0.006497901405972655,0.024534737332698172,0.02579137953231546,0.023581948832385225,0.0180025351445811,0.018035953374059183,0.023624505822765134,0.012825858465366356,0.014097520734855158,0.020540841125514617,-0.02446259915863479,0.030505039575758095,0.02474570144148951,0.006531822059936844,0.016101774514474528,0.011212292940662033,0.024360023611471427
215,2018-01-22,0.014271209113352376,0.028907963222302383,0.011999897676668127,0.021648493553540083,0.002152761577253897,0.011687191336398317,0.020157733580891606,0.005792729742190372,0.01027503730314518,0.01568724387843558,-0.007598595449684202,0.00509704522898465,0.011873000250621735,-0.000195456312805938,0.013567305104016929,0.007276466975828368,0.01171810493269943
216,2018-01-29,-0.05829146058469446,-0.049843866450010495,-0.038678562229532046,-0.048405914653713404,-0.03329745409244124,-0.031172700829150093,-0.0386598128055079,-0.05196889515466221,-0.019742856667690465,-0.03773849738052982,0.05666144083855354,-0.05714837164534925,-0.038979221132150826,-0.027565914058883548,-0.0308762481889873,-0.02751980402571169,-0.038153693672362494
217,2018-02-05,-0.055496355967990255,-0.03405980773736236,-0.05080774758896731,-0.03697654761063219,-0.04277771721926782,-0.05176487326610873,-0.042299671364641765,-0.008194560347344865,-0.03417761196458838,-0.030284675151557392,0.09782613381184435,-0.08005797650694019,-0.047458109082892753,-0.03699234122556574,-0.046998243224699275,-0.04000705331725779,-0.048875496169353355
218,2018-02-12,0.05348404806969694,0.05177616510196506,0.03743825079200856,0.04051767728391162,0.03067732270538775,0.0322355381017717,0.045101082472487265,0.02535631304997944,0.04581360138090296,0.037164185327126856,-0.06996699419573295,0.055543064713520676,0.035556614418491984,0.010187798422824405,0.033585887505304425,0.014149470548915662,0.035189003248261484
219,2018-02-19,0.00893811844098264,0.005210305505802593,-0.024753893533363613,-0.017125498913677994,-0.009411917102762296,-0.016822989624567672,-0.024702466502061506,-0.035843308242956125,0.001963654514625439,-0.022508127527943126,0.029808374937001468,-0.032168778985661596,-0.022167835150022096,0.0019013032707247295,-0.00011223865603835968,-0.0006904326149189997,-0.02248202592853977
220,2018-02-26,-0.028702979118674244,-0.02698834569916376,-0.010091941021378155,-0.00808933763081966,-0.015835596697573378,-0.016422434596996358,-0.01220636459135982,-0.0010087215182706178,-0.010703846243668566,-0.007932274478146546,0.04479654664029193,-0.03830076074821133,-0.010441507845373574,-0.008044522055705224,-0.01776360961255511,-0.014216032719740151,-0.011223512443185408
221,2018-03-05,0.019335994090742825,0.01726670432130337,0.01668226019689142,0.008991908822668962,0.021701362936172683,0.019896004512769395,0.020080600429196346,0.02956869726345906,0.04145066530680224,0.010712515010461715,-0.06002630529169182,0.05516138278486473,0.016983641157486285,0.02724052740701334,0.03978678131605562,0.02991171777662304,0.016002893816069157
222,2018-03-12,-0.02755904416060979,-0.009028516369385583,-0.025828014193274067,-0.016787607648474156,-0.01623324317583638,-0.014508343228825599,-0.00787425804160568,-0.00014006747011941224,-0.010828216216450234,-0.01735788057213792,0.034385943412600144,-0.02451180192763445,-0.022029591291029334,-0.011740929824027716,-0.020102484022585177,-0.017690784878004236,-0.02472521746258344
223,2018-03-19,-0.03901362566310142,-0.03753652126742117,-0.035837062869208125,-0.04173692649839763,-0.052458804394187826,-0.03610863474899728,-0.04304015555869806,-0.027602557003607118,-0.029289832279844472,-0.0401114346052581,0.1017638378458576,-0.07493889424876042,-0.04030539677256957,-0.05176962764272746,-0.053713249583579155,-0.04522056091110207,-0.0395177338021363
224,2018-03-26,0.014170746806235533,0.012607298231884674,0.033561415666197816,0.033516271249092816,0.03549121101009532,0.03581014065957816,0.0322648222110202,0.008213210662655474,0.02381191091619633,0.035069077972231064,-0.0591132114936777,0.03368360133312455,0.03466099252744892,0.0266868751257476,0.01798057567242648,0.022064943339851723,0.034801489922709906
225,2018-04-02,-0.003398783475254165,-0.02243833694651158,-0.0022067396719571536,-0.00021313483261070447,0.003532034796057198,0.001992546551047386,0.0003102491500077615,0.017721838646040516,-0.007748469408713301,-0.006160189726523681,-0.03730368564998928,0.006053501000465436,-0.0027916797016673315,-0.018325780715766595,-0.011917699726858045,-0.014853806062897311,-0.003990172702432025
226,2018-04-09,0.010231162068775721,0.01308343101811033,0.003475430943294713,0.0006396498721856916,0.004609078347578626,0.0012926707862192604,0.006821643197771617,-0.007161996179964773,0.019071955464266863,-0.003575922934731723,0.017675035935220813,0.006942868629500669,0.002799494995019848,0.01570667532617621,0.01897611008886303,0.01150780021164534,0.003243071838022043
227,2018-04-16,-0.009752410544251062,-0.02428065537798839,-0.039357546911541405,-0.01385047559624961,-0.04312644131388999,-0.029096342573259746,-0.0027718730168855813,-0.007072131566607853,-0.000589442900771238,-0.02886992606420422,0.08617240988202854,-0.06550218735090266,-0.03585073494445056,0.0071826991080512995,0.0016966105051028988,-0.011001357857372676,-0.03993150920572672
228,2018-04-23,-0.006060659384378257,-0.007701554719303122,0.004260738443467607,0.017934342458690872,0.0034871275731366475,0.008591636429082427,0.022544936791101537,0.013247880008509638,0.0011795810972463426,0.01823105754875006,-0.0055350289224515865,-0.030742680161101796,0.005257399209754023,0.000880973191040907,-0.001539725402263454,0.003264970174651595,0.005545644574004508
229,2018-04-30,-0.019817094643811387,-0.01989079752320275,-0.01958212453015915,-0.037147024309856676,-0.015724164472644107,-0.018760813206329798,-0.02476597998198155,-0.018979285021668617,-0.005154531481730574,-0.02992178609968396,0.055658484563943074,-0.025627953379970994,-0.01985897315767919,-0.01534008148793788,-0.007979986173766315,-0.005335651404006352,-0.021272475743678656
230,2018-05-07,0.002332914162156197,0.007878927944619737,-0.0026632269391980027,0.011904774792622667,0.004413073951138584,0.0006200637319861587,0.010839248845055788,0.020206402008232226,0.014211579569475082,0.001163961965905491,-0.030462717153850963,0.017708293254486633,-0.0014692911004939096,0.00753417283231212,0.01088098262631569,0.012592684739806851,-0.0030186290159214062
231,2018-05-14,-0.031031844862164693,-0.03276997187420106,0.001335134987748169,-0.008278988227079414,0.0027240570556310044,-0.003718204470810303,-0.003063635894497247,0.01601352419876427,0.010655458319755368,-0.00697558428855851,-0.0006042876582272318,-0.0007677290942171015,0.0006971557894105834,0.010097134379816132,-0.009187654392355141,0.0030056200864059324,0.0
232,2018-05-21,0.014811858737048293,0.001918560247423311,0.005333419116526121,0.0026362120030645583,0.007361361357224058,0.006220177852304019,-0.0030731746622800807,0.033734147394050444,-0.0060659196093792445,0.008613552764535485,-0.022974499173974112,0.014596743912272366,0.00688793448425666,0.008825143199866764,0.0037246407407600683,0.00202283123941858,0.006863130910042992
233,2018-05-28,0.0015779231626157303,-0.0010185709788578148,-0.0036472646777099675,-0.00964059115485949,0.0006959443886685951,-0.006593881084769999,-0.0018497071271124672,0.015915514959155705,0.008427806944387077,-0.008954546033364926,0.009900942532443419,0.0017667150617813635,-0.003535765908945547,0.0020729895521310175,0.004638621881222549,-0.002616800089730527,-0.004410599675820205
234,2018-06-04,0.009452464359252495,-0.0008156707154816434,0.02462569391708537,0.01880534734032874,0.029296721143059982,0.012653069003467179,0.010809184674572137,0.020405465715307537,0.021181533332671327,0.02116620030119862,-0.051470714068289965,0.057949118939274825,0.023063908462586297,0.024410498114016937,0.011927599618273155,0.015367400954643569,0.023560217186580003
235,2018-06-11,-0.01053442622782869,-0.0281632735748061,0.013640759842270206,0.025407208152920805,0.019679018226864547,0.013723898711819345,0.021692641501154915,0.027093369975695697,0.011429443009073224,0.021219070999662845,-0.0490955104608928,0.034055760026758766,0.021337520206230327,-0.011631812095289561,0.009505675917664104,0.002989911052586196,0.01396816974278737
236,2018-06-18,-0.016955865044084584,-0.01553966299643472,0.009015932629839131,0.01122400015876377,-0.012590051090021875,-0.00990103991293454,0.00986846781206327,0.011807562750753488,-0.00697549465389034,0.010700029021700874,0.026494508494033724,-0.023721807770417228,0.002952920483430039,-0.012340555563375245,-0.002259889675823653,-0.014905473521588044,0.00950248956215645
237,2018-06-25,-0.022864058203633977,-0.024957268841295833,-0.0015994327822497704,-0.00967595071333124,-0.007885354931708824,0.013723082177102233,-0.012593829266925174,-0.006579810845562081,-0.0032359223223162505,-0.00223501393355845,0.0029617978391808467,0.012895934400811217,-0.0117032430673013,-0.0250310374131536,-0.02113992508113962,-0.02488234814602606,-0.0019368773486960254
238,2018-07-02,0.022167476146051482,0.015179426879093055,0.014097988523660227,0.016981542635811222,0.01702776079566422,0.014895033048795473,0.014741236217952428,0.03886524962901678,0.01609706826194709,0.015919995915312544,-0.02509907485778632,0.013535719570333246,0.024026323261500098,0.017281288812267884,0.017074930419720993,0.008696747621710263,0.013390256385748327
239,2018-07-09,0.005622539672470907,0.006304421173633972,0.007898911079078811,-0.005426820158531626,0.007703813998792485,0.0030156427064153197,-0.007411858000448666,-0.017562803391113782,0.0,0.0044098282172436234,0.01219513609936764,0.006907511915444965,0.0066799637096715565,0.010033418885241318,0.027366086415427576,0.024015556937774376,0.00995797592018961
240,2018-07-16,-0.015575095818045998,-0.0036726459813094903,0.00250785896979065,-0.016789096497387582,0.000997256021259834,0.009621124425829677,-0.0005973534708073604,-0.003305998496498856,-0.001667598964241513,-0.007604861406029159,-0.022088389967637644,0.001143396419354049,0.0017501443686026232,0.010389070426737647,-0.001627840939118383,0.009678860097524849,0.0022752457808333506
241,2018-07-23,0.012981694892477878,0.007805769513187756,0.009068242889301244,0.007684090598400121,-0.006392120270719211,0.0025809018903367766,-0.01763310664993919,0.017690402305872002,-0.0038975172260715778,0.008690105344283015,0.008213516119435637,-0.0034260878818617125,0.008152332390642999,-0.008930288282383429,0.0049655188719196905,0.008627340247979332,0.009837351826682274
242,2018-07-30,-0.013616298433877306,-0.008175577010053097,0.015803913625531196,0.013344584916284406,0.017628871147923813,0.008118815185179372,-0.00030414307634679113,0.015451548824926446,0.005310231312024135,0.021929785336233448,-0.03122873929711981,0.005500756692054907,0.018628342778421743,-0.00033079687676093155,0.0011062066318197987,-0.0007311257086295398,0.01704759006348573
243,2018-08-06,-0.03654083900751066,-0.030889305812121945,-0.0173885688607919,-0.018185562667787186,-0.01584562100455759,-0.019446111542417554,-0.00699937842494675,-0.007132774924897524,-0.012232551571967334,-0.02245546116157223,0.028030804040109665,-0.015044423165551884,-0.01892552079876513,0.0006616042997820224,0.002946575197551655,0.0041336435368468415,-0.019340624939828313
244,2018-08-13,-0.026548609670634524,-0.01736947226078622,0.03011492666783058,0.036193240398514355,0.009176612210652161,0.02143441429784967,0.018694549545592878,0.01628355582038187,0.009569431477969445,0.035515405933414256,0.013633319694635111,0.025225576557090623,0.03171742772508034,0.01661092734952666,0.010980490411113123,0.008014585868553276,0.03343350078835153
245,2018-08-20,0.015151517138736467,0.01958987007144282,-0.014466426664567945,-0.009040410191496151,-0.00743992417927101,-0.008825285480580494,0.0045125133845734,0.008246964494478795,0.00919995630180705,-0.016807939584775403,-0.01075996175717051,0.014446970492641964,-0.014986003865138202,0.008535475938017137,0.008754551961431456,0.010625282177953858,-0.017448207540429462
246,2018-08-27,-0.01791043284866743,-0.010545065112021511,-0.004281390379519212,-0.004768882994611626,-0.009327872242298543,-0.006925245898675774,-0.002096478064490801,-0.0028045325491830256,0.0015193781679632146,-0.001694183454214489,0.01971450722428383,-0.054072141875590264,-0.00433662963636037,0.011848679677000746,0.004969364624693681,0.002395800238382533,-0.005179511101770086
247,2018-09-03,-0.042119081537333736,-0.05220368153924357,0.009213596177866913,0.00395835682243491,-0.0009248229449400254,-0.005180295568375621,0.002100882518607133,0.002343681423697897,-0.001792965080129643,0.01519599213887301,-0.012666632911541962,-0.0011761162167211981,0.00906815253834958,-0.004938888258160072,-0.0049447921495094456,0.005315576741027128,0.010970677806430098
248,2018-09-10,0.003626505462602505,0.016771462306604108,0.007912417702007388,-0.0016600351409462456,0.020868408580854616,0.012016791212212349,0.00718780427066269,0.001753595045577756,0.016855598270585786,0.001595529483845263,-0.020931800034550967,0.0393310806470167,0.007571470016328222,0.0020014179534629663,0.009002447383722044,0.005677721106551018,0.007172980126595277
249,2018-09-17,0.028907074696638137,0.026710313612548036,0.003321289081260457,0.009987534383296887,0.009396668857422163,0.009103580453009031,-0.00773116762277922,-0.009336021297818553,-0.012228364540994375,0.003034444464570956,-0.0262069646779711,0.021980483206559508,0.008848833837108555,-0.013901695661163274,0.014097123299955648,0.005292925528098444,0.004748116548526299
250,2018-09-24,-0.022388166563880554,-0.025559049264293785,-0.014176413305535415,-0.02331863129342391,-0.029315604702866066,-0.014512668230312172,-0.02457306897859232,-0.01543166824305643,-0.013067316736760842,-0.029345012900867662,0.043909345511644014,-0.04567625362236887,-0.0245736929435418,-0.017887553728400205,-0.010509812002493901,-0.00803626743442017,-0.012887618025188573
251,2018-10-01,-0.05074085691628429,-0.030227855628410794,-0.008604869749594563,-0.004263554446018571,-0.010126857019760793,-0.014129359959992321,-0.010274107878302886,-0.03324050730731093,-0.008735018562144035,0.0010651872157927877,0.037208668225424624,-0.03554840152202976,-0.004515947171517508,-0.02655627902273898,-0.019625300987395913,-0.016800140508519454,-0.009085907787388655
252,2018-10-08,-0.007568656878701097,-0.011400426685653324,-0.020148733901461026,-0.02440585214369921,-0.035261890139592966,-0.024626623329052372,-0.017746029942687574,-0.035005002282482225,-0.030422527335865385,-0.023869123430073975,0.07213121731439641,-0.0705852926305657,-0.020260985089090897,-0.056643815039774156,-0.04094636831851818,-0.048702297585193365,-0.019835279357613745
253,2018-10-15,-0.01811235968902205,-0.006859591055082128,0.04397347653988069,0.03335522033510797,0.02093683491769797,0.03269876812650765,0.02662444842182948,0.040262503569008366,0.02411389054539929,0.031267595113342546,-0.017125451345345186,0.04484183455038495,0.04224315598344034,0.004504364807415119,0.005996240086827203,0.0001137117068503624,0.04410073231278546
254,2018-10-22,-0.014077743725322904,-0.022872876916686144,-0.015757683072869424,-0.03206614329864244,-0.010514374309364456,-0.015631366179097,-0.03272611934546214,-0.016569833348914285,-0.01843973503025211,-0.026354712403540616,0.0,-0.015132650819934071,-0.015110934736935424,-0.0017936936369285037,-0.019541239805457588,-0.0038648074741902926,-0.015724901088208374
255,2018-10-29,0.06351552164671836,0.04389690135443762,0.02493844183923503,0.027643624279121797,0.03161492720536036,0.013843705430822056,0.029045631595764326,0.03017727722774567,0.039017345730000624,0.029543271954985562,-0.059116380761583924,0.04634755449456089,0.02401781648046073,0.0006738945792282,0.010773339292645942,0.009243117619474583,0.023778488218972254
256,2018-11-05,-0.03888885667995687,-0.02796857354776296,0.029137756268587278,0.02476509039352615,0.009023542352455845,0.022489908835520336,0.04187351260169427,-0.021115606903630024,0.015577167969411828,0.02202570703241446,-0.016534350485594956,0.025517515765491494,0.027935273465282563,0.012929205110695598,0.01484578255095118,0.009045332454306073,0.031028853543036312
257,2018-11-12,0.024084697435909495,0.03432612507079307,-0.017512936650829543,-0.0058332591751821625,-0.012064371935516254,-0.014728997589024953,-0.010122064466476718,-0.004488782346017387,-0.011092828090408393,-0.012217334955485744,0.01681233146654277,-0.02464786687299321,-0.014371231000764597,-0.010725539712574117,-0.009002232780797325,-0.025510839247477355,-0.013375574866851932
258,2018-11-19,-0.01975539375737544,-0.021327507395335402,-0.023172927928327012,-0.013830711707013766,-0.019812183729951218,-0.015347708934366584,-0.013834604866112895,-0.012900783895268095,-0.015510294635621709,-0.016363247675724127,0.0449735688820517,-0.03802635163766084,-0.02259694301106522,-0.010797020596701113,-0.01797880301379403,-0.006324317639311397,-0.022654271767132875
259,2018-11-26,0.02063343391362858,0.03326182531667736,0.02798044193090798,-0.0012750023248417981,0.026746858290941113,0.019635531942710845,0.008539140441957076,0.01725670673853728,0.0150514355225861,0.014761080056050426,-0.03607598361803002,0.03427563994586627,0.027078576245274252,0.010960161214186463,0.017922560557498215,0.013191932367565173,0.026829674952303574
260,2018-12-03,-0.02914910232093651,-0.02750963007587019,-0.02840237908252382,-0.03787230728837883,-0.033517159912965666,-0.024220684766947036,-0.03719381859131906,-0.04777350552671914,-0.03381385510746948,-0.02986223908081417,0.017728161245227938,-0.040880498707171226,-0.03001311439309412,-0.04444041005596539,-0.037864470186567634,-0.041382651571615914,-0.027372887830386813
261,2018-12-10,0.0029055947272445476,0.0024814718803762353,-0.006394589453974944,0.0004422717610260376,-0.005794656925147281,-0.009969573073739926,-0.006595511166134377,-0.026067594540275147,-0.002294931611900686,-0.003490630208726689,0.046451703320089265,-0.024211857584225952,-0.011141903485234283,-0.005157174464376495,0.001101928811026791,-0.007982535974817878,-0.0040204457214144335
262,2018-12-17,-0.031868699943887094,-0.018613999445239858,-0.07753599609609756,-0.07625984436341988,-0.06958663893830716,-0.06350178851082447,-0.07081885914311113,-0.08621381487690581,-0.08021848424894881,-0.0712523270969414,0.1325524505349044,-0.12173682808791302,-0.06395189780123053,-0.006597422207738966,-0.011242998442518241,-0.011769928800714419,-0.07926610473024488
263,2018-12-24,0.03005374311438069,0.010896044139680964,0.01816680924786258,0.00744296254725114,0.014934101945384831,0.02253260776145407,0.004083105941402893,0.020312033938055866,0.01609885770695252,-0.0052288625424286896,-0.016331063379844992,0.0020598517602911227,0.008573390122879446,-0.004981082898960816,-0.006838379210110931,-0.0032408321341924947,0.016993964232924312
264,2018-12-31,0.02347183259306439,0.014224969201768798,0.01315356319201587,0.023837868153806046,0.01439588754553607,0.017429171353848735,0.025505619818383982,0.029659953199516496,0.015938954094500257,0.022854035525941868,-0.02854890931746645,0.03273834710701319,0.014933289301154415,0.003431425000698566,0.003205187208463869,0.0017467230378242998,0.013644468000832508
