ALTS,BTAL,CHEP,CPI,DIVA,DIVY,FLAG,FMF,FTLS,HDG,MCRO,MNA,MOM,MRGR,QAI,QED,QMN,RALS,RLY,SIZ,WTMF
-0.0050102855675587905,0.0045896092642815104,0.014601378279862529,0.0007504969434089965,-0.006144680177929354,0.008471012924877822,-0.004207836572410223,-0.012749732776090171,-0.00941940225954616,-0.003909760078467465,-0.0007748063904951741,-0.0030991781568110565,-0.016361511492014088,-0.000539559330014291,-0.0019921169310561206,0.0,0.0015618592336212195,0.003682389692120926,0.013873326241328985,0.009323064450749772,-0.0047414535368983214
0.0021721902803260194,-0.004060929278046911,-0.00972385423839542,0.004499527926627337,0.00783924181512058,-0.002940059878113621,0.008451458992996583,0.015227332115972934,0.011441740916856572,0.005310458476688993,-0.0023265386665406477,-0.0010362593342694458,-0.04079211881188114,-0.008906910615160022,0.004324823576452576,0.0,0.0003898460268275902,-0.010029152099023948,0.005917227526618192,-0.009236947791164534,-0.0013612287082743586
-0.0002463924236779277,-0.03465856841904482,0.04477615012951052,-0.003732797977738113,0.0,-0.008003373195638529,-0.00029914358583729684,-0.013290157255779624,-0.0040338081594419465,-0.0064307798707494935,-0.005441103811955182,0.0031120378001312445,0.001651569019470239,0.00953165886008955,-0.004306200021076504,-0.0009990931786961793,-0.00428683272095033,0.015320130273457326,0.001470495125679405,0.0,-0.007042303560027417
-0.003325604116906055,0.017951482476927058,-0.02556394983299687,0.001498629175780494,-0.0176814364110152,0.010318408678926385,-0.008383456229121037,0.0005772200465190871,0.0005786728723747084,0.0027739067456614146,0.00390777669374902,-0.0017235616357014016,-0.02390766694146751,-0.0032372727618459572,-0.0009979785628605646,-0.010499912643539923,-0.0007827040227654018,-0.005597578119161944,0.001468455607109196,-0.012971220105391174,-0.004575617213925555
0.0008649401493075488,-0.0020747748955674615,0.009645073235569223,0.0041152069454959425,-0.009796097831955059,0.004287028550371692,0.006038786204293721,-0.006538495881178686,0.008247289568522905,0.0011526088994987002,-0.000389312254413977,-0.0017265025223308173,-0.008445945945945915,0.0,0.0019980874309022093,0.0,0.0031335464961957174,0.0009790103701310961,0.008797694955887761,0.0012319917864476431,0.0004596554507481128
0.006174235624882317,-0.002078932001970933,-0.015284595031354025,-0.002235438146449103,0.020197901392847238,-0.002301711291320104,0.009904012627741154,0.004452171609227565,0.0035315683832050243,0.0029932680021039896,0.002336504592950716,0.0038048746748509813,0.011499148211243593,0.0,-0.0006647123563027934,0.0,-0.002733303143643095,0.0009778177499534066,-0.01308127810916655,-0.002050820428663809,0.006202687917879162
-0.006823694958164965,0.0,0.0,-0.0018670770111333735,-0.01818167927039555,-4.1988078541404295e-05,-0.011292913586162672,0.0040470440077803645,-0.006827721299278062,-0.0045913612997104435,-0.0034965275214070782,0.002067484698693934,0.0442104842105263,0.0010827347253168633,-0.002660515812274781,0.0,-0.0019577841261057887,-0.0012211760566088086,-0.016936957825985973,0.0,0.003652990927111704
-0.003756401255924215,0.0031249205894229395,0.016686020123527313,-0.00448935149593265,-0.010288121732977572,0.0025588819867177013,-0.006612524420665389,-0.02130508049039165,-0.009085480913366991,-0.004381924964068792,-0.005068154782568588,0.0003439451573293302,0.0,-0.005406956612244339,-0.0066688106633227716,0.02324412695899234,-0.005099969310214799,-0.0007336798751428074,-0.016104788394323544,0.0,-0.002274844811592098
0.0012400157826565215,-0.005192115465317397,0.005343534504067253,0.0018790819898642527,-0.006652862949381472,-0.008368183459030475,-0.0012103795153648926,0.0013727655696535608,-0.000977884840534593,-0.001389844961424945,-0.004702306562650404,-0.0017187869881500248,-0.0024193146136820914,0.0,0.0,0.0,0.0015772561052860821,0.009544841234780959,0.0,0.0,-0.0025079307805908444
0.0014866340054538825,0.009916564669193004,-0.00265758558762642,0.00412601175461633,0.006697419966533268,-0.005063262900728259,0.0015146791722170216,-0.003133624509236513,0.004649964342880546,0.0009278996484014287,0.0011812313020176694,-0.002410514446377444,-0.02991107518189161,0.0024464542554728176,0.0023497675444994768,0.0,0.00039368309273411366,-0.007757489856910087,0.0030454786039545998,0.008220345252774366,-0.008457166070629053
0.0002474897116662107,-0.022739132361164496,0.0,-0.003735548762296315,-0.005488619350693771,0.002120336848631762,-0.0037335953765531655,-0.0013751730585845026,-0.009744212730357936,0.00463489352655214,-0.0043256559329234254,-0.004832573448214177,0.0,0.0,-0.006697981065549574,-0.013333408803661387,-0.005116025773282129,-0.0017103769673446538,-0.0037951145338079796,-0.0024460659418643004,-0.0016135912978378713
-0.0145930093347844,0.022739362464571304,-0.012942521109414431,-0.0014998682402881404,-0.004933476627244393,-0.0021158505327809095,-0.016763312363726177,-0.014558367643647247,-0.00449190622792672,-0.010611280883708885,-0.0015798435095717267,0.00034685753976657963,0.035,-0.015139347053498462,-0.0020228749128365577,-0.011010968973624163,0.0007911036413146732,-0.005763615668694605,-0.016000021523708913,0.0,-0.017778836686688376
0.008228422342515923,0.02637030139000053,0.002699568015473693,0.00037558798824467975,0.00840315768886407,0.0025444485305180058,-0.004959552610667014,0.003194206308418109,0.0061859020216994244,0.003963637289286992,-0.007120181178476981,-0.0006934394903676048,0.0024154589371980163,0.017355448925272497,-0.004054123428172289,-0.01265186261796542,0.0,-0.0098689483295098,-0.005483943997636892,-0.014711810981275516,-0.003996233356869405
0.005989574550656632,-0.01763229073214214,-0.021153824235189054,0.0033783308473953927,0.0017085283955695426,0.0025381233427875373,0.011838079531061366,0.004975110304481255,0.015063029043549375,0.008360349289779667,0.001992031953645679,-0.007980561381586499,0.024899598393574342,-0.0010833147488927169,0.003731375555450512,0.011788716405109909,0.0027667942374508506,-0.011712060236306032,-0.004707711562469089,0.0,-0.010148783988790348
-0.01240386239824854,0.02974353841960807,-0.017681717364215834,-0.0026187053656105746,-0.02666296776394407,-0.008438844980873288,-0.012623263392356915,0.011287128306776258,-0.025136194993988958,-0.011975993822442792,-0.004373733243531029,-0.002798153874702062,0.0,-0.007047747656719512,-0.0037175041513329422,0.0,-0.005518320417769553,-0.01487632789273582,-0.029562474610817374,-0.03276652705240453,-0.008822053080538475
0.00042693712538295967,-0.007470105280209052,0.01319996168139325,0.00150039235446366,0.01666679203082419,-0.003787270453030192,-0.0012473245162980275,-0.004699337810279038,0.01273694093364045,0.006293747573136679,-0.0003994181877804722,-0.0024553611952015377,0.015282131661442029,-0.0038220795337965564,0.0030528741675167645,0.0,0.004359853710607325,0.0007676256180434107,0.0036553980783376994,-0.01114927101200682,-0.009862862652894369
-0.0034399644239271354,-0.003010460576037829,0.0015792302138106131,-0.0011236563548429712,-0.015552779881251413,-0.0046985939923658605,-0.016858985749943968,0.001967312427262916,-0.006748231562386321,-0.0027796899228495577,-0.003196091318085182,-0.00773557971047742,0.0683133925125434,0.004110577734808906,-0.0006762631696703786,0.0,-0.00039461526012376537,0.0,-0.009712502491380998,0.0,-0.004859091651516139
-0.00302341932597893,0.006542520090382971,-0.0031533611649999967,0.0,0.011955670568644905,0.0015878815534530364,0.009844139139926449,-0.00962109894253063,0.008029317698396278,-0.0013938127369116534,-0.0016033129479700006,0.00496107985905313,-0.0317919436416185,0.001637679531404002,-0.0010152718030823245,0.0,0.001973935264913604,-0.00025570620109891966,-0.0004087429666754559,0.009106721990751096,-0.0017090519420656987
-0.005559918461472794,0.03950000835752192,-0.011466989490193737,-0.0029996212892209953,0.0,0.0047133803931147964,-0.04150923594666508,-0.014076063668546888,-0.040104193414736734,-0.024424255327341424,-0.012444736947191486,-0.0024682767005016213,0.02238809785030212,0.007629355581919561,-0.00914631639971482,0.0,0.0,0.002558424996640611,-0.03843023302454456,0.0,0.0017119778010513589
-0.00015225391189749649,-0.018759048860599745,-0.007200019417341181,-0.007897748936088201,-0.03248957059598544,-0.012282473586770629,-0.004921259808350725,0.00020108691468901535,0.0043088761272705054,0.005960893744903796,0.001219395883302532,0.0014139133894431669,-0.0025547445255474557,-0.005137878019139427,-0.003076914567406708,-0.02735550109960139,-0.0003939933254822,-0.00102050280182016,0.0034015170844123185,0.006875805758487329,0.004394546053638548
-0.004168544171963517,0.007352926702615642,0.004431896971380776,-0.007960581094314792,0.0,0.015112196776488791,-0.02637655959617177,-0.0050261213460173655,-0.0122670656017939,-0.01635463522029997,-0.006902103127098568,-0.0014119170610058275,0.00658616904500561,0.0,-0.008916330209933822,0.0,-0.005912548959867957,0.006640929239481657,-0.024152296782320545,0.014938156209987147,0.008993603984909813
0.005105031020832386,-0.008759097201215921,0.014440472622867953,0.007642427149244609,-0.006541581679318381,-0.0017438976249695222,0.013207001772024956,0.0022226417971998574,0.02091359257947376,0.007711012175015202,0.007359046143970759,0.0035347477398486077,0.02290072700836052,-0.0032616692934269434,0.006228321033357461,0.0,0.0003965733011576761,0.0015224389488187092,0.008684088931167809,-0.0050462991990622074,-0.006745330249067558
-0.010157873599658215,0.013254720763414595,-0.0007908241126981765,0.003412882337654268,0.022826949272564283,0.017512360126042792,-0.0006685835439610273,-0.02137101832388193,0.00031522483445338775,-0.0007173674122588358,0.004464177912893197,-0.0021133641412835608,0.06574275286932309,0.00518119976347801,0.002063362024434277,0.0,0.00039629554083539086,-0.013934890055478872,-0.0008610299434860096,-0.002113229078613681,0.003880693762056744
-0.0038479035401714056,0.02228682439187639,-0.016224804989461758,-0.007936512851029759,-0.006008393150913534,0.0004188712136194888,-0.017034541031037194,0.019777524085332447,-0.00724639606395738,-0.007657404201031606,-0.01090908399969492,-0.014472256925228572,-0.06302100700233401,-0.0024417458976658877,-0.010638389085905049,0.0,-0.004358126604467579,0.0023124923196953034,-0.018095678147684476,-0.010165183813418813,-0.003382493181789159
-0.009065233825264836,-0.0009478591358189816,0.011665332788780871,0.0011429191599549905,-0.017702899491024368,-0.010046075786089074,0.0044430896349078215,-0.008484831677558194,0.002764436390548125,0.003617061040484833,0.0053104664896581185,-0.0014327593726780614,-0.011031992882562321,-0.01142233287937544,0.005202958721489175,0.0,0.007162754515673662,0.003994066498573504,0.009214796090750987,-0.017116045480699685,0.0036363927618537593
0.014033231934797205,-0.026565426399096,0.007952263335100317,0.010654496096896206,0.05494477863228872,-0.0038900050238218436,0.07927850513235911,-0.002648729986972359,0.010830418085370191,0.014656525218741018,0.009345845251316705,-0.003228016745830919,-0.061173117626012324,0.002475891272371692,0.0041408224489166865,0.0,-0.0015804120872242632,0.014623018732208653,0.04953770601569545,0.0,-0.009903387292533814
-0.0012839063620344769,0.012183277137558984,-0.017751428470206578,0.002635466522569488,0.0,0.01829525921850635,-0.006935698152167595,-0.007150190740202763,0.005952467389014204,0.00284146743471356,0.006441240666269572,0.00035976539513083285,0.04177845917976236,-0.006311672670108525,0.0017181574348488098,0.016145816187002122,0.0011872053676719749,-0.003792817832195696,-0.0024896662526080983,0.0,0.004635286963096625
0.009514134139897984,-0.0284064465203232,0.0040160525518754455,0.001126648600347374,-0.0008331299606922555,-0.0012090457950814234,0.022539681690356653,-0.0051440392194131495,0.01650567963675469,0.004958728599440283,-0.002400016455386237,-0.0075539198561517095,-0.002943340691685,0.0,-0.001029063030295067,0.0,-0.0039525116740411325,-0.001776584012596393,-0.0033278849897276264,0.0,-0.0012141577916197342
-0.013499982120707871,-0.001486557874296716,0.00599998258245149,-0.0011253806917661381,-0.010425312561496591,-0.0041734619176450796,-0.0015522143133056144,0.0035160895615745447,0.0012256024487992394,-0.0007049654800939528,-0.006816392446597071,-0.0007249299014584586,0.009594132841328377,0.012151481205762416,-0.002403901858015666,0.0,-0.0039682764789771285,-0.011441913251501859,-0.009599419218964518,-0.02568567808818798,0.0048626357770370846
0.007358832965315748,-0.02630270079762999,0.0023856389225977983,0.0033796381626775914,0.0080066658985474,0.0012573164642461039,-0.006529887229977701,0.008862308399643795,0.016523980018103488,0.002116222496740006,-0.0008074614323046327,0.004715261071139279,0.019005774159145717,-0.004365635380529096,-0.003786607437874669,0.0,-0.002788840308719406,0.016718193454484626,-0.011377846321328116,0.024575559632509285,0.002661452603565045
-0.010380566198679143,0.01783883585319668,-0.008329964137253362,-0.0093563098437115,0.0,0.0025115189465222685,-0.040375564285447724,0.0034729083034474558,-0.028597391830941288,-0.011966288107105951,-0.003636306258335301,-0.003610036762749601,0.011477833984140342,-0.006851141260279546,-0.00898404107766599,-0.0029216258549573074,0.00039950259638219237,-0.004047401871410147,-0.027280501307537768,-0.016136109899694658,0.006756799143637773
0.011395916031225958,0.0030045312032482533,-0.021200059413193216,0.0045335255109074865,0.0,0.0020876673706997136,0.02217860839210894,0.004682455774917404,0.029439278410877318,0.010211320762305371,0.008110342075990094,-0.00036235192440816944,0.010283652117600921,-0.00993373689883889,0.007322095661311494,0.0,-0.002396179813777395,-0.010414231757680938,0.011831704046223976,-0.030141845307705892,0.008149606920822948
-0.0023048759381186536,-0.0009984936388758505,-0.028606416771664225,0.0,-0.03260873672393245,-0.018583291451029424,0.0012764851509441974,-0.024113539468034646,0.0024080675693210155,0.0002350595028285003,-0.0020113042462333464,0.004711842837395887,-0.03685500175500175,0.0,0.003461435265737807,0.0019021443930735554,0.0012009473481792905,0.004363576855983703,0.0,0.01873866630432655,0.0011887545176981929
0.002053406745148192,0.00749623735703543,0.03407659605504725,-0.0003761144595713178,0.0,0.01426505723510021,-0.0009560426501303948,0.01993357596989397,0.0018015808615890574,-0.0049352553660471634,-0.0016122779538018546,0.007936503595014443,0.0021865523984493022,0.0,-0.004139358752784846,0.0,0.0019991915186314945,0.003833338845834157,-0.006063001889851594,-0.002243203129510929,-0.008311696552745362
-0.013575755606400126,0.029265820081907087,-0.019121222113329502,-0.004890903875035908,0.0,-0.0033486044543760466,-0.012759333091419871,0.003257366830106495,-0.02697844236717885,-0.01322627190329864,-0.012918763824588744,-0.0028632867675208247,0.027272727272727268,0.00585260064282549,-0.005195749664673928,0.0,-0.0007980487251508854,-0.0056007931022488576,-0.03137267041126825,-0.02787765287769784,-0.0009577364800078596
0.0,0.009638616820773192,-0.007051079154706707,0.0007560943531727654,0.03370790905584889,-0.0008400735304604522,-0.03844906015692722,-0.009943233853538291,0.0027726838994390412,0.0028723377020377343,0.0049079252845333175,0.0,0.006017699115044308,-0.0005541934378279422,-0.006615549241472815,0.010261648249450295,-0.007987266045924316,-0.003840100050315115,-0.004498739423289778,-0.016651294326952018,0.00719075369974247
0.0002596821764486532,-0.017661137193781516,0.010025118161629208,0.0037779250300097344,-0.03135463868114866,-0.01807476831229319,0.044313352553232266,0.0022546138986445515,0.013210638594609652,0.007159663993326294,0.0012210096037221251,0.008973496501009941,-0.02779736101337087,0.0005545007384984889,0.005608180098612572,0.0,0.003623229664443871,0.007453007460886694,0.023045746836189263,0.0,-0.005235597964719092
0.01595657107884845,0.004859093555221717,0.0,-0.0015053976207248894,0.0,0.018082430084799626,-0.014234914647795397,0.006952980852408703,-0.005732542572040992,-0.002598985713545348,-0.010162685164425372,-0.0014230751138828992,-0.0003618530713664904,0.010720006679252835,-0.008016763547001572,-0.03809041046139894,0.0,-0.0020782993607870023,-0.017225880116493168,0.004233301975540915,-0.00023922975501770684
-0.02283317665230815,0.05029009164046267,-0.008684963238224389,-0.008948230414202236,-0.0004314102377216578,-0.006003458301987538,-0.06531007741942363,-0.011372926918453008,-0.04124682163132092,-0.02494641783535569,-0.002321712650493744,0.00448418962389069,0.02534391653352952,0.0038462661072955593,-0.005408760810910445,0.010190773009895352,-0.0008022508734904258,-0.00231313584659519,-0.031518016950675916,0.012646416861826559,0.0011964349979405142
-0.009824493352738007,0.02716399550608462,-0.014184357199854104,0.0049448319341758255,-0.06735754275230964,-0.007765212148369994,-0.03335680991674432,0.024445340430791086,-0.014977570471088785,-0.009259249934089105,-0.0037452929765203523,-0.012164583018573328,0.01765536723163842,-0.017515268581428208,-0.008164677751889797,-0.0047897858537879175,0.00401443428320531,-0.0020607096764148096,-0.0252218284510661,-0.07169291990319511,0.010038242148388504
-0.005363729352820579,0.003137579346756957,0.013542154099727076,-0.008327013421570491,0.0,0.006956438844282045,0.01743547330523894,-0.008822925268416406,0.008411506173926045,0.004918892875094135,-0.0020886296910585782,0.002897467568630104,-0.02012491325468431,0.005849667846948557,0.0010736833528419351,-0.010160365021105615,0.002798876233598826,-0.01522982823418034,0.007666518316162938,0.039860538116591834,-0.010175005018034259
0.009706300280678664,0.011617460439215929,0.00208767660973943,0.005343415147436641,0.0,-0.0010793764858902015,0.012852636857359769,-0.004653028191363068,0.01026640744623329,0.0053841370121102934,0.0066973837146424905,0.012278804905934209,0.0042493271954674935,0.0,0.003217704680676957,0.0,-0.0007974527434363097,0.014154693127409206,0.02472640133310276,0.0,-0.011953180452812148
0.0005337768940669842,0.014134332025372431,0.02291664225513565,-0.003037134663433975,0.06481484132449766,-0.006872755290691656,0.0204441423063186,0.003861788303298787,-0.026675332184989305,-0.010467391246198759,-0.008316012949092308,0.008562263718966746,-0.04548663450329216,0.0,-0.005345640442189546,0.0,-0.0027932919081070768,0.01731717186505127,-0.0009279206909196646,0.009583085309866629,0.016694841986823736
-0.016012729390164602,0.014372829669533266,0.0004072897474455004,-0.0015232909573072936,-0.06565214077548558,-0.019411482538182933,-0.028324737895357367,0.005669131961001196,-0.003914981083281272,-0.009840181645662702,-0.002096426636473228,-0.002829857916553512,0.031030661248614692,0.01440048643364731,-0.003941277610713529,0.0,0.0,-0.007622049871756116,-0.012076358461177486,-0.048410109159943066,0.01832461752459997
0.005966918695235997,-0.01975096822676518,0.006107474561423449,0.0026698065711178052,0.0,0.0163337823895272,0.04017065631109274,-0.010871729366257351,0.019980229544670283,0.013664540829871785,0.01008406467690227,0.012415785448174793,-0.03081336438552492,0.002729990371080427,0.008273417872227809,0.0,-0.001600649444829859,-0.003072058394476169,0.01692526271188443,0.0,-0.0018696558181576558
0.011054370398718287,-0.0074463223268435765,0.00849868202388267,0.002662541890312413,0.0,-0.009957223591336344,0.02221465901378184,-0.015265598936527106,0.004784782781146655,0.00612759941223781,-0.0012479397132426561,0.004905339441582175,-0.0081330502082459,0.005717256936238882,0.007491942509882447,0.0,0.0048096062580592095,0.0012840523093201705,0.010171205444209292,0.007481396881865212,-0.0009365304896692018
0.010399788377126207,-0.039717575290004345,0.030497543926750026,0.003793586329726637,0.09818503979776842,-0.0017644931746221399,0.036442591751708636,0.00020669806669631097,0.006743674311530279,0.013154674100107441,0.008329782830526542,0.008019573656276724,-0.05665303764442778,0.007038532071581725,0.0056657081703995115,0.020529315380106303,0.0003989056461972337,0.005129541344726726,0.03890147437113537,0.0410891068767768,-0.009608606020793112
-0.0016097994278975534,0.0013787568471298056,0.007788139678295064,0.0015117384663430012,0.02542387102317373,0.007512147749228369,0.019354942281356563,-0.00785292433688526,0.007301671458328255,0.0031256705877409463,0.005782783940664565,-0.007263942912803093,0.000790241042680288,-0.0026882703087425905,0.004577495983285028,0.0,0.0011961993273698105,0.008930731186367129,0.009251125355240848,0.0,-0.009228600075043844
0.005313427975681054,0.0032124548172954765,0.00038643661238026313,0.004528369688381119,0.0,0.0,0.009177103668271906,-0.0016662649166863405,0.005042494540794668,0.0009587350544846381,0.010677661543490995,-0.0020906381512691423,-0.004737504934859789,0.0,0.0063090921520928605,0.017787293935453283,0.003185959506695754,0.0010117127412585332,0.019642048232050315,0.019020398524945442,-0.00023882980864159693
-0.016224172791451226,0.0141810756266322,-0.0011587062808054347,-0.006386222914087125,0.0,0.008771983039496611,-0.01850121914070601,-0.013144237632967536,-0.002822208579910368,-0.005747045413989624,-0.006501400964569769,0.004190001162693649,0.0158667995187148,0.0,-0.005572886341045601,0.0,-0.0027788763219726773,-0.013390585606348905,-0.01883552158282431,0.0,0.0002388868619451222
0.016090574435154142,0.000902202784883168,0.0,0.008695714450796395,-0.008264704464427435,-0.0008261110793099862,0.019489035787645517,0.017759079741555828,0.01199304096706434,0.0028902295488785795,0.01063382400346499,0.0020862068881414226,0.002733268147861425,-0.004582170880576048,0.010507858531968542,0.0,0.0063694632555958385,-0.00027853641059668585,0.0061080777712908775,0.0,0.002388397031960118
-0.006181671402475757,0.011716933098518484,-0.04640377153203798,-0.0011245024987944724,0.0,0.0016970567556590288,-0.028517784658752775,0.002284971846654672,-0.004982766038747454,-0.002161364622037381,-0.002428123242683096,-0.010409387990351038,0.00311526479750786,-0.011643673812627814,0.0006933053750558795,0.0,0.004351190341076213,-0.0005162522003899048,0.004185163211023132,0.0,0.003812270667861375
0.0018528743817755608,-0.031625830548256385,0.016626149344196584,0.004878073708016489,0.02250015794931004,0.009122499368548549,0.024516161084967087,-0.009533686824873324,0.0021909388397827047,0.010589621388335685,0.0073022642229133815,-0.008765817923520247,-0.0236801242236026,-0.0021917206416077984,0.0027709824628222076,0.0,-0.00236310879700198,0.004131258420305162,0.014285765087920385,0.0,0.006408707162702339
0.013553575401530404,-0.029438845302379876,0.0195452568607317,-0.0011202270339024376,0.0,0.0013774509285035545,0.0201512824888426,-0.010253245067792538,-0.00281081338889425,0.0035723123275002576,-0.00040278568042734144,0.009904484984327196,-0.035785288270377684,0.0019219926167010726,0.005872176341432294,0.0,0.003947910555280377,0.016456560604957194,0.013230715137155357,0.0,-0.0077830614311338265
0.0015379909266565995,0.014691959340735113,0.003912351804542175,-0.0011215981853543583,0.02241241526970009,0.006362371203197943,0.009567815462466286,0.010570880798545205,-0.00657693389614667,-0.003559596337622444,-0.0008057737352964735,-0.0014009996078675484,-0.0012371546391752007,0.0,-0.0020604212458763048,0.010766758432698836,0.0,-0.004047359479211182,0.013900820757255206,0.0,0.020917576267348897
-0.006558890660464003,0.03456327131947592,-0.03585348346621507,0.0018713909791550855,-0.012355465057431386,0.0008544021976893976,-0.04035474133257657,-0.006276119965405522,-0.00378301408508251,-0.00833530740105775,-0.012903225017242042,-0.0038583562998653954,0.050371678380333434,0.004110711167055924,-0.005161758501084622,0.0,0.001966133121756109,-0.0035561638124297756,-0.012463662628031029,0.0,-0.016763710951591813
-0.0026198263867576073,0.016704281061222317,-0.008892415707814398,-0.0029884261169982078,-0.00040357265222007113,-0.007255650477085144,-0.0095571183487647,0.00842098985507506,-0.009462142457660286,-0.0038424771045593577,-0.002042474497262118,0.002112616544024945,0.029874212662177237,-0.0008187372950455705,0.0,0.0,0.0007849736748526129,-0.005862657835756401,-0.0037863391976813,-0.021931917872141854,0.002604830324522823
0.003940383858146261,-0.02797511541917229,-0.02528553076347664,-0.0026227154248837548,0.004440803403573955,0.004729163827383075,0.0,-0.018580368259933044,-0.0006708314418441263,0.0024108390202450887,-0.004502690094276233,0.010541201338368026,-0.006106869995920998,-0.009287083514197915,-0.0013835215010696866,0.0,-0.00313723310488434,-0.0005129428368444468,-0.002956083326102389,0.003339790235676957,0.003306500863966201
0.003610317831410653,-0.01644586148097467,0.013807533957076346,0.006010492599828371,0.0008038534104449911,0.0007273226263316314,0.02187198381304369,-0.00340348437871492,0.017583072835608917,0.009619823987706446,0.005756544923757528,0.0041723789329968595,-0.02150541392068302,0.012407048220144731,0.0034637369029753787,0.0,0.0023602798785651905,0.005900445865920806,0.008470922315514577,0.012838705999110559,0.0037664776540156392
0.006830392327933435,0.00510915257879035,0.0,-0.00037337077568635427,0.016064154983131056,0.0022662041879370023,0.01353484043853012,-0.0010673064726281472,0.002199263286995861,0.0014294960644552748,0.003270738948124581,0.000692616965468914,-0.013343838304552623,-0.0016340744544757438,0.004142249573790543,0.0,0.003924669425136164,-0.00025504442642590235,0.010079659505294328,0.022065775683839228,0.001172584894721229
-0.01087511096735155,0.015249452699251641,0.0,0.0007471352166716108,0.003952544459015508,0.004308898625946602,0.009316640137173036,0.026923133247239512,0.002821194572774262,-0.004519668338641772,0.0028524893142911852,-0.002076170016257577,-0.014319730084317063,0.0016367490242446502,-0.0003437576717546192,0.0,0.0003909128439144937,0.0005102189813590671,0.0041581729270816535,-0.0064309141019751066,0.0046849432439737895
0.00026163456922635703,0.011379193241025666,0.0,-0.0014931548447746105,-0.011417275146793448,0.0025062473388666865,-0.03353840067460873,-0.0016645946907770078,-0.010003170886462815,-0.0038231961765870476,-0.0028443757628219065,-0.006588100820555637,0.043179941760293016,-0.0027234108772553247,-0.002751112182489265,0.005660397307016065,0.0023446794010161987,-0.002549740543510425,-0.0033125247495096963,-0.012944938185156648,0.0013989966846092699
-0.0047105895981318134,0.028352908157631567,-0.02723900657990296,-0.0007477321235693004,0.01923668586478377,0.001271155094466619,0.008342847829885973,-0.022092591483956404,-0.010988168889538266,-0.009594612305458598,0.010187444176250051,-0.00977304710620381,-0.015473849129593853,-0.005734654987454453,-0.0037930347201371962,0.0,-0.0019492696602476849,-0.0012780756229771402,-0.008724736697963366,0.007962529274004594,-0.007450570353208083
0.005784913514439985,0.011816178158841605,-0.019940546179217745,0.0044893668002370535,0.004853616190343908,0.0,0.022475366779549717,0.0215260730165734,0.023500218836429457,0.014531402079608225,-0.00040339479831610914,-0.0021149210852740657,0.04047147188717203,-0.0001461247507669991,0.01107646875609558,0.0,0.006249956436361221,0.00015135532987898723,0.02682331811504786,-0.0065056226765798355,0.003284105042381832
-0.012022048676214477,0.0047577877771853615,-0.0069263433445142745,0.0029795603987172,-0.008835677812842302,0.003258619439729859,0.0003096485765273149,-0.012518300371463276,0.011566176182523952,0.0014323024303079974,-0.0008071151826984157,-0.0038855435056629056,0.010951661631419907,-0.0005500761407687384,0.0017117970998356536,0.0,0.003882009884199001,-0.0033334678867823174,0.0014800423115569961,-0.0074836299103662315,-0.007715706548884531
0.010615945954507232,-0.031855429844669304,0.03748899164065517,-0.00148539251856597,0.03209212528845132,0.006031997696663067,0.029712371798081182,0.010986704514226713,0.020395622767826603,0.006197790819249007,-0.0012116507157364945,0.014184375993209168,-0.049682443033246204,0.0063307242455750935,-0.008885945593813813,0.0,-0.003093559322166834,0.002315444126349589,0.007371013353567375,0.0,-0.007304384080055031
0.003676386342045253,-0.005780252642553095,-0.002100792023664962,0.0014876021917321714,-0.0019195105668464718,-0.0004192768548221667,0.008415648539967534,-0.017763790672463982,0.0018170925294584952,0.0028430553034572,0.00889613590810796,-0.0017482666946225026,-0.008647877018558191,-0.011214323269307623,0.009310438080716474,0.05152742116281138,-0.003491117926181833,0.0023101757229109037,-0.0048779376113963395,0.007068897599853659,-0.005459283632658587
0.005703724725099634,-0.021466988557306242,0.0008421028328853923,0.0022279747099245057,0.00461528664462866,0.0004194527216400426,0.00894198260928486,0.01531909940575146,0.003022963611581898,0.0023623333081924324,-0.00040080788992909666,-0.0007004822541451705,-0.0015860032349724388,0.0,0.004099724164419563,-0.018004868405630262,0.002335552531166503,-0.007938714479805625,0.002859332119560512,0.007955076838789184,0.0009545362794233789
-0.005151038547278112,-0.009597815631257904,-0.012620999194946551,-0.0018525941040751536,0.0,0.0020963842741108336,0.0017723550400287758,0.002514660894083661,0.0015067417195159874,0.0011785254758156756,0.0012028247100619855,-0.008412241268699562,-0.01826850675138993,-0.0016598396585484625,-0.007145258514158824,0.0,-0.00427192819128881,-0.0012905875747416212,-0.004480499307413811,-0.004178272786524005,-0.003814899156815408
0.0018305576920847528,0.0059990719770040574,0.002556533696250498,0.0011136119457465711,0.0,0.002092127247532073,0.003244231377564861,-0.010869495317936682,-0.005416552131271278,0.004001837933157743,0.007208642449487924,0.005655714665996403,-0.004854328675336919,-0.0052646329905236475,0.006168623332829103,-0.0004955284916967413,0.0023402258303690704,0.002326108251005457,0.009001633177094263,0.0013985547133540976,-0.005744361676140695
0.0017226477238672106,-0.017431089405441372,0.009774769995143644,-0.0007415188520281544,-0.006508225032733382,0.007807825690336431,0.011169835338032216,-0.01584961771990159,0.0042356628814728525,-0.0011723517022015507,-0.0019880626975563387,0.0014059240281134294,-0.017479674796747956,0.005849581370240443,-0.002384174835184076,0.006445172470890751,-0.0015565079734147726,0.0038679578692498726,0.00527153841593088,0.011638733705772812,-0.008184895762300555
-0.002501398220591513,0.00046680249244408106,-0.010521897145237779,0.001855267761719136,0.00188801727328196,0.001947254919838745,-0.006395430503940315,0.00880399768458719,-0.008134805560310217,-0.0011737987169240856,0.0003984529389814539,0.006318039614926221,0.0004137360364086889,0.0,-0.00034144517872201105,-0.001724151297210493,0.004286911742364876,-0.000513699416375985,-0.010487961369474993,-0.0059825126553151855,-0.00048542736248201736
0.0019330697840636087,0.0004666783812528887,0.011484484083343157,-0.0007407707709821865,0.0012309566784958852,-0.0034732851819462085,0.001755487890744134,0.021498579684674668,0.0033411303901847212,0.004230328565848353,-0.00039829423747195377,0.010812712046901093,0.01033912324234905,0.0,0.002390654195264004,0.0037009293579056282,0.0,0.0002569414213319587,0.0,0.0,0.007285047353159877
-0.0042760455735758145,-0.006996254875958711,-0.0021026434703627834,-0.0011118849982169946,0.010794735538049608,0.0041493174400232475,0.01226648411807419,-0.03209012162164632,-0.016015253977582543,-0.0042125082717724026,0.0,0.0006901232021024668,-0.01760130986492017,0.0,-0.007155066118114944,-0.003441467700462723,-0.008149115816901344,0.00745129412138838,-0.006114972794688556,0.0,0.004339430545403153
0.002880388925560335,-0.005166794430162362,0.005899730450343953,-0.002968466413175485,-0.03029026556245305,-0.0002892490587234792,-0.02452391451000792,0.01916040143338037,0.005045962279513422,-0.0021151405907719975,-0.0023903953261508195,-0.0003448236302634168,-0.0012500416666666088,-0.004707956702893788,0.0,-0.007893361283214512,-0.00156483529385631,-0.008161162871799766,-0.016406849414640854,0.0,-0.005280816063875814
0.008877038592063947,0.00802641819583098,-0.0016757809557301042,0.006326805282102204,0.018999491760445388,0.0033067870254759545,0.0212783956345732,-0.0061259515297828636,0.012122840388250716,0.008243137451731261,0.004392919103548048,0.0013798048653046653,0.011264122288866054,0.0033390487066048283,0.00617709147313721,0.013426111930477113,0.006269548639296847,-0.0061711627029836635,0.022935748537424926,0.0,0.011341751246310169
-0.0016301752045688024,-0.014988255467952712,0.013428455205906166,-0.0025888432575732995,0.000930538694715708,-0.0025542996561483023,0.006681875082071949,0.004675923230429585,0.002010680065680728,-0.0023359166715649594,0.0031809244411125878,0.0058560127472568144,0.006188077557755822,0.0,-0.0006820874385002763,0.0006868246041508117,0.0007788601377147204,0.008632389000917293,0.002853547200182932,0.0,0.0038176295056300646
-0.015734691384987794,-0.011887772121699931,0.024016577456989163,-0.0040785625005362825,-0.008948758852940653,0.000991260454700047,0.001731810324711274,0.043367815049826966,-0.003145662157968519,-0.0016390905451480115,0.0,-0.0085616140422042,-0.025010169127108243,-0.001663868894150756,-0.006143359571424381,-0.004609091093238153,-0.007003891388281122,-0.0015443671304487905,-0.014326756644978272,0.0,-0.0068932365069767215
-0.0004110050600676213,0.025505266234046444,-0.0016174639808167713,0.0011168524135404141,0.002423727001121521,-0.003342360157781652,-0.010659863682624345,-0.0356852025634251,-0.010195689855229988,-0.0037521504896383616,-0.0063416764884854674,-0.006908487079301875,0.02354915796681427,0.0,-0.006524737268120359,-0.002955649483799081,-0.0011756545863023935,-0.001031251161530534,-0.0028974705810485405,0.0,0.013403576683450429
0.010953561442755815,-0.009854537653187764,0.003645271569486342,-0.0014875260333240756,0.0054590232324823575,-0.004015841604989454,-0.0020383508202088674,0.028805677620014864,-0.0013792447446018177,0.0035310111351961647,0.006382150019208267,0.007999977692540816,-0.006984387838948157,-0.000277754698712142,0.002419612120230873,-0.0020256981155813212,0.0019616245635376613,0.004129128533726907,0.009962538046267408,0.0,-0.000944812379742724
-0.01334721509370506,0.0071089910971563345,0.019773952583011248,-0.003351957778641415,-0.006786979281406848,0.002618843587052952,-0.0011672812305179793,-0.01001435893409197,-0.0032234127433387405,-0.005395220281771662,-0.00753067569865148,-0.007936485981729812,-0.0008274720728176718,-0.00027797412683982635,-0.004137859252837272,-0.0009406185379818015,-0.001566179665268464,0.0,-0.011919258523838051,0.0,-0.012056697301393537
-0.005039860479898328,0.007058810079146991,0.006727364976442259,-0.004110607392779764,0.0007809524947628485,-0.007877340389407803,-0.014314977589348903,-0.031172499075737208,-0.016322851502375384,-0.0075471572504331895,-0.0051916940810166675,-0.003130468486269828,-0.0099378881987577,0.0,-0.00796398839429358,-0.01288406572083359,0.0,0.00025686372867821897,-0.008735493745269931,-0.024537037037037086,-0.007178709122599526
0.0,-0.07196256197540297,0.03026724647608248,0.0,-0.001170469050363656,0.012954516340290236,0.05838781589579507,-0.005753258007731106,0.047276087383263915,0.00784208137195252,-0.007226045982334704,-0.0010467780194937963,-0.046005897114178115,-0.011395213064511843,-0.0024433303019196807,-0.0028113435570125897,0.0007843579744909768,0.01438849074915093,-0.008812341878056061,-0.017560465116279067,-0.01566649191776114
0.005012115782843365,-0.01812688317787701,0.027088896149585096,0.0007504994780929548,0.012734515854184504,0.004537968390230683,0.02324278417625978,0.018002579164448272,0.008938580206301757,0.003772689256354828,-0.006065480297125604,0.016067053633918773,-0.011398509925406029,0.0053414821112296685,-0.0034989549060159093,0.006846561548108639,-0.007837114572670303,0.006585730519645831,0.003386940064459117,0.05072458692151752,0.0036728991755460225
0.007745718996740369,-0.0030769479468772173,0.0037147369855308845,0.0018746688576452735,0.00250709190045083,0.0043120924567289455,0.02107270873473232,0.005052615288557077,0.016326415963676313,0.004698196162163866,0.0,0.005843969131403123,0.006651973687448972,0.0011186473146923117,0.0014045177000788704,0.0,0.0023697220459627994,-0.003019769850944474,0.013080096844569995,0.01563218390804597,-0.005123201267657466
0.001052900387855916,-0.002572045920877655,0.010732721991806712,-0.0007483801128704893,0.0013080946773634905,0.0015129037353148805,0.007236810879296975,-0.0018852427340941094,-0.0042564991404533134,-0.003740933926273407,-0.002034164953153036,-0.0020505574715531352,0.00881052824623216,-0.0050279448014982145,-0.00245432465338722,-0.00774998267800077,-0.002758073118178468,0.011105545050097287,0.013327657995693708,-0.0018108193752829414,0.010299167241984885
0.010465328766286832,-0.021144893653979646,0.0,0.005992483595424199,0.014370827300025129,0.020047412272883827,0.03698785413250477,-0.03168937757548504,0.02711256915041129,0.013377199882935923,0.004891922179748016,0.0034246524805316768,-0.008296986899563265,0.0008423260791123543,0.007381340282387505,0.0,0.0035559071677140437,0.008237694421262008,0.015618673129611882,-0.0009069388166412648,0.011893146351372624
-0.009836517728124241,0.021074845469522197,0.0,-0.0003723349668241837,-0.0009850898903927122,0.007084847816253384,-0.01154752838386492,0.011270062942742402,-0.003991174064656025,-0.002779118125057285,-0.006490892415043736,-0.0006826202136981948,0.000880713380920915,0.0,-0.003838138606778168,0.013857511041600221,-0.0027559013945794137,-0.007180015591459995,-0.01254541754556806,0.0,-0.007675625873812869
0.013929126575827356,0.0015479224236107966,0.005126423508270679,0.0011173065475697022,-0.023622418664784692,0.006756752629529791,-0.004932555186035466,0.006215119148776114,-0.0017171865691802124,-0.0030190588213590782,0.0004083776633686608,0.0020492252825718674,0.003959524857017152,0.0,0.005604117450639886,-0.00248513965032383,0.005527034751939444,-0.0029924520781743247,0.0024589259084185685,-0.002723649445136077,-0.0004835327482405503
0.0044450757999744,0.014940882518250946,0.0,0.0011160976602784538,0.035214486786078934,-0.0035531326262177305,-0.012478053442686626,0.005537813892100799,-0.006551443378111232,0.0,0.004489825248974672,-0.0013633449792191787,-0.0021910604732690935,0.005925443249264313,-0.001393123975362326,-0.018435369886031654,-0.013741636378038746,0.005467634177478053,-0.002044114729420925,0.0,0.0026602658046603104
-0.004920943001796791,-0.018781766061141156,-0.0051002773266844645,0.005202509563523507,0.002481437203837258,0.011885926797680964,0.015653908589575057,-0.004659968282174906,0.00724639962003311,0.0065221998966867294,0.002844334672189365,0.002434880548815877,-0.021519499341238514,-0.0008415423113151004,0.003506133814798552,0.03213133306612563,0.016266315049822518,-0.003247606595027979,0.024546030943051286,-0.0013654074358402395,-0.0139893128762221
0.007027346358525115,-0.006725291070580973,-0.01391424064844874,-0.0018484091738179694,-0.010288507275823124,0.003523756906786681,-0.00914317817574636,0.0,0.0017552413599242413,0.00023148296122550723,0.004862231183346469,0.0030706585830998267,0.00448824037305936,-0.004211112616219753,0.001737874416480242,0.001509745542114575,-0.002382803812549692,-0.003007630067325559,-0.0012118049412841204,0.0,0.0004892271596726323
-0.0010337284220506868,0.01302082489119387,0.0,-0.0014815794660298898,-0.003439066357546623,-0.0014826010838482578,0.0018456899404430008,-0.009363786580998335,-0.011806427898728036,-0.0025450935103484913,-0.0016128878362201401,0.003061224489795914,0.002234182405459365,0.0,-0.0031228530827036127,0.0,0.0,-0.005278891576458735,0.003234835796590588,0.0,-0.005623563819522017
0.0049158231317571145,-0.03444726014284994,0.0,0.0018547317460236442,0.014078466642977057,0.00019540877847018116,0.002105282810731184,-0.0012888344283449294,0.007674414954635913,0.006727080545865415,0.004846521179545915,0.0037300779925399452,0.012929068212215858,0.0,0.0024364827224422647,0.007537616570756447,-0.0007962181211695434,-0.0017692396223057052,0.0020155910993307565,0.0,0.002212890029029959
-0.004608589089646379,0.019169162044357733,-0.0014854028645302636,0.0007404206678169313,-0.0022816485540126693,0.01652548695752134,0.007352996053557149,-0.0036567631324718936,-0.001644565415713199,0.0011519062386278055,0.0028135490781880717,0.0037161824324323774,-0.007482394695528009,0.0,0.0003472482311445664,-0.002892669682274566,0.0,-0.002278408168127664,-0.0024136080541687557,0.0,-0.005642753014397399
0.0046043407859188935,0.0010449755965179744,-0.008553303711778037,0.0022197321979247355,0.0,0.008032202047641077,0.008863447659064359,0.005613133812039391,0.004710210251248344,0.002071398240563157,0.00040068629789036437,-0.004712184608286239,-0.0017737916529396798,0.00028190893936617,0.002776809309360464,0.014906015725434974,0.0007968525896413168,0.0017761069212471933,0.00685474972764005,0.0041020964401961455,0.006415054542542389
0.00028305838928467783,-0.007828795144361286,0.008627093865761916,0.0003692115794396457,-0.006976808464384183,0.01197145983911968,0.01834613078622537,-0.004937789364466147,0.01409243427329971,0.000689000217341413,0.007612218735549085,0.0013527561717957448,-0.0039982230119946635,-0.004509644805902147,0.0038075488060661843,-0.0009858732210200102,-0.001592396433423716,-0.007092252252025131,-0.0020022561613537047,-0.00953250070211065,-0.008090237139302554
-0.0028828498109760067,0.017885380795884163,0.0,0.004797034460215808,0.005737792705636329,0.002900997417376917,0.0065974442799123355,0.03559878546866455,-0.0005669854332319807,-0.001147504475660876,0.002385643070370629,0.007092164569666844,-0.0008920606601250277,0.0,0.004137959775699828,-0.0002465798115622806,0.005183373205741688,0.0022961362350701463,-0.006821993088900835,-0.00549949587534372,-0.001977222721903839
0.002891184662132732,-0.006201548537559779,0.0,-0.0029379423280517267,0.0025612390156564816,0.0033808715513597943,-0.002268917544847979,-0.022916702273965237,0.00025553153929634,-0.002527641701652149,-0.003966582129200651,0.002012038900067111,0.005803616071428572,0.0,-0.0017170215146302134,0.004145196283779104,-0.004759976388733691,-0.002290876071512292,-0.0016161532547825526,-0.01566820204293999,-0.0019812424732587237
-0.0018018048830355004,0.007280280325378394,0.0,-0.0047882002369002185,-0.008632296951400137,-0.0067390362638050285,-0.014401082789598375,-0.01172711918881468,-0.01358923299976845,-0.0002302306712074479,-0.0015930561326260046,-0.0030119813591694346,0.006657744933078393,0.0,-0.003095996612071206,0.0,-0.008768393782383475,-0.003826276235205629,-0.02751903799426384,0.0023407770439710968,-0.01588089069835609
0.0090252590267616,0.008776486134168813,-0.0193379887917392,0.003700998491209049,-0.0027331537413430003,-0.010177177120234285,0.00435789403153658,-0.013160628358388491,0.004055126675898252,0.012672757190982323,0.00797774802902888,0.0016783819510445698,-0.00837742504409177,-0.007077971965886784,0.0017253163217645614,0.0,0.0044229592109788,-0.0035852799181527437,0.01664568274179878,-0.01494628678187764,0.002017210689931817
-0.006133516010988844,0.027123767138275,-0.011755825383719592,-0.0007374929754484155,0.006139269884240402,-0.009139267163763991,-0.013272213363737694,-0.003935351325956836,-0.0043254100719391075,-0.005005754432805599,0.001978541773654897,0.0026809651474531447,-0.008003601600711303,0.0,-0.001033420880416231,0.006929020510578809,0.005204203362690153,-0.004883004881618377,-0.004093242285120853,0.009957278330962532,-0.007297472350856526
0.0007714583094709867,-0.015944158181271244,0.01419804132404021,0.002951960170395893,0.0020031511765192817,0.0020368048714787287,0.008277393577633164,0.007682128780773277,0.0037171480273365037,0.0025155036159543163,0.00039499087666921575,0.0023395721925132595,0.0053787989860509845,0.001425592470326827,0.0031034698317748397,-0.002879495272874165,0.0,0.005218984234995353,0.009042308307928541,-0.006103239723156699,0.00887199964336823
-0.0025691299385602355,0.002531623693110543,-0.011729099865799742,0.0,0.0,-0.0008438032313581022,0.0008682901198611322,0.0019604782482368797,-0.0063110062482917935,-0.0004563128400256515,-0.00236869014173846,0.0063354451483828384,0.0017832813196612426,0.005979550302594867,-0.0034376195515369765,-4.892733866794912e-05,0.00039824769421546464,-0.002060395645538055,0.004893717727944979,0.0,0.0020101149031892585
0.004045899362813803,0.025757556552138516,0.004211320123886381,0.0014716547111675445,0.004821424699616595,-0.005028591735921154,-0.007712280531602142,-0.007608646996620757,-0.004618824067485447,-0.002053816077693272,-0.0003957723826190605,0.0006627236580517097,0.0,0.005094728005436761,-0.0017247211959677913,-0.00044052442009254894,0.0,-0.003871007752004258,-0.0004056327675873433,0.0,0.0035104624871361107
0.004674982887940818,-0.011324472164328322,-0.034693076371549905,0.0025717240734362532,0.0010142585001589974,-0.0038579690594051953,0.001036376657231994,0.0019714659013777285,0.012470939578438485,0.0006859144107726172,0.0003959290804145644,0.0016555959716689972,-0.01735643156904471,0.010419799381817424,0.0010365994720345061,-0.000293864676649979,0.0043789409084817295,-0.0031086475037340943,-0.010146208529899768,0.0018894189891354805,-0.0017490911247879045
-0.0023521844170751147,-0.004482083166265482,0.005924153400202867,-0.0007328988669727635,0.0072877128701084645,0.0037180354719265796,0.0067288717858238175,0.0017489587081790494,0.015181972353662459,0.006398677636723568,0.00633155777330374,0.001652859504132221,0.023097826086956597,-0.005852977357736888,0.006558472327704253,0.0,0.0007927070947284808,-0.0018192476030628648,-0.00450991186828171,0.0,-0.0022528754500972985
0.0011531539935934294,-0.0040020168529762345,0.0007852352658568919,-0.001100135828231235,-0.016520284807490286,0.005556315268518855,-0.01516715271700591,-0.014404221957689926,0.0009029751628182599,0.0006811777659254077,0.0011796480509203074,-0.005280528227080143,-0.002655998229305057,-0.00224271196377686,0.001028883667161953,0.006123012580362444,0.0011881584158415289,-0.004165554879344693,-0.007001745317747922,-0.008486469046981153,-0.0010034926324621095
-0.00035811211983053254,0.005524965787254102,0.0,-0.0003670657000992253,-0.0009048361824530012,0.0,-0.008352855742935997,0.010850457513142259,0.001071192355267724,0.0009076111465089996,0.003535012675856948,0.0006636032071534111,0.00710164193956317,0.0,0.0013702952306868775,0.0029211015058856053,-0.00039560916156605535,-0.0013070947900627615,0.002903242161380604,0.0028530193602939557,0.006027211927578906
0.0017668194776084042,0.007492492639314084,0.0,0.0022034661469730933,-0.008544342165187943,-0.0003837204099863862,-0.006054230736500117,-0.0015334142651988944,-0.0016896517269983876,-0.0009067881354897072,0.001957017567919432,0.0009947281167108292,-0.002644424740219149,0.006462386482923328,-0.0017105251139529153,0.0,0.002770083102493086,-0.0002619832620600648,0.017783452736427466,-0.01849212897107632,-0.010234653229742064
-0.0025563009369093124,0.014377714050476309,0.0,0.0007327487827326009,0.01111992169372365,0.0007678140771367404,0.00926899120768575,0.009653272968541364,0.014668528190928185,0.0029498677573708445,0.0019530371244146367,0.0013249088663495464,0.01281489230291173,0.0,0.004112364300760822,0.0,0.0,-0.008117213897640172,-0.005688854278509782,0.003381594039536484,0.000756501041237116
0.009482505139592864,-0.0004886562228644546,-0.029030987830059536,0.0025632115626619016,-0.0007855512056509432,-0.0017644759973570727,0.01469449502101986,0.0034767895587542326,0.009730330298313272,0.0020362499428096025,0.004678436350095794,0.005292722461131297,-0.000436300174520138,0.0005586214007043641,0.007167250486708077,0.0025242822839190264,0.0015784925019732311,0.0,-0.0044952104948690775,-0.013962445835339392,-0.001008044782037113
-0.00634699942889264,-0.019559977697074824,-0.02707071024648545,-0.00036515142041049084,0.0,-0.002075035203669496,-0.002068893639348973,-0.003897789575736011,-0.01172903947450572,-0.0018063420587741304,0.00038809344992037114,-0.001974300821793421,0.003928415539065904,-0.003627463920273489,-0.0010166115852421225,0.011282161285773529,-0.00039393224562392847,0.003168035146925866,-0.0016419758082775774,-0.0019530761718750816,-0.009838537022149034
-0.0028104029283840173,0.015461363689733994,0.04651170286343932,-0.0014615133325961475,0.00452049250027899,-0.011744228044396813,-0.003368687606765576,0.0,0.002395971969173273,-0.0013571397185339056,-0.0015516538899825539,0.0023079459281239788,-0.0043478260869565825,-0.001120142662190507,-0.0016960538489663901,-0.006463958900990931,-0.001576704707264307,-0.0010527403467980934,-0.009868617390467323,0.0,-0.002802492824029724
-0.0010247001832402506,-0.0019646195896596934,0.008730092891506707,0.0007318262401050646,0.0004732502742081507,-0.011182546988661687,-0.0046803879418659475,-0.0004348952362254778,0.009699696090092877,-0.00022655442548800517,0.0007769737005971391,0.006250000000000042,-0.0021834061135369933,0.0,0.0033979052950715823,0.004819265450353701,0.0,-0.00974722436787284,-0.005813805920200546,-0.005870890123733285,0.005620843572151555
-0.002359652043644236,-0.015255921826109988,0.027144021502617743,-0.002193760870106372,-0.00248355290529596,0.006777396480621104,0.0057473290634225994,-0.002174803961916136,-0.00553623028619008,0.0013593605195388006,0.0015527802185339426,0.0049035632559659564,-0.01575492341356687,0.013176400096138595,-0.004063692163171752,-0.001678658155291236,0.0,0.010412833118606482,0.002506282865700264,0.005413385826771626,-0.008892312142988907
-0.008072455868806387,-0.004497712312074249,-0.020298792374418128,0.0,0.0,0.0011742195882860375,0.009272289560534963,-0.0030513882164360513,0.005711373910348672,-0.0027148934877451914,-0.0046511576861843745,0.0022771307742356158,-0.002223165851489537,0.0,-0.0013600794960280105,-0.0016815320951849284,-0.00039478878799834233,0.0005286714333200136,-0.004729628933375526,-0.002447430249632804,0.0005126789949283909
0.0137984047838904,-0.009036217441324323,0.006645797927818621,0.002564977189634306,0.003833673199379776,0.0066458132866282155,-0.0005161850660532266,0.001967675662978418,0.009482704320151986,0.009301240595365296,0.0077881665327271185,-0.0025965271858658877,0.026292333944191885,0.0,0.009533522821110226,0.00673730344734753,0.002369628751974773,-0.0060751473115580905,0.022784698872430433,0.0019627577018036246,-0.002049665159438928
0.0034218286543783107,0.006079076820878979,-0.003883523192553496,0.0021929591475468783,-0.0019292410994177329,0.002718498906997852,0.003615560996604168,0.0004362647100599018,-0.0018841551325417105,-0.0015734894958554634,0.0007727706220094805,-0.0013016270745200675,-0.009987059922402909,-0.008577668003566855,0.0016863981922669868,0.005736185106604429,0.0011820725446048525,-0.0031889085976628136,0.004950604689079363,0.0009794809010772304,-0.002567450007397879
-0.003128151094984263,0.004028213111474947,-0.018323534900587482,0.00036476811980397963,-0.00911249272578125,-0.0038730693529999225,-0.00025718942347297577,-0.0017447629044393131,-0.000574708870999256,-0.0006753732527138193,0.0011583194291012182,0.0071684259638832015,-0.0004385087911626447,0.0036280505145683648,0.0,0.00047516217999403026,0.00039354584809136415,0.0037324327526307,0.012315158699200152,0.005381506586032013,-0.005920169894170715
-0.00149175247913404,0.009528452897398171,0.021048430516609543,-0.000364635112539564,0.0,-0.0007775061627260236,0.0,0.003714109717072993,-0.0016423638243960616,-0.0018021140962847933,0.0019282597970117414,-0.01067615658362995,0.009214523509674256,0.0,0.0,0.0,0.0,0.0026559022944754444,0.0,-0.015571728251665572,-0.0002589281121698087
-0.003349029265434009,0.010929117902633892,-0.007001146824059566,0.0010941923298912644,0.0,-0.0031128033927849924,-0.01364234896724347,-0.005441865737578108,-0.011516375413629569,-0.006319161904293872,-0.0038490975339939056,-0.0042511118378024204,0.0,-0.009176740165152809,-0.007070721522803737,0.0,-0.003147128245476076,-0.0005299045360629903,-0.009732280900934129,-0.010874938210578292,-0.0028490542062274233
-0.006435513282578235,0.010319320721800824,-0.013317627108178123,0.0,-0.006727998878489903,-0.0007807407731480968,-0.01591848814481604,0.003064299784176972,-0.006102566100063297,0.0011356762947527172,0.0015456584666445196,-0.003940919410807311,0.0,0.0058940740304360174,0.0023736217713478122,0.0,-0.0007892659826361317,-0.005300652416999318,-0.002047483450596663,-0.0039980009995003426,0.0033766648540350178
0.00621722411450831,-0.011673100262930138,-0.003969857715587406,0.0018214741242684913,-0.0036071307182284577,0.008593818287651073,0.0071598453465093435,0.00218194387387606,0.002790910077026473,0.005217745686869379,0.002700581611513053,0.006923870755028086,0.01260873913043479,0.0033479257269122165,0.003044676175832928,-0.004988127094653436,0.002369628751974773,0.002930886240261016,0.013541133028571264,-0.0115403411941796,0.006471714821575926
0.002740247967318739,-0.015255921826109988,0.0035870761129511712,0.0007273021899454738,0.0034191097928045946,-0.001549227741199941,0.011058508858206613,0.006967138125883734,0.013637748017425913,0.0015797222227912904,0.0026933470219784646,0.002946889228982061,0.00558175158515457,0.0075084761360792425,0.006408127540204425,0.004535815812275535,0.0,-0.005844779463648357,0.011740961628815431,0.00507604035147,-0.0028292689657972176
-0.0011599461537604614,0.012993541634505432,-0.02263702831935276,0.002180134780357076,0.008699114444444331,-0.002715255894218841,-0.007031299297433913,0.0019458902108536406,-0.003294870293079561,-0.00022538031792913144,-0.0003837746891007337,0.0009794646091891355,0.0,0.001932135615482595,-0.002010737776845332,0.0,0.002758156137043141,0.004275794563250788,0.008003211822378354,0.0010101515661693015,0.00283729644056327
0.0028134102403270865,-0.009866861286856666,0.02600573705775858,-0.0021753921323085144,0.009458754702149106,0.007390097387459278,0.021243049319108472,0.0010789652047963694,0.012396511203335705,0.0029299230237451587,0.0026871824661061625,0.005218525766470978,-0.02433817250213494,0.0022036764265035745,0.002014788989178244,0.004277525575054867,-0.000785893878746826,-0.003459425615778292,0.003969793262572233,0.002522754793138153,-0.005401314710080844
-0.003860889450097214,-0.017438963652227392,-0.003168307598884559,-0.0018169898259880585,-0.008013092310498062,-0.003861106346510765,0.0017975805704648273,0.0006466507344065428,0.0,0.0053933407651904465,0.0019142720489335934,-0.003569143413367958,0.025820612691465964,-0.009345765888514131,0.00033511157955464985,-0.001893058710597084,-0.0007864726700746983,0.0021363501569176603,-0.00355869489775322,-0.0005032712378825754,0.0062064273257538705
0.00025831452584355,-0.02484780912904421,0.009137755729293385,-0.0014560439990538533,0.0056784404694661,-0.0003874285241829694,0.013842598159114929,0.0,0.011439045713868931,0.0013409726088099599,-0.0007643231275329863,0.003256268422542164,0.002133063048930744,-0.005272008530659047,0.0010049638138946494,0.004741622947115473,0.005903148366784774,0.0037303337398660093,-0.001984191409344923,0.03474309996258304,-0.003341084185132146
-0.004649893607955493,0.0010400325885925386,0.0,0.002551960503536957,0.0007952774521416428,0.011748647675761512,0.011924619952387245,-0.00430833563818315,0.011260103214752959,0.003571513195987217,0.004971436418279493,-0.001622817319792827,0.0004257130693912969,0.005622626915646058,0.004685486529158068,0.005190994266293694,-0.0023473788085829443,0.0020034669536341705,-0.001086614954122324,-0.013625256137482056,-0.0041258371931070644
0.011487885656729651,0.008311616356866405,-0.0039369174144586495,0.0021817576316928897,0.0029004275605359737,0.004867203541343556,-0.007796904693116557,0.009086846505753384,0.0031965288750118023,0.0024466181248984737,0.002663587283074495,0.0026007802340701656,0.0,0.0,0.0029980220590199442,-0.0023472620056630943,0.004313764705882371,-0.007186761838931665,0.017949807333292447,-0.0004933399111987178,0.005955427034004359
-0.0025816708725988303,0.0010304912982602315,-0.007905115349067187,-0.0010884482338018539,-0.004754127731755035,-0.003508724490551524,0.01292784997307465,0.003001752914679705,0.00637298259381635,-0.0006655435074771713,0.0030360624084653717,0.002918287937743186,0.02085106382978717,-0.0058413881201426635,-0.0006643146990956937,0.0014117511775733115,-0.0011714564165773427,0.00455784947557254,-0.005094175245475432,0.0,0.003861034843394177
-0.0038313754343538213,-0.009264047626195076,0.018326639502079137,-0.0014530564247990318,-0.003144636837343801,-0.003329718129378336,-0.011761802856426041,0.004916591749943193,-0.001319415788363374,0.0015541183004653466,-0.002270183171497229,0.0016165535079211352,0.011254689453939272,0.00027984307089043485,0.0,-0.0004699537734918133,-0.001563682564503445,0.0,-0.0019691733161466113,-0.024185587364264655,0.0058974263846791036
0.0017670160906302676,0.005714236245345721,-0.026604150011106983,0.0010914060886983484,-0.006908107327570221,0.002649641602972872,-0.01164856752237252,0.003190827350311664,0.0021137260929614296,0.002660126204589597,0.0041713574432957505,0.0006455777921239371,0.011541673536685846,0.00027956602357971975,0.003323375140044525,-0.0009402490459932168,0.002740798639749477,-0.004270204899827768,0.012233699448500394,0.0,0.005862850654539589
0.0018156723123043366,0.012396743069699566,-0.020096366332236992,0.0003633681992177149,0.0048251508433165115,-0.0034469092163353305,0.0020497026516536464,0.0021204091773103072,-0.00606382469983172,-0.0059694825998931385,-0.001888132737083403,-0.006129064516128992,0.012224897627347272,0.0005594015655067781,-0.003974820030360224,-0.00047066748942588613,-0.0023429128331545466,-0.000268109722480564,0.005458158668404648,-0.007081487101669097,0.003041073348784797
-0.005100785535030081,0.010714192970000813,-0.026661203231359225,0.002542616281150014,-0.002801114887136807,0.0042658829887948285,0.007415150414311381,-0.005924617530476797,0.0055701777358578815,-0.0006672391048125962,-0.0018918575706652445,0.002596559642861341,-0.0008051529790660054,0.0067077607013646635,0.000332548384044658,-0.003295670751510335,0.00195698637796431,-0.002949007356546276,-0.009693798730708844,0.0,-0.005811084792349971
0.0035654715020105665,-0.022715757584664376,0.0,0.0028985569616768827,0.0004012706698085583,0.0011098047614054867,0.0030456287681027844,0.0057471566192084395,0.007913607741860559,0.008012417255449116,0.0049279767127944725,0.0012949498638701858,0.006043473005640657,0.0011105016806743657,0.006648959911344417,0.0,0.00234374999999995,-0.0013444050406110307,0.009788688304974914,0.010697962847578256,0.00355792915189399
0.00025939156884902164,-0.003615671355816364,0.029498567299339543,0.0007225726471647647,0.016646672357088072,0.009556534575479874,0.03922059834060584,0.0016930445797110087,0.015179204651304928,-0.003091168571856732,-0.005280994789078813,-0.0032331070158422705,-0.01962350899573528,-0.0055463210235232,-0.0006604841322439197,0.0018894819059179023,-0.0007794621979735232,0.009693062284641963,0.004265028761049968,0.005544405241935507,0.0017725657906209676
-0.0007778650461445701,-0.0020735953569451164,0.007367927333142633,-0.002527085781001324,0.0,-0.001400988703173206,0.01631371937118377,-0.0021127931374983074,0.003763975915871457,-0.0013288847982339856,0.0007584495432219524,-0.0038923451183911282,-0.0012254493464052333,0.0092023039444915,0.00033046032992627204,0.0,0.002340171698134652,0.0024000227259951923,-0.008494151154201898,0.017543758519109817,-0.0015166537377147731
0.0005189444125525825,0.0077921924855533795,0.02600573705775858,0.0036192158049515298,0.00887741039222501,0.008607347365258302,0.009822715848544241,0.000423504891223527,-0.00015411812724690886,0.001330653082887558,0.007199656691712395,-0.001628101648586823,-0.010224948457057322,-0.007460465699691075,0.0013214383125340358,0.0014144136963181206,0.00038902722221682037,-0.001064313962107599,0.003504726070003527,-0.013793054866652957,0.002531595783732589
0.0018412297032235254,-0.025257824171141918,0.026930654509724657,0.0,-0.01095009538750138,-0.0045113207095134715,0.012574115183637907,-0.0006349669275255581,0.012586548330025244,0.003100753523698262,-0.002257295807407503,0.0123940313111546,-0.006198429495932693,0.009743729142557141,0.003299252854533039,0.0,0.0,0.004527613927126088,0.01823816199447086,-0.002497552447552357,0.006060591794594152
-0.01579027881227949,0.019566518294460843,0.005784827476935386,-0.011179257088793677,0.005177384364825021,-0.0072756487318030765,-0.0007028623116610883,0.008470923984275684,-0.0024135818012018693,0.0008833182136725738,0.0011311632285507726,0.0003221005050869524,-0.0008315177060922569,-0.0002756698749975689,0.0009865244248569646,-0.01600751491773225,0.001944807543555398,-0.002651328664003341,0.007240819044721597,0.0005008012268803337,0.0052710850029301076
0.02877808834318365,-0.0207469679080552,-0.009585900433109716,0.012182500869349078,-0.006277635722695205,0.008438840931145868,0.02208602403988353,0.008189858536829986,0.021633947148471083,0.009044753543009102,0.012429384082906364,0.007085378650092706,0.010403661656110627,-0.0019323768058349907,0.010512467033883036,0.027472216662281425,0.0034937888198757713,-0.0008644833131996139,0.026692087291453226,0.0,0.002247250403184442
-0.0010444302989016461,-0.028072004777064025,0.02400310590600179,0.005826698336724254,-0.0010529476970947565,0.02700645298832473,0.026697358098342287,0.008539911706929528,0.013951348170448288,0.003498048595138075,0.004092288790582935,0.009913655260633154,0.007825287980836688,-0.005254308232348497,0.0055266742384878845,0.0009524959551746926,-0.001160541586073545,-0.0013353760607985564,0.010408964094589895,0.0,0.007722920971169031
