CBND,CORP,GSY,ICSH,IGHG,IGIB,IGIH,IGSB,LDRI,LQD,LQDH,PFIG,QLTA,SKOR,SLQD,SPIB,SPLB,USIG,VCIT,VCLT,VCSH
0.006399798552677922,0.0008964256511857119,-0.0013983558160131607,-0.0004003875091524465,0.0002710336842912441,0.002586099740296724,0.0,-0.00038034703302763977,-0.01026456578992588,0.006155210480344148,0.0044248360272575536,-0.0059287602266013635,0.004323068194000484,0.004253970059390197,0.0003972124142766087,0.0032564682228461536,0.00755561449534405,0.003700807832770625,0.0092572454361237,0.005946533964555137,0.0013854897013644931
0.003446847790006483,0.0009000826964912203,0.0014242489292365073,0.002023210925068069,0.0044328126371360466,0.0010568197256382618,0.009166385996984805,0.00033337795662217513,0.0011967302824944476,-0.0008836950623213123,-0.0017815796833398176,0.0,-0.002760897604163377,0.0013971757206006324,-0.003260410557260184,-0.001180425165017085,-0.003041819559573186,-0.001803252477564004,0.0016786277559030574,-0.0011489046981375468,0.0017409999724799206
0.004447312070884507,0.00468448795078685,0.00039972548802362734,-0.0015995052521268179,0.00027128635126800945,0.002305589945653743,0.000833549520970498,0.0007619027160784902,-0.00039856165201878377,0.005449072028713611,0.002266268170009444,0.003578664569365467,0.0029495266952089434,0.005347540503803036,0.002593674638604593,0.0041362001183712,0.009374592598439813,0.004537175435157168,0.002236828144644132,0.006290654193878607,0.00037729351489425484
-0.006957782214699115,-0.0032738745641084912,0.0,0.0,-0.002031552279793375,-0.0029440875113334376,-0.005412104793160278,0.00019020216448472062,0.00833952704394802,-0.004214987287564175,-0.0015073085053547688,0.003207285613492806,-0.002940852572041034,-0.006303927433158009,-0.0005969819972857683,-0.002942210332306641,-0.010835643939840276,-0.003963772301454638,-0.003994202241515977,-0.0065987269818832605,-0.00012575357859351144
0.003184806983752725,0.003384175758455905,-0.0011992320363411759,0.0,-0.012889820400944508,0.003598709933599274,-0.012976458545491398,0.0004757336083377165,-0.0055402938042441,0.004146386489275043,-0.009706775189532951,0.001978587188351544,0.005309073688782075,0.010308429940773984,0.0017920372584049515,0.002655824922369045,0.0015650767264274172,0.006385683876794728,0.006605092286258338,0.005710553111811851,0.002011529901714585
0.00493568741134724,0.002999825409639891,7.555059099299832e-05,-0.00014023853445865742,0.00874184326643677,0.001726202652027901,0.012225887719194604,0.000866486531488866,0.014325247562033284,0.0021961455475013915,0.004630783469906241,0.0003946323922055417,0.0004350516906978364,-0.0033920399981393467,0.0015722905238226153,-0.00029413145472443014,0.00463508461071724,0.0009935774716013069,0.0017245517448341305,0.0008375828485177942,0.002412805097238254
0.004434700634750565,0.003767811369675429,0.0012009238231345102,0.0,0.004511218401543463,0.002851470460796522,0.002100868972240644,0.0015217310260608448,-0.00549184722644329,0.007145276218168145,0.003911393017981092,-0.0015790775583808506,0.0037224813062619842,-0.00019702984594252882,0.0003972744278689033,0.0017660190057960422,0.00962776200573468,0.0041453489373180046,0.005864239098096229,0.006973532217213863,0.001504322309478793
-0.0006307315564734281,0.002371164231145591,-0.00040002739280835085,0.0018034405798358847,0.008981917411976435,0.00045829048740795165,0.0012576296903678208,0.00019001191212731177,-0.007983419088472247,0.0014530450491904762,0.0014067241525847509,0.007968412448561642,0.002342651123984759,-0.0003942672127417969,0.001986310402764848,0.002056851879723534,0.005154719219489224,0.0013761340796234144,0.00221559149375216,0.006233147127192677,0.0008758947487937384
-0.0037867777790828094,-0.007588550813956129,0.00019996536444158282,0.00019998404095273388,-0.001484011089767693,-0.0025666101337013343,0.0051930097069544144,-0.0006645874527635075,-0.004776911782184418,-0.0063159410054861006,-0.0018368471413271407,-0.005110265661691936,0.0009739547985890259,-0.006745589896681272,-0.0013873024032609864,-0.004398879858446469,-0.0035896053726660955,-0.0028402501326388924,-0.006050150949430859,-0.007570880620730477,-0.0035018591817315525
-0.011086626531870264,-0.009930657521934677,-0.0011997020585514007,-0.002399729564904167,0.00229665799462438,-0.00864015274798693,-0.003083072302226032,-0.002755230290610657,0.0,-0.014344728448480473,-0.0037358999542671982,-0.011062439451231618,-0.013813336941558237,-0.004726413569601925,-0.0019852977430479517,-0.007069075890169119,-0.024189845028571518,-0.01433135331469848,-0.010417843844903749,-0.01907064655078041,-0.005020173750135738
-0.0019586019565786513,0.0025887185607142093,0.000768557658326214,0.002645690652651649,0.0033203003648554826,0.00399592148992294,0.012060580289495516,0.001694650642122364,-0.001200292260727592,0.00625750498142393,0.0005431986000346465,0.01398259012885972,0.00800388339386889,0.004328734949108791,0.0036817087462902467,0.0026697568392560125,0.0008856585572478911,0.005848712854894454,0.003785116501956576,0.007555050221291814,0.002271089447456144
0.006113523617442242,0.0048142270689494355,0.00020033281656138628,-0.001599591162151123,-0.0002694517009687256,0.001202664230619594,0.002484759558089079,-0.0008568851698528523,-0.0007620442562481579,0.0042557700294341225,-0.001958087805553197,-0.011221386899333118,0.0021595372185640237,0.0027870880991094768,-0.0021824023866354307,0.00029610181801250263,0.006083184901542145,0.002415628777011548,0.0031816246911629976,0.008216937450348615,0.00012590854523808427
0.007994693160755519,0.0016973588093913087,0.0002001215193153272,0.0,0.0016180427922117134,0.0010170675725388984,0.0020652262386063984,0.0005717740967962363,0.0092295885602409,0.001988943605122649,0.0017444538772838519,0.0023964070839974827,0.002350876767831517,0.0017871717967171254,0.0023858640457992283,0.0017743766346976157,0.0007881172962534915,0.0022247809359138824,0.00023473118633695372,-0.0005821870778281389,0.002264823389283793
-0.002538208233309845,-0.0035876913263887117,-0.00020008147870582174,0.0004004117156186064,0.0013457785128447677,-0.0034162380786668216,-0.00453446237890711,-0.00161901870775469,-0.0027830054944291693,-0.0052648359392194885,0.003285564130362418,0.002788790339478552,-0.005471757043425568,-0.005945591368520936,-0.0017853469209752058,-0.0035428396730324595,-0.0057784382845462575,-0.0046243004568981725,-0.0048143548996325385,-0.007455685769952649,-0.004269027429429232
-0.0015384811387007718,0.0008927148722118318,0.0006704381146400624,0.0006616367042344863,-0.01209253057286214,0.0020438642943297067,-0.005124554226890381,0.0012582849795397285,0.0,0.002407198716381957,-0.0005285759503645648,-0.0035755228284249773,0.00856385159600077,0.0028285408743560407,0.0009338900073704814,-0.0008889367945028783,0.00662416167548257,0.0067695553133009356,0.0032511592875668124,0.01227774923815954,0.0006646250847938826
-0.002555075502450691,-0.004107158062476656,-0.0004004880523168045,-0.0014013573886001074,-0.004639655029316302,-0.0037984790469585993,-0.0016695112122507194,-0.0016210853087464034,-0.015550380535795516,-0.006336688720662601,-0.010681664399479936,-0.00518364178459879,-0.00703436841071676,-0.0019117203501394133,-0.0017894120005357375,-0.005041406223235225,0.00026395586852616317,-0.0068473477697450465,-0.006487612512091329,-0.008147353245711244,-0.0023981418257686808
-0.0019212064939616714,-0.0012073853969387653,0.0008012114515653457,0.00140332394698181,-0.0001374668834510617,-0.0013949025625648445,-0.0066890226108776134,-0.0013369322027269024,0.006195204025135619,0.0006987076960994597,0.0068169690676428,-0.0025644294039377288,-0.003935773532754075,-0.0018756709695558255,0.00039842172978565664,0.00029802646754221757,-0.003161400008430455,-0.0038197732094830033,0.00011871061833211592,-0.006923114427067704,-0.00037972975146271913
-0.0057748939151268715,-0.0031220907794292005,-0.0020014891850696887,-0.0035069710010939945,0.006307004227791873,0.0014613937139736901,0.0071552568735113965,0.0016933465027073322,-0.0018172180016211817,-0.001905149575340781,0.0012014074140615848,0.007651982751331723,0.0026075724164549893,-0.0004800732546187034,0.0015154221316839632,-0.003873440106485181,-0.006871008770547822,0.001306153332064226,0.0014268622548901206,-0.0009699595297322227,0.0026642564518402504
0.008798369813625223,0.01062526301688976,0.001925041473008169,0.002212149364413322,-0.006283130557840748,0.004661071522715703,-0.008487228239779586,0.0013383306288154509,0.011326937457310213,0.005525406583235399,-0.00853450333812628,0.0031973542986759897,0.010095329060405424,0.00915663252443656,-0.001791158382825131,0.007478316153391016,0.014043490098240729,0.004310602975191542,0.005827566404938999,0.007602734593177327,0.00012669471480618354
-0.00224481547811308,-0.0019041740899064863,0.00020082121448387424,0.0,-0.014569868819940553,0.0005563944405423983,-0.010566312447104329,-0.00047696225084103966,-0.013880241751484602,-0.004361186028971279,-0.01984546609691723,-0.0051792879086666925,-0.0011758725021964725,-0.010923628463564192,0.0007975392344266067,-0.0005942510436577179,-0.011591041193990374,-0.006158253447217509,-0.0016554552956262302,-0.005894814555651697,0.0010121688380817571
-0.005143219031702338,-0.006326989989023633,0.0004005359770616119,-0.0030097629309233953,-0.005580094702034728,-0.003894672742361382,0.01067915170064335,0.00028645776711551727,0.003940356731580933,-0.0052567412164802345,-0.0019122443538896684,0.0014201969406181824,-0.004316270684204555,0.006867556536224668,-0.0009960387735423878,-0.004456069739875118,-0.005863438211660354,-0.0026289197581871736,-0.004618731327978158,-0.00782707859242428,-0.0005055179458665783
0.007108224489851329,0.006164999601346453,-0.0010018576172293099,0.0012074420708251788,-0.0077146875212317735,0.004096117730572803,-0.033389589462709215,0.000668203194337568,0.0050577189003613455,0.0053726407550891775,-0.0045077646968745754,0.00040094353516724696,0.004334981638366803,0.0041482272659067645,0.0031905789430646085,0.0041777583250782345,0.005629994625044589,0.006589379804555642,0.005234944801720017,0.002151085661178104,0.0013915279289159128
-0.005133247884531785,-0.0043187994993524464,0.0002004954864459333,-0.0010048718138453477,-0.018942657891997502,0.0002783302807283948,0.010056728549159816,-0.0002860202535025054,-0.00362337986760306,-0.0064827331666468535,-0.004189206725939581,0.0004006083628828322,-0.004120129455796614,-0.0021847213582491614,-0.0017893205586150005,-0.0047546901343315726,-0.003199419660822709,-0.0034601224911134077,-0.0018934297024362585,-0.007156535356237542,-0.0015156226588053144
6.43180148299646e-05,0.002618364889943877,-0.0014446849105074426,0.005132942892415436,-0.0023651845837609955,0.0007621010839873898,-0.004008451356742194,0.0011940053901623895,-0.0016160799198680295,0.003669851452863949,-0.018088950767312425,-0.003604598296953828,0.006530057401043998,0.0011529288110223724,-0.005147833414067921,-0.0005973402819518562,0.0004170459365350038,0.006586491618835761,0.0003399554760972948,0.010125635092848344,-0.0010034164092910147
0.004202886682591628,0.005245501709404263,0.0,-0.0038050776032400734,0.0028984606754543386,0.0009279672842740324,-0.007846525243177895,9.585533077799643e-05,0.008647115462932821,0.002379170297448546,0.007997992426557991,0.011885401000400515,0.002354527072374675,0.0009955940985575584,0.0026060974121206123,0.0056765712977210605,0.006978255764691879,0.00018710249750846346,0.0035650978834234656,0.004177107630801318,0.0012683178387997034
0.006439152462123507,0.005318456614608147,0.00020108787857196482,0.0034172719962079997,0.0041909801745709544,0.003616086588547072,0.003515084389913053,0.0007633438731957426,-0.005222917672679789,0.010284764150718708,0.006117948238697045,-0.0031847168189903623,0.0029367011309662343,0.0013926751632319901,0.00199925544556073,0.005050767726990353,0.008795241585541418,0.005887056417978184,0.00888080536295659,0.0061802621604082324,0.0038003391205385416
-0.003838665902904336,0.000898173763520257,-0.0004023303694249349,0.0006014223156831883,0.014533960376661638,-0.0027715859310662107,0.008318693741081566,-0.0004772255799715471,-0.00048464806978316775,-0.0011310632828665519,0.010503697146992123,0.00319489164414432,-0.002928102170011976,-0.0015894646886805495,0.0,-0.0044337693996618095,0.0007925091074120052,0.0005570437115699708,-0.002582400468116453,0.0,-0.003407365647986652
0.003939348543480204,0.012582112567872646,0.0014080270820892918,0.0,0.00992956576820588,0.003298360005407451,0.01172403582557064,0.0017667314876940786,0.007717671997198916,0.015326904868028915,0.01775812379909477,0.0035828010155493275,0.008817781603633489,0.002985207603727585,0.0015968884803853865,0.0011873483834315586,0.020683339340322026,0.006379717521366907,0.005799254502715786,0.034285618847692524,0.003863223887070752
0.012508125527233188,0.011845809636652526,0.0010049335688079577,-0.001201447057307457,0.010533850230333696,0.00814247759849785,0.015021260346247862,0.002669760645903897,0.0024459950313846603,0.012820425209091274,0.009630645803977095,0.00952008513280671,0.01011446857136438,0.011031326817237857,0.0003983615729274509,0.010082905879091941,0.014022057788769294,0.010639321836028068,0.013962283320464544,0.014792258615497787,0.0059392886831394105
0.0009505160357305898,0.0003906182505665603,0.0006022522709595504,0.0008018507892259948,0.00833901845346568,0.000826478604041656,0.0126848580783456,0.00028526664531074397,-0.0009100251472012758,0.0015289565067690002,0.001268011621761669,-0.0013134833757552096,0.0013484499991570378,-0.0001763829117174206,0.0011947794696041331,0.0011744410667231435,0.00973115185688477,0.0015560048739777365,-0.0012730890762405215,-0.0021470022830284447,0.0007535196394772338
0.00379715006051659,0.006534016847936954,-0.0006018897814717918,0.0012018230542422002,-0.0008274182859547912,0.005135563213078054,-0.005845294522583536,0.0005705542574302908,0.004009598089378936,0.008312782756486252,0.0006611404782482568,0.010252413121967304,0.0067305012609509395,0.0061435527835325965,0.004177387640473409,0.004105875790974632,0.015217041226793147,0.007129604107946073,0.006024953497182482,0.015060756837625472,0.0036396598348656813
0.00979853078722948,0.008448747462248217,0.0017873375899244363,-0.0006002428649699153,-0.0012415616269884527,0.002951553550754573,0.029819432139971975,0.003727119123872893,0.006789061265581821,0.005672183757058986,-0.0004403512017631622,0.003902967814170375,0.007717080603408043,0.0039017599453611256,0.001585035328248247,0.002920482510981297,0.01142069209592056,0.0065939619656160955,0.006497726203881501,0.011537389367291722,0.003506320019204102
0.000938822782966197,-0.004910660000692304,0.0006022226964938508,-0.0008009590600575313,0.004696253414108337,0.002643422213922335,-0.030179574590233155,0.0001894517808437318,-0.0015866790768991619,0.002936015616816173,0.0033640823378154427,-0.002721594789898453,0.0024695733447765256,0.0009718128961074062,0.0009890290472315422,-0.002329729296954513,0.006197284469972214,0.003887347486647293,0.0033269525839629737,-0.003319812935801985,0.001248873892863583
-0.0021889022579127827,0.003387198697887762,0.0008019404110621294,0.00020062176081872787,0.013885298227000615,-0.0005455214041591237,0.01640038059548156,0.00028413400202443467,-0.0036604798854053687,0.0008365066323701929,0.01368701236626893,0.0041298967012382394,-0.0007579554580368602,-0.002912121791811659,0.0015806459326447074,0.0017514385141380552,0.001231907508115423,0.0002701549499784707,0.0003431268958899456,0.004441426903379996,-0.0004988082726317027
0.007207651104096123,0.006653991241924221,0.0006010585444864043,0.0008014403233599073,0.004203543765821943,0.002001270075343316,0.0012410784055488131,0.0005687971692734161,0.0059500682816599,0.00559931865802339,0.0005641146401878984,0.0019456670211754504,0.003223826549411773,0.005062205238719157,0.001183613575499782,0.004370650153832549,0.006889653373553135,0.0027906800007158642,0.0008001096066963544,0.008290885311719972,0.0003739838495194876
0.0018671681163784442,0.0011493882771721744,-0.0004005572174203047,0.00040006210497951403,-0.006886663220505493,-0.0006353503990674437,-0.01239638044974673,-0.0003788336839132925,0.005200741566088062,-0.004072370464409393,-0.005853484445209292,0.0023302076983422407,-0.0011340774672138126,-0.0001936757257653557,0.00019707792046090236,0.0005802966395258476,0.0,-0.0011666914716564065,0.002398194400275957,0.002302662267401361,0.00024954277579331517
0.0050565969695941,0.0022088725190307504,0.0017245915025443704,0.0008011312774916625,-0.002885804159642089,0.0027660099454919307,-0.00859345679610908,0.001317627269352717,-0.002764369286320079,0.004211608091094679,-0.0005255292869443399,0.0003871647529968216,0.0031135231931151753,0.0038439773849813725,0.0006907022847398036,-0.00029014751423601714,0.010318923452566306,0.004493288199950119,0.005192807138046673,0.003421946902191325,0.0013365027842767256
-0.009006441569910702,-0.008517449040716451,0.0008007358250853793,0.00019984361894801944,-0.0008201615202182907,-0.004539078155111959,0.002538914757650596,-0.0017993449128735153,0.00035521638517612217,-0.009165215224240018,-0.0006552417420631053,-0.0017077834232869288,-0.010586154074578469,-0.009225983000176824,-0.003548767532998024,-0.004930406215375177,-0.016321563746771104,-0.007176839287777747,-0.010910552181171658,-0.014768646065787353,-0.002493875883088692
0.0062676282997415275,0.003571326794397315,0.00019992822207297168,-0.00019980368945563947,0.006159966777378326,0.0003649698078365169,0.002532960435306353,9.486131058996629e-05,0.0015859157977070257,0.0021864860527444963,0.002950678124408471,-0.0015549040236162695,0.004585640901675085,0.002088571659882768,0.0009892489190055065,-0.0026230690192186237,-0.0014856187044797009,0.0018073152311654025,0.0016089182181832475,0.0037751225406175907,-0.0007506153981466457
0.004671588607845369,0.006444412987306849,-0.0001998882587687828,0.0,-0.0019044445254931008,0.0044667822664598905,-0.008420983941666248,0.001422845637642871,0.0027711468299410572,0.009733114768815776,-0.0025062251690651,0.009735091600461206,0.007226815567610158,0.005650022127841457,0.002569615227371932,0.0061364478641152105,0.018352963096091086,0.006223663051293111,0.009636402983873572,0.015044201024069647,0.0041290842150766074
0.0068954053738944105,0.0041041171361402605,0.001300510360641894,-0.00038040795880629676,0.0005252477977684426,0.005053234287968624,0.0049154891881907576,0.002428716882585714,-0.008014109147437313,0.007806472378706391,0.0017294108794672135,0.0007710722461731336,0.0055445029232926955,0.0021226480354323775,0.0035173313511039665,0.004647371750423246,0.012368073864938664,0.00710591461732837,0.006365857230419457,0.012361513245604229,0.0034262673187406816
0.0009258293251310826,-0.0018120245800206237,0.0006001085599651805,-0.0004004709976881663,-0.007926586246241991,-0.00018111120754564213,-0.008050560307670325,0.0004731486042186188,0.005093950215408629,-0.001488266074339893,-0.004262564014672037,-0.002697671667926373,-0.0005643495652049557,-0.0007741971437140778,-0.001377251388024227,0.0002889747831702372,-0.0007241248961700098,8.936346642251102e-05,-0.00124540441796623,0.0004321688970687412,0.0004978830123813276
-0.00030855088680086786,0.004395886367708096,0.000999588141790266,0.0016023572462981524,-0.0009649363514433838,0.002533711423696169,0.0064071716027683644,0.0011347566564020243,-0.002726484989632661,0.003395304662915112,0.003402455962981793,0.004812688469998039,0.003012511478291375,0.004263160450397921,0.001970242515063416,0.0020233014296324263,-0.000724895805459451,0.0022307416880807387,0.004647186169444303,0.0006481627829343125,0.0026111669563250684
0.009871032563882602,0.013891704173223359,-0.0017972586453460586,0.0,0.0011038626739329684,0.004964857454099818,-0.00848885774848905,0.0013226886236533965,0.008469912182984823,0.01551532806157614,0.007875545545765987,0.0019267201408804,0.009386106371930348,0.0010618678034580002,0.0011800267527044984,0.005768400859180864,0.03022242623736988,0.011307057803515423,0.008123652632544583,0.02751981519975982,0.002852396355990851
0.011953338470130736,0.009224439865514591,0.0016415594197160869,-0.0003406228344364922,0.002583844445747216,0.005806580586235841,0.00926035579064325,0.001614210443500543,0.001971494747226122,0.013708833401633213,0.00018504834721602982,0.005384566347373638,0.012156939852968658,0.002546540869859867,0.00489761630645885,0.002868291083929749,0.02958718568928241,0.012167648456551279,0.00975045297817637,0.02524394858517676,0.0017844469104604421
-0.007564482526403381,-0.007270077734598828,0.0005997107554107699,0.0,0.008818801520590086,-0.005368883365510071,0.00935799483776028,-0.0016976106010421102,-0.009169304297619262,-0.010530831689095374,0.0044316891115960926,-0.005355728074219511,-0.010863324686542173,-0.00252360992751083,-0.0025450774233025625,-0.006005318901500256,-0.025617674347344514,-0.010551340474656494,-0.010002537117344244,-0.021278431879595223,-0.00494651444690975
0.003049144294141184,0.003567674925487492,0.0005996053162775572,0.0012012008600580677,0.002732023590170289,0.002608913982954481,0.006742647471813912,9.468396552669392e-05,0.0042346356526877455,0.002031123473187269,0.0065562388230701344,0.005915761710498664,0.0031645653262868537,0.002703466487386589,-0.0005889883348546949,0.004315144168964478,0.010328754133287295,0.003084749350546545,0.005613032155950071,0.006826987964232253,0.002733856232719209
0.00455909444084829,0.005239273250519743,0.00039921528557932247,-0.0009996211550548368,-0.005993765195354597,0.003679156246624371,-0.006697488666787296,0.0019834332065142113,-0.0028914937382200283,0.0052696332174475636,-0.004837052535957887,0.0019157001348263454,0.003339961553293841,0.0016375206966595234,0.002749708676847917,0.003150848733179418,0.0065053480334657425,0.0041291564193196295,0.005358311921391035,0.007928101270077051,0.0030986303047156358
-0.008169319116734934,-0.008562186768951546,-0.0001996548605629009,0.0022014764455398073,-0.0015072377429243926,-0.0060795039296552035,-0.006110370874874353,-0.0019795069866244135,0.0010723217084258898,-0.01233942628465812,-0.005032750523915645,-0.0038241155892726024,-0.007582719538042463,-0.003749799510627863,-0.0021544491228429738,-0.006282263993692799,-0.023083768370913905,-0.008836965583148988,-0.00999310437727923,-0.01976804081854673,-0.004695063293269556
0.008550638571955557,0.009012306954487185,0.0013385595741178702,-0.0008776027026226497,0.011751019961199365,0.0051342688707470725,0.010484830323870906,0.00187005323370315,0.003730521635680307,0.01325282479429652,0.006833603821586069,0.004606595962195132,0.008590714066382586,0.0008049132698739466,0.0013724020349966547,0.0043108499133223495,0.0196937557714514,0.01067719328136738,0.009036845596329678,0.020516278427305013,0.004878983974622574
-0.0009096993303209561,-0.003916516607172027,0.0005988113875923447,0.0014001632144410915,0.008571298780424376,-0.0002689104077347729,0.006815925780376504,-0.00028327331020612913,-0.005298052670175597,-0.002666360671084529,0.0006268331546289763,-0.006113867564669917,-0.004629018530914128,0.005893646852902839,0.0011780129545693595,-0.0014308622126475525,-0.0009297944593050588,-0.00175144533980706,-0.001560083550116592,-0.003736775374114399,-0.000742274450643699
0.0012139591825323275,-0.0002807217135046587,0.00019960395838967,0.00039952624037040927,0.0009443225342619303,-0.0003588332527470789,0.0035938466019567314,-0.0012272946955767829,0.006679926070896108,-0.00024308972733060865,8.589387469550309e-05,0.0016479996264594644,0.0005580494233084429,-0.0002878658839866254,-0.001960843038117113,-0.0022922267076487656,0.003490886823503773,-8.776557891270308e-05,-0.001451002705900878,0.00010394816036217215,-0.0008670407863385097
-0.0039405919468517864,0.001123632255805113,-0.00019956412460044718,-0.0011981629510000535,0.006468952110112297,-0.0014352792386371116,-0.004788542956911739,0.0,0.003953885826726264,-0.0004052184164611858,-0.00014026981360043382,0.0019229612563775144,-0.00018586580537109128,-0.001345519688855788,-0.00039286799976060533,0.0,-0.0011596592089931762,-0.0005260785335576424,-0.0004471394487535361,-0.002812926967671949,-0.0009916916819185488
0.00121811851155636,-0.005822242665380506,0.0006386229015567745,-0.0009996458970791613,-0.012504068023563634,-0.003684261551603319,-0.0025105478152825573,0.000254373474964634,-0.0020874057664989434,-0.009847828040169973,-0.005464208094703678,-0.0015354082240006954,-0.006880626185936905,-0.002105240912291432,-0.00021785997406860392,-0.004020612894643934,-0.018358268557908168,-0.008426372260241753,-0.004189409410491425,-0.018790678238979563,0.0007431865760483079
-0.004874780048014745,-0.004621040708967747,0.0009976148880400065,0.0020012923778725696,0.00013570583586141208,0.0007214765888213008,0.0037752763673499336,0.0004731058931012667,-0.0002761508762547078,-0.0007385723101750418,0.0010330702967542883,-0.004614050249193187,-0.003376964166163078,-0.001352321967897638,0.00039381948023115856,0.0014416389679009168,-0.002373295733377634,-0.00256702106316998,0.0002249929019361936,0.00032077493976998266,0.00037284904130717363
0.004898659937741256,0.009663676548557513,0.0,-0.0017972888601876004,0.0,0.0024333536050393924,-0.0020897414935021684,0.0,-0.0014110645543198735,0.009446960449106787,0.004845280342384436,0.008575587958822054,0.008847840527780931,0.0017414238823934144,0.0009836486710148326,0.003455442591960747,0.019029493853957413,0.008786054971995343,0.005629239391844946,0.01602017565203729,0.0003721930682468674
0.004570320896545418,0.0015950880865224749,0.0005977068515746563,0.0012005600428557953,0.009109500243792734,0.0010789569752291713,-0.0083747399951636,0.00028355595942986304,0.0012671631747601276,0.0024414334400877985,-0.002767588213420935,-0.0007672569453101263,0.002425818700215326,0.0022402814939388106,0.00019639849993257868,0.0017214554015551524,0.0011670426588057585,0.001231528168987452,0.0027982084905919173,0.0059918481492187954,-0.0002480054741158594
-0.008189336400996781,-0.009274886469115395,-0.000796761278084273,0.0007991198392276064,-0.00633211139663313,-0.005208945294183329,0.013513259183345115,-0.002458306340216996,-0.0014633513134733967,-0.008686487767142419,0.0036424885588378377,-0.003840340303923843,-0.01079651331646733,-0.004355143722341574,-0.004717610638659691,-0.006015521946034264,-0.013989167021857749,-0.007995794329127694,-0.006809091707213955,-0.013583946655747164,-0.0028556401587210376
-0.0005909440154989755,0.0010212876011025881,0.0010169915880454113,6.086845594898315e-05,0.011892371098984585,0.001807585090088036,0.0014992891698545829,0.0021039755860698408,0.0010693325043727368,-0.001404424453294426,0.0004291807254633391,0.00038546501829645163,0.0022826996929059718,0.003443269605638029,0.0037512516171685135,-0.0008643881233115253,-0.005218999407875957,0.000343502823445846,0.00012835369562777467,-0.0033742426142596518,0.0016162888524455178
0.003681004187798432,0.004734277394390473,0.0005982716199900438,0.0011989077051986945,0.006717641567434768,0.003160344827518285,0.0041718821971066895,0.0005681830894868838,-0.000991141284320498,0.0073177802484323436,0.00574227071846129,0.003544284728469025,0.004515279129082017,0.002125644594179941,0.0013796794948593776,0.004038038113658858,0.013117089568700606,0.004882307091655439,0.005634016397436681,0.013758665888013315,0.002116802929496297
-0.005806959305154178,-0.009046161866241556,0.00019910120568294561,-0.00019956820393093741,-0.006939823001560807,-0.004410559633681374,-0.00207729809084145,-0.0006627691056522004,-0.004004684889330927,-0.013386823195853848,-0.002434877859339393,-0.004617209458388207,-0.008990409913342644,-0.006884066856290499,-0.0017714087477654753,-0.004021797940290531,-0.022598823035243368,-0.009010707784440776,-0.008067759572951003,-0.02619658375524656,-0.0023606861064740426
-0.0009220636309458734,0.0032328748411131186,-0.000398102104342325,0.00019960803934884042,-0.007391416148032058,0.000451987282007608,-0.010824222332911013,0.0,-0.0023886973278384955,-0.0004963130815348381,-0.0027429681517950346,-0.0011597290089420944,0.0013231221121532855,0.0006021121660718983,-0.00019719571212082325,-0.00028852000264488643,-0.005780243713768007,-0.0007130643157418487,-0.0009032700492504373,0.00010770459194216287,-0.0002491546377883787
-0.020312886289786572,-0.021262093667925468,0.0003983237985608603,-0.0002577843221815552,0.013237033882105604,-0.011861613327877052,0.016689077415675074,-0.002379834102278731,-0.00558660905543387,-0.02001828401676305,0.00403906690131928,-0.012383951359517543,-0.019816031979884376,-0.011900341348905141,-0.003772001984817091,-0.010674836558135356,-0.03311198789478917,-0.01996456274656769,-0.015828091399389763,-0.036944559545912914,-0.0060283919321282645
-0.006926810778471271,-0.012812989117562788,0.0005983629317035543,-0.0019987311478813826,0.004823910679163915,-0.00623128179542596,0.0,-0.0022812802457766084,0.0009231400956971259,-0.01261857450671041,-0.000626353869412071,-0.008620468800390664,-0.006754210732934784,-0.008067535849664246,-0.007930177638205398,-0.00787416212817837,-0.012569218927337285,-0.007299939851560487,-0.011863366210513456,-0.010692153536068371,-0.002385705256040635
-0.0022193520470913967,-0.002064824848867637,0.0,0.0022025646271126675,0.0008000572322685491,-0.0009219537788376606,0.006641820208631946,-9.533481985715832e-05,0.0013216141110211608,0.0,0.002246536385762133,0.0013140956253379914,-0.0019428763487314954,-0.002995664143388314,0.0017985104685867151,-0.003527310346602997,-0.0015274531072490176,0.0009193211237848408,-0.002331496154599614,0.002616570720633258,-0.0015099486860884169
0.002224288526385753,0.0006898025027803832,-0.0003987471730963812,0.0005994097336626366,-0.003198093759447032,-0.0015691054697709874,0.00020617883285945263,-0.0003811730801058786,-0.003327964521469848,-0.0016295738095840038,-0.00132548028313211,0.0,-0.00019468049361298165,-0.00256646428925261,-0.00019983970556274047,-0.0011805723314541074,-0.0017849321730883906,-0.003765430176589735,-0.00046737113117219676,-0.00578710121914626,-0.00012595452089595794
-0.0021605011459702775,0.00048169478026846357,0.00021906921583811036,-0.0007968156508148369,0.010246351793656069,0.000851290508855774,-0.0018348469232792046,0.0013547361489444892,-0.0006841027257371418,0.0009957722448013938,0.008647463302181529,-0.0003957228199483592,-0.004251240147351362,0.0005563639375233413,0.0021953574992116453,0.0008863905049057779,-0.0009534186463366432,0.001311982313224091,0.003312747021703539,0.0008483661590413003,0.0020938687280454837
-0.002230314609404813,-0.003551435275915031,0.00039905021254250624,0.0003997623838364876,0.0068982959869195405,-0.005367910616214466,-0.003313925212204707,-0.002954629475666831,-0.00040260182645549246,-0.0051636682198639705,0.007152889858641203,-0.00593582972525032,-0.006270853611144084,-0.006192537885248386,-0.0031903939243482352,-0.006196201765967725,-0.004105478514350796,-0.00286152608393735,-0.009345875033621514,0.0021749733720566973,-0.004032132530909685
0.0038316209877464155,0.004455405775669094,0.0009969332650084737,-0.0007996030983704586,0.0013178057086550635,0.002698470632030982,0.009143722120559762,0.0012427269370491505,0.003911398520856096,0.006315092444267859,0.0055879089705128384,0.004146755912114906,0.004732750284679793,-0.001809107741067864,-0.00020010129691745625,0.003859731933472712,0.021643805229204643,0.004998982619675208,0.0025940813858820987,0.008908091829653242,0.0006323974564123463
0.0038168230249652295,0.00837859968972743,-0.0013944341422164465,0.0002599443323083314,0.006124823036363912,0.00590169018752724,-0.003418486045599255,0.003144273212698905,-0.0024105380992433477,0.010061844965462596,-0.0024813642999629835,0.0019867130954349943,0.00958426806849944,0.012319964718207146,0.005586857725005107,0.0029578431407568085,0.005548371599474881,0.008472658686968617,0.011082993963298263,0.01530715064446706,0.005597312845026715
0.00483958861587291,0.008395517073048805,0.0016374645013246556,0.00040069835939920365,-0.0014421153386592845,0.0014786170613214555,0.006912469396646585,-0.0008576389987662058,0.004631369135332724,0.004352440558071735,8.567822439464782e-05,0.006740537029382225,0.005646548165990933,0.0032021016595264393,-0.00019917671659542443,0.0014743742348743252,0.01727025315726679,0.004303388531617098,0.0012833136798561884,0.008169905753111271,-0.0005039672782270025
0.0031615599343589322,0.0007778657709885491,0.00039921673479263725,0.0010005384341284641,-0.0006563405171789509,0.001107595792109139,-0.010704228553504544,0.0015260519959922412,-0.003046644270029229,0.0007647010520227061,0.0010123689536441086,-0.0027569961227594786,-0.0021298276345311814,0.0013961421701208993,0.0021915277038984907,0.0014722345798365301,-0.0056917700121065255,0.00018224548735886782,0.0023311021099400586,0.0014431374664956454,0.0011346484503269526
-0.002206222989861343,-0.003983114545288581,0.0003989524810822784,0.00040013751157474064,-0.0005258266482304646,-0.0007373402473631183,0.004993794460796411,-0.0003809367259130705,0.0027775159437264585,-0.003905412987514881,0.0022356341426639443,0.002425867993221805,-0.004074325782164469,-0.003186857371061765,-0.000596195259755146,-0.002058184868317724,-0.010701899946407491,-0.003463426532277341,-0.0025579428424145696,-0.007981423231092433,0.00037737373639220765
0.003474499595503102,0.003413845113086699,0.0005985047765829076,0.00039983108391406603,-0.001577565139850482,0.002029612206823488,0.005383142109318467,0.0009525835257513207,-0.000802860568073652,0.00017026847058955013,0.0033989958652358323,-0.00276341816910458,0.0011686497271047385,0.001998337460279102,-0.00019906747647679756,0.0017680444500112152,0.003018944663928147,-0.0014636431941310675,0.001049197931337467,0.0002237659869919965,0.001384471449192265
0.0,-0.003693833975674663,-0.00039897419933992105,0.0,-0.002896497673175597,-0.0011971476672948775,-0.01359129217896855,-0.00019031924893529349,0.0044210061743887065,-0.002471204030010061,-0.0041391501548065715,0.0019794899623466885,-0.000778329311444328,-0.002991783281372257,0.001194138178990646,-0.0005884418420789472,-0.007023057601821228,-0.0011909682269263006,-0.0010480982688020014,-0.007596876043037819,-0.00025138859623355
0.003231724321820752,0.0065144078198821715,0.0005783533370968517,0.00027939363846224397,0.003694926665896857,0.0039220265586438095,0.0033647976174351387,0.0016574249385255886,-0.0016004406573418312,0.006810102515330576,0.002866723470101231,0.002765475497195857,0.005557762713490521,0.0066453159217225435,0.0014123481246542252,0.0020600018895865274,0.015710486657091103,0.007010447936221421,0.005707388337928022,0.013301760081846295,0.0026300622417856287
0.003145711380343775,-0.0007774618430463278,0.0007979522210201463,0.0022005246101158217,0.0030339637883081074,0.0009201713687698077,0.007512355975612478,0.00019028233246881935,-0.0004808850701884374,0.0017869614250875206,0.002442192794678312,-0.002757848734096739,0.00038831069293733663,0.001214635947897488,0.0015902018390841009,0.000587115262699288,0.0007484360000436643,-0.0009128831363424397,0.001393899236852769,0.001560045956688266,0.0008790088821620293
0.003762785962824885,0.00855971940344606,0.000598044605706691,-0.0005990243834492089,0.0022359026396444664,0.0052400673914580285,-0.0004139827378729343,0.001997785875137571,0.006742639856731349,0.00883293726321186,0.004130956413142865,0.006890157957423829,0.00659689503539203,0.00606540991241789,0.002778366914991791,0.0058704509661265955,0.012468820122411206,0.0079510279717183,0.008004456635039979,0.011793359062303721,0.0028860130809502623
-0.009371869927050431,-0.008197891914246575,-0.000597687162123483,-0.002196466529532726,0.001312505628221706,-0.0070416008671117985,0.0016161458173164125,-0.0029434585180112783,-0.005025935618958932,-0.010776376453361606,0.00021108052418566508,-0.005898595135581429,-0.009252211855255424,-0.01124727948957579,-0.0043539471642616775,-0.007878300168973158,-0.015024573236692313,-0.007979164142331189,-0.010817966203255851,-0.015724439302938212,-0.005004353719141545
-0.004637900810558818,-0.010325840631542885,0.0013758586967436116,0.003182796713397634,-0.0023119718933567127,-0.00349104594876602,0.0025879199698583795,-0.00015579868172333326,-0.005131528254079338,-0.010000591421955331,-0.006960702589512075,-0.003955576356955125,-0.005521134476201374,-0.001681305789131018,-0.0008005835066043701,-0.0055884214561875995,-0.017569112823501747,-0.00708435593336814,-0.006624351904365181,-0.0155309067442198,-0.0012652528715733208
0.00635314461476382,0.007189838259178009,0.0,-0.0005988803780007796,0.000790197525975479,0.0040750467449960715,-0.005753732872495547,0.0015259354052212554,0.0037878156070740455,0.006982072402478607,0.0032925882266123677,0.0011914065589583545,0.00450988859343744,0.006580799734775949,0.00099596552758224,0.0038449848661592,0.008940223685979283,0.006367928008322037,0.006811790160673899,0.010935072816125279,0.002144020459447721
0.008206958273368925,0.0063562452050833496,0.0005978504660933679,0.0011988121998540153,-0.005000152732373757,0.003136100900446808,0.00333050688093787,0.0014286479050169914,0.004709349664114238,0.007704264541151919,0.0012171697166568616,0.006567986834695819,0.006051204342345287,0.004185706767952857,0.002388664240879058,0.004419585105503303,0.01392393525979826,0.006328231722548163,0.004898810295391789,0.0116058570160453,0.002642724769361894
-0.0006261007020341932,0.0009717428138648303,0.0007965392053414454,-0.00019977110689045703,0.002644884911911855,0.0019311026822779246,0.0012449764716572342,0.0006655594991649367,-0.004001412322134811,0.0016140309647075766,0.0016385471823966461,0.0,0.0019402137809455132,0.0,0.0009928336013015882,0.0011730683180830952,0.002746486801560517,0.0016406374156866794,0.0026698010742438197,0.0013364613078261786,0.0008787499584570987
-0.003759430217453993,9.711333126806809e-05,-0.0009947300967132634,-0.0005987246681189342,0.0,-0.0011012301153978912,0.002072122943201545,-0.0015206661241569444,0.002531057662576065,-0.0011028607573967044,-0.004021303236650861,0.003949610766566642,-0.0019364566410842781,-0.00208401387810637,-0.0011902102760529636,-0.0011716938411595378,0.0,-0.0009100447620992256,-0.0013893972137315569,-0.0017794683802057965,-0.001630304231101924
0.011087968170250092,0.009049628741886816,0.0011552441262439367,1.924255066243011e-05,0.001270002176922253,0.009084872698385857,0.004568573545327107,0.003199991433087474,-0.0009217378981801279,0.014282747307120034,0.001799257222439123,0.0007867396937411085,0.010224326772708032,0.007509954828684776,0.004812278551438748,0.006453400655093403,0.012569582907951394,0.011784288760987234,0.012782529620619074,0.01717004198524668,0.006164007438445645
0.003118113849722285,0.002024967053266326,0.0007966556295166403,0.0006001141980668434,-0.0025108423223344873,0.0001824798637787387,-0.0022294768691774945,0.0006651486696564942,0.0023681594047674963,-0.0005037554609906789,-0.0008904546829070914,0.005706940906079493,0.0019247950710371566,0.002987624996962189,0.00019779236905310006,0.0011656384049601347,0.005429399828243077,0.0002710159082741389,0.0006886794977624412,0.0003299559535065273,0.0
-0.004351883541453278,9.643063142436811e-05,-0.0001989479777854761,0.00039936392627411315,0.003312315830881725,-0.00018244657095332423,-0.0034347508304263977,-9.486354888084666e-05,-0.0016831486369478575,-0.000755662264806429,0.00237689536801426,-0.002350269183243893,-0.001921097352322424,-0.0011046850764260946,0.0,-0.0011642812739929929,-0.0027000604473716673,-0.0011728396642273634,-0.00045848736513033633,-0.0037367132928139307,-0.00037566927796828866
-0.0037462553382418703,-0.004137781319118785,-0.0005971923069440809,-0.0003992044983982465,-0.0010563476470906632,-0.004105806770091506,-0.0032388974550922644,-0.0018040423245872024,0.0014451730392118845,-0.004958485992972237,-0.0006884164125807506,0.0,-0.004812479083266346,-0.003751891375557684,-0.0023752867286918737,-0.003788829858757422,-0.00861425061167159,-0.0051481986686041205,-0.004704940234718185,-0.004081716488754857,-0.0021272481808325963
0.005771224147497636,0.0071576355082454465,0.0013351808832056358,0.0014794049952535765,0.008321342231168519,0.005683654036392411,0.017831789111655092,0.0024932027258647354,0.0017639732444562587,0.008048958154376654,0.0038557630751151757,0.0027482194280362567,0.0069098617027749595,0.007639097755733584,0.003275099286238685,0.003218388233581489,0.012626175112602566,0.006303361773275925,0.006588311473427219,0.009334173323352924,0.003852943006789626
0.014058145877772344,0.004135494775757729,0.0005973155570509621,0.0,-0.002366518159092516,0.003286393689872755,-0.0017652161307945868,0.0009497597074272986,-0.0009205101360164948,0.00789722663267328,-0.00012654197291660804,0.0007830476482078382,0.004620711734150595,0.0029570271613307683,0.0015851282025689355,0.0037905792553193257,0.015009752232959738,0.007055031146793977,0.006201713323011111,0.01552851128955833,0.0023775757103124853
-0.004312753419951797,0.0005744276794568622,0.0003979240160873793,0.00019976146375849167,0.003426281757034185,-0.00045483152049971125,-0.0011103828424491263,-0.00018979572874315128,-0.00016170624211973056,-0.001167040217096793,0.0008773835296869628,0.002158185150332612,-0.0007664781878125453,-0.00035356675141338056,0.0,0.0002906157031577815,-0.002424231954773423,0.0002694269892939759,0.0001145978254815735,-0.002277402289491286,-0.0006240478083225439
0.0003093573382335354,0.003733202752917899,-0.0009944872698818006,0.0003994223341751456,-0.007748242637265887,0.0016384127294053414,-0.00012327341963610158,-9.493590344713787e-05,0.005055034937370226,0.005757848329894251,-0.0004861366254567595,0.005477232127121785,0.006712566470753004,0.003499612912402277,-0.00039558741596454816,0.0008713802968311451,0.01117858231669774,0.003142701063826752,0.002396457734459169,0.010760872422708808,0.00024961193575818064
-0.000772872384826108,0.00012637522689795382,0.0018523310877352234,0.0004993748561994213,0.006778608537274652,0.0005103892783840479,-0.0063168792451788755,0.0003696663626399983,-0.003313293649408975,-0.0012748848406317801,0.0032119120437503843,-0.0019454808338644923,-0.0017691791486726992,-0.0015912947908983176,0.0012671491302416874,-0.0008706216542756147,-0.001577361533195849,0.000621901506315114,-4.5338751176133535e-05,-0.0009441750497496226,0.00037352252234175675
0.0068278964159075965,0.0075519084903600455,0.0,0.0,0.0,0.002457682447838648,0.004985412227503606,0.00047514972921874676,0.0017223137317449698,0.006580490046323666,0.002745084642989688,-0.0011694161486769054,0.005929773106410172,0.0025563602945227674,0.0005937462476014598,0.0023236401222558,0.00990344203030403,0.005201297491308438,0.004680572002342157,0.011125186596273543,0.0015011412876517595
-0.0006164844359675254,0.0023719700286200514,0.0005969190432998294,0.0,0.0011868863167319086,-0.00027262727424459904,-0.0004135175750367358,0.000475084144699675,0.0015213976921834467,0.002813431862772223,-0.0011578764513007105,0.0025324291091564466,0.0022814208211424897,0.0005886400543287048,0.0,0.00028973602008485773,0.00884953304648767,0.0013383529598560175,0.0004547569759653959,0.007157588207457937,0.00037463423626239766
-0.0021591419325640445,-0.0052057493256972365,0.00039783347215198813,0.0005989798203464259,0.0073740099027866934,-0.0029062173375948635,0.008685030943604384,-0.00018989941890794305,-0.0023991414884481717,-0.005528821319872121,0.00660961784565947,-0.0007801909517353077,-0.004932489828855423,0.0011762357955215886,-0.0005933939221868117,-0.00318620349427351,-0.012802044669773086,-0.00498927489411016,-0.005792556975803142,-0.010394542333263302,-0.0007494732096743067
-0.0061823254683425755,-0.005804072554068914,-0.0005962633084461117,-0.0013971636987077805,-0.0003920846391705185,-0.004554728108436933,-0.004100151230587277,-0.0016143816310640346,-0.0004005062252109084,-0.0065555676832977075,0.0013928091058755207,-0.0015618052919057505,-0.0055291002604460435,-0.010182259927376987,-0.0017813631961664496,-0.004068762563428869,-0.011047369184995352,-0.005999423865065535,-0.00502714571753217,-0.01103985740896914,-0.002748641861334203
0.006376719597196432,0.007881527640047783,0.002091662979246882,0.0019195867500780466,0.004837387229344192,0.006519588972483218,0.0058090539658457495,0.003388442313531284,0.0012026249542282776,0.00978138728806404,0.002825487548579404,0.003519466359049729,0.008019375325304421,0.008483243327590689,0.004883225852702206,0.0052522614013916025,0.01494785413831824,0.007886672828639628,0.009703627056437965,0.012750670573770564,0.0051289008847844346
0.005887760836117445,0.008949074996733726,0.0003980165174466638,0.0007988126375223544,0.0003919577998534042,0.003917528268362628,0.0018877479562464813,0.0012340085142554488,0.003930746202680089,0.008128133415686899,0.0034477393991007173,0.00605533223595798,0.008006107540779574,0.005110297293038196,0.0017790132352273789,0.0037737685014308585,0.016326471285985442,0.006451580584644747,0.005815328473478224,0.014495788309683118,0.001872894928136368
-0.001232223135880434,-0.0054728167407222285,0.0003977751248363674,0.0005987246207320487,-0.0006522664242487233,0.0005446809788051042,0.0015562272924206284,0.0,-0.002436803541728641,-0.0036200199315163007,-0.0010618139889424312,-0.0015528789854029705,-0.0035929495886763336,-0.0009779960769341542,-0.0001974982943892397,0.0,-0.010158394407453891,-0.0015132428659848974,-0.0011338298933256034,-0.008573177112628635,-0.00012445370626719852
0.00030852627927344404,0.0006640987307446198,-0.0005967055875174369,-0.000997132169689588,-0.002610642765225588,-0.0019956359078984504,-0.016520721066918168,-0.0011376946817575546,0.0032437686579224745,-0.003055049064090617,-0.0038670076013591244,0.0003887114923001393,-0.0009489594181239664,-0.0007827174567086347,-0.001381377897045146,-0.0017353219219567015,-0.0014321160824365665,-0.0023181484966305265,-0.002269495924084176,-0.003095775393863661,-0.0007480571281321186
0.00355609706881616,0.0023532315750636602,0.0024901974818170533,0.0009981274346641412,-0.00896161588892463,0.003019426374994522,-0.0007770902508961117,0.0017563155720697768,-0.0019960153406486324,0.0005566144778856195,-0.005323380604581864,0.0003888862912449908,0.0018607436833002887,0.002486626854583748,0.0016989214548808838,0.0,-0.0015932506654254984,0.0027172698932164297,0.002662245070610825,0.0014813532518722235,0.001885508846663085
-0.0015403599060649187,0.0007584858879964205,0.0005965315092641008,0.0007986717120756436,0.003972659829737904,0.0005447239291528691,-0.0008343445471185849,0.0005692641563673281,0.0006800996090734848,0.0013279944368987545,0.0007486453208488588,-0.0011656760733942625,0.0015202802126893175,0.001018043190578034,0.0005928586139838937,0.00028977378721825484,0.002882513832111436,0.0017869666728473922,0.0011374472939201699,0.0006438519090396246,0.00012452382954666476
0.003394301961212719,0.0004737497070558333,0.0,0.00019950340801413842,-0.00039528258075773867,0.0019058547118713663,0.001461469146335414,0.0,0.0018387944070362343,0.004641446273668809,0.000284320525625107,0.0017590126572362126,0.003984882765701841,0.0,0.0005925692215652164,0.0014481450771598526,0.006466985806753953,0.0030327994628574786,0.0031812049482597186,0.00750588975697686,0.0004989733808093313
0.0018449751949338774,-9.463872526167641e-05,-0.0007949977613131713,-0.001994905353044723,-0.0031673029873700745,-0.0016305431510381901,-0.0032937552376334227,-0.00037918063834926506,-0.00015989142449265357,-0.003300168569837242,-0.0005582364466933587,0.0031129666525405923,-0.0024570392697721628,0.00019601180035034506,-0.0007895419296239751,-0.0008676002216741625,-0.003331714359420911,-0.0012449386044793395,-0.0015855103261955392,-0.0027669793224920467,-0.0008727809786021874
0.0060624699652330975,0.005721911877558345,0.0015125593408106567,0.0019987269566961144,-0.0009453066385872084,0.006201633054873114,0.0038051191932468413,0.0027240219880256228,0.0011991497698196256,0.006207094979971343,-0.004319740357946318,0.0031031033467273554,0.007185948334544833,0.004561618243101533,0.0033012838234286602,0.002604848044198349,0.007015524201225793,0.00583648466521566,0.006641298912803193,0.008227831283368736,0.003882924470033489
-0.009176861963423748,-0.0033991574557647912,0.0003976900878881525,0.0003994864225247535,0.0059799812560213045,-0.003885516059143411,0.005598162488674283,-0.0016103777399136278,0.00035902049220172717,-0.0018146140014887453,0.010563436864735284,-0.005026964031244015,-0.004147986577999762,-0.00031217860619028474,-0.0019724308369156434,-0.003175529336492928,-0.0033310687976773386,-0.0039935216790322825,-0.004971760644409225,-0.003398788889824784,-0.002366302829721562
-0.0006175684370733615,-0.00028430365660757,0.000596380697197584,0.0003990163943657493,0.004623653196772464,-0.0011792293313672949,0.008309257617141094,-0.0007588832425168293,-0.002992527217155081,-0.00033049377276073085,0.0038394749630060406,-0.002332012608693936,-0.0005677425418700761,-0.002927534628665123,-0.0003952616810962176,-0.001447901768105586,0.003342201902149125,-0.0006238954591390375,-0.0007950224010227454,0.002024870206376348,-0.0004992044251448799
0.00247160368426922,-0.0011370865171862654,0.0005957152722359112,0.0,0.012360305500543041,0.0004540285794656793,0.006180397981777954,0.0003797297918343343,0.002400552435912882,0.0020664989496924366,0.004953714468081464,0.0010101212552876939,-0.0001896206777512708,-0.0003915168823745415,0.0007908359493393887,0.000869903271726989,0.0021413246666841354,0.0006242849476831057,0.00022744359806009092,0.0015953994887521804,0.0007489261881282478
-0.005547021491983541,-0.00018983228431197882,-0.0009925017359176604,-0.0005985548605005901,-0.002597867253953972,-0.0025416114534317397,-0.0032759595890972885,-0.00180344006715556,-4.0075376447894705e-05,-0.0023096498631029897,0.002464737126061098,0.0007800232651797276,-0.0015157784380786274,0.006070190221310998,-0.0013829104797473731,-0.00173862913932457,-0.0054607003320431,-0.0040988768890517285,-0.002613332131884477,-0.004141420021370033,-0.0017468125287029336
0.009772090377236586,0.008600418347300656,0.0014712127935128678,0.0014587008907673538,0.00483791407317628,0.004965005415712868,0.0061676826175527,0.0025780337480437268,0.0021994777419096735,0.007894052147717451,0.0013950119168328928,0.002338245909330194,0.007185360797356019,0.00022647994354128837,0.002732280276601326,0.003193378672370148,0.013491134907193236,0.0085737994577236,0.007840428427465351,0.014698518772523197,0.0034034755225072428
-0.004615256738077633,-0.004622258564713357,0.0007946052057478196,0.000199608865858856,0.004158836883401328,-0.0029040553570700376,-0.005563276141214556,-0.0008549129288145425,-0.0035913365690743,-0.004277173108262684,0.002979185797296275,-0.002332791269686528,-0.00453159672227238,-0.004913159077013639,-0.0013833146168880268,-0.0028938967233733234,-0.00768133476997563,-0.003913243700481006,-0.00408026620779896,-0.008752647379581709,-0.001372905924371072
-0.0012365309948350722,-0.00028448583086523795,0.00019883390514920265,0.0005989344605383531,0.004012395543996937,-9.098819300321523e-05,0.006993121125413479,0.0005704628117295374,-0.0028033570870002137,-0.0012389399154220345,0.0026908832188856572,-0.001558749277342107,-0.0003794533212698485,0.0019983041273789253,0.00019799310008570048,0.0005805871302019315,0.0021435993062120665,-0.0003570760180015533,-0.00034151753227048767,0.0013830959401629568,-0.00012511038240885596
0.0009285382384316174,0.002180544176743691,-0.0009926108500857456,-0.0009975577291347446,-0.007992625288440127,-0.0002729894178232071,-0.002450913896812555,-0.0023751917210730468,0.0043396716118831,0.0018195274131740104,-0.004077101790365293,0.0041037048603767366,0.0022771261464840237,-0.0007820312457141262,-0.0015830958524816242,-0.0008702383067741995,0.006417118710377422,8.91388903029777e-05,-0.0005690332335773115,0.005949204602890344,-0.002500265394175328
-0.0010891143446432859,-0.006277582871838164,0.0016893049883821994,0.0012985335629890685,-0.0020102702211878074,-0.00014980915372122449,-0.008581106757029939,0.002342560814238168,-0.00012005083406381329,-0.007607243059483347,-0.002872291104151671,-0.003895604831974536,-0.0061279876512783755,-0.0019449312804605066,-0.00026010142697528596,-0.002419017495953509,-0.011117164041798095,-0.001526793844601993,-0.0034657416466713858,-0.012921476936756082,3.151021494284023e-05
0.0034140852980102344,0.004198791171281535,0.0,0.0003995024403104484,-0.0043091186959212865,0.0007315170683084369,0.0037266761548081,-0.0013339877609508945,-0.00028041418581448,0.004754560714301989,0.0003645147667122801,0.0011733089837989608,0.0032455531972956377,0.0023186788005465377,-0.00039736079483382265,0.0008749723945032813,0.011142938921128632,0.0036859524745576117,0.0022920692065574624,0.010198499477377507,-0.00012543571693334618
-0.000618704883383083,0.0017107932503058676,0.0003972301870212692,-0.0001995579132670633,0.004852305461094456,0.0018276786275019368,0.003300356097007051,0.0005724954901828575,-0.0008011835308505531,0.0060600044328645184,0.006716774946416573,0.0,0.0051380463252909386,-0.0007842179511143978,0.0003975187532015562,0.0011653860853573384,0.009242846732143936,0.003493529434371773,0.003773897471827864,0.011052186672874048,0.0005020933649239259
-0.0003095276327529059,-0.000664330441610903,0.0,-0.0011979787667392694,0.00221891853286124,-0.0025539930911628807,-0.001233203042257547,-0.0020023885481156366,-0.0008849233619849121,-0.003878211730405339,-0.0001759643851611731,-0.0006652781116301972,-0.0030292319035004267,-0.0011770144616550125,-0.0017872467877080114,-0.0014552046545078636,-0.0028179680811479123,-0.0018746799914414237,-0.004329242148607096,-0.003258470046007661,-0.0018826825357275488
0.0005622866725321338,0.004449369200480649,-0.0003970724578545746,0.0014795225324801926,0.003111772580542427,0.002059665932332283,0.004170138092074024,0.0012607800868956805,0.000482201297824293,0.004835134780580695,0.001986343554487646,0.001958010127082837,0.0020772847109332268,0.00025619474838935787,0.001970582665465429,0.0022481376940664006,0.005867197846228463,0.003555115356707978,0.0037602263387125326,0.007359827594675627,0.0012951626845821966
0.005894816558158064,0.0039799534861259455,0.0011724019402373762,0.00019968640935833556,0.004686905696579488,0.00100609729084226,-0.0014792479358695695,-9.542569067708184e-05,-0.0007633383213275808,0.00669529199292064,0.0040827786988212105,-0.0015635014080083677,0.004748407920490122,0.0015741089922780699,0.0003979081553062203,0.001165426939163985,0.012332622048287356,0.004467218246001246,0.001828913695967555,0.012498644879990091,-0.00012575009210995795
-0.007711149774020473,-0.005909502574535615,0.0003973207699036389,-0.0005993317392290789,0.002980741325360755,-0.004842487168077641,0.0041149915577519776,-0.0012423668858514286,-0.004020691580838664,-0.00936035608368453,0.0017729756220182101,-0.0062646127613413885,-0.008695833185045328,-0.006876128711537842,-0.002385633350768286,-0.006113301787431897,-0.017403327874901547,-0.008805389512079256,-0.0051339096660969795,-0.01514533846603433,-0.0015103021234384429
0.005095720081755323,0.003894979281487128,-0.0047639186814837295,0.0018201156166381992,-0.004780879440313361,0.004532156167601672,0.004109077949610606,0.0017711432950537308,0.006261400615269064,0.00967061073260477,0.0015230136621761266,0.009462504012632171,0.00988148860005712,0.008939272305073822,0.002751803961522961,0.005597749949019111,0.017236336313695463,0.007654624497952758,0.0021785665502205447,0.008531908811444009,-0.000504348282184192
-0.001550115896713142,5.0940676675815706e-05,0.005488531709230671,0.0001998774145653958,0.006860549406054128,-0.002106189543642004,-0.004176702282317259,-0.000765208618429367,-0.0012058240881580226,-0.0055115804206492935,0.0010314380490760225,-0.0015642947403666973,-0.004542038984335297,-0.0060917169618731615,-0.0011936863791078534,-0.0014611719018296902,-0.0062915680520602675,-0.002677699446632433,0.0002820524925465269,-0.0029665446738715968,0.0016800442950065616
0.0,-0.0017078514520746098,0.0005981351900259129,0.0007987934655516929,0.007240867306057573,-0.0004587856700240764,0.006578917276672605,-9.561714345392048e-05,-0.0008047704159868963,-0.0004961932263636079,0.003906998759760557,-0.0015667862120375545,-0.001140591717650876,0.0005931686988396768,-0.0005976287093230298,-0.0008779982286935817,0.0014070197493046461,-0.0003578326455762084,-0.00206519508894483,0.003680044202293858,0.0
-0.005590201976850247,-0.007887950476132466,0.0007970984965392731,0.00019953382802620205,0.0006415204354709032,-0.004682068002462402,-0.0016338484247960044,-0.001244597563501993,-0.0004026678527326851,-0.00877271601961423,0.0005121499008579075,-0.003138652500663695,-0.0066617667973299,-0.007251305865423624,-0.001395410982820346,-0.005565592858561448,-0.01264471544700319,-0.007341798330804078,-0.006783236551685418,-0.013618455132789687,-0.00277565616075108
0.00031224348385075707,0.003544258780676793,-0.00019916210653887924,0.00039902921967738687,0.004746977232161589,0.002121536894419286,0.005728309296666589,0.00019171054850124382,-0.002417270580071913,0.006512531492403346,0.008291501334725102,-0.003148330598750892,0.002107535671911375,-5.9874131408496934e-05,0.00019986224268517505,0.0017674067649880317,0.009960540776572815,0.0036979065895637524,0.002893984089623741,0.009876861719827748,0.0003794984244677495
-0.009990539957573341,-0.010118436991052759,-0.0007965606847481879,-0.0011965690177938733,0.0024259283414755336,-0.008099471290504723,-0.002034197245985776,-0.0021084717205479774,-0.00036822999695491616,-0.016093032623791532,-0.0034011279441613445,-0.0023796672387966875,-0.011089751535630285,-0.007464258417482885,-0.0035922328371018443,-0.006468383908747111,-0.0253608468765224,-0.012850365780871727,-0.012349982527195037,-0.024503124462105837,-0.003541139777278586
-0.0055961399139878906,-0.0058554736096480715,0.00201413791263636,0.0005781087376010298,-0.003669897349028296,0.00020216052968375682,0.0032623875912151023,0.0012670278372211676,-0.00044519856383955323,-0.00906980518310087,-0.004869668414401998,-0.005551027905585472,-0.005311932476802346,-0.002704768831974608,0.0020028336148490674,-0.0009891836527054804,-0.019356707148469408,-0.0048348827276892565,-0.003704142673992625,-0.020346217134352085,0.0011768390590162414
0.003497391290921237,-0.002334188648237403,0.0,0.0007995110598412233,-0.003076064518448691,-0.001301761140228356,-0.008880491655394101,-0.0014409559042160213,-0.0019839459973368294,0.0036682232678282383,0.0026258099600342364,-0.0007975720334192642,0.0003896564786053123,-0.0006043516076781144,-0.003003618579574041,-0.002077940969497274,0.004066667890351021,0.0011004019050700616,0.0,0.007396666839037199,-0.002794148192545886
-0.00031676119372962873,-0.0020470370646096282,0.00039851452883799676,0.00019958434605247188,-0.0019283221930479714,-0.00046534977928787576,0.0036990379186249,-9.610630401718448e-05,-0.0004055633742473532,-0.0037397792223798796,-0.0023530311381364877,-0.002394254285317721,-0.0015580998425130052,0.0,0.0006026705664241657,-0.00029738286068086746,-0.002577260241790535,-0.0013740966100932153,-0.0008232430647782977,-0.002958841797923795,0.0
-0.004120427695438882,-0.004200638198365612,-0.0005974824095241486,-0.0015970967383192964,-0.007729206002662148,-0.003632152013375153,-0.006142517199126804,-0.0019243920291780144,0.0008122480383110799,-0.008190441464271694,-0.010448972572264409,-0.0005666322845440826,-0.0070215185508959825,-0.0030853274768028486,-0.0030109359536734173,-0.003272927231699803,-0.011074186583560216,-0.005228241609251999,-0.005532159429643367,-0.01296997250283814,-0.002419642143223659
0.0017756973981665329,0.001415736251032948,0.00259345575193982,0.0016597960936737945,0.0027274525599906953,0.0017735220757682218,0.0017937347470563829,0.0012825077313874875,-0.0023964387910546748,0.0014465820297924392,0.006666537425103665,0.0008024005990064657,0.00048125176452353517,0.000301772209470906,0.002314975337484205,0.0010416345531451552,0.0035655112614673226,0.0010158206941617415,0.001615381302759806,0.0024553821853985024,0.0016852060154747676
0.0009557850732804733,0.002651908785951793,0.0,0.0011995608227117467,-0.004154490576304055,0.0002807032029042397,-0.002474058391306151,-0.00048224923140112756,0.0011807394559369276,0.0057713180525763574,0.0011141746530952546,0.0,0.0009841557157943023,0.0006078327798944435,-0.0006036659120428464,0.0,0.008212011636761182,0.003047824912605556,0.002013866060284273,0.008804135962581087,-0.00012776782540847387
-0.0009548724204740967,-0.0036247000772210024,0.0005980938344954276,-0.0005990309817112961,-0.008996352290942968,-0.001776272659012647,-0.0024804144869121393,0.0003857972055395583,-0.0048801038279138575,-0.008907075983787687,-0.009336438217639652,-0.0036072247803961618,-0.0033426355569452274,-0.004252580409108754,-0.000402749378117067,-0.0026894099350987287,-0.010736803682352348,-0.004235576856085175,-0.005083784209256728,-0.012704308709560087,-0.000893921955838977
0.004141513647676418,0.005505862793111941,0.0003983886374922292,0.0011986978376894851,0.0028946333108732913,0.004401667235909953,0.0008288901466985539,0.0009644114414680406,0.0037169773865328094,0.014431314331365084,0.006012552307557849,0.004345852784506957,0.008877489954969219,0.006101336970635567,0.002014599834964144,0.005094227694631756,0.020583971414227974,0.007675328099757154,0.008199434016783259,0.022267133256521368,0.002428645543049069
-0.0066623380906608186,-0.0016622405739614339,-0.0011945673097600474,-0.0017959966893556253,-0.0030174243605965018,-0.00233116403309508,0.008281595940867827,0.0002891026950594115,0.002039090928262875,-0.002726034404601555,0.0009305891373325867,0.0016058303229700365,-0.0035198143649319406,-0.003032063520032765,-0.00020104041370879442,-0.001192768624792268,-0.006600702361546518,-0.0015601814069872205,-0.0031823628201991696,-0.004487824252191612,-0.0008925540698079135
0.006226658946180274,0.0027648697507615637,0.0023330487341612837,0.0021597031696360494,0.007869656727744942,0.0013905278946784087,0.002411456509505789,0.0008782781595796125,-0.005290856228682628,0.0019367332555286715,0.006593632277625474,-0.0020040490611294435,0.0021749967805462143,0.010255878453104222,0.0013091319361552742,0.0008054320959966524,0.005681205071701264,0.0029449090271785024,0.002599457602107569,0.005413172400938962,0.0011874799472064766
-0.008274866458054642,-0.009107848365501957,0.0007966794981676943,0.00019975936919061147,0.003404343924799132,-0.004022387305789648,-0.00579269398525558,-0.0016386893842199775,0.004091698285223868,-0.012739281833140784,-0.004630590070810407,-0.004819260159116608,-0.009224578915967169,-0.011667694818571788,-0.0016096110401655865,-0.0041854272117676245,-0.02062586725465507,-0.009740068382255487,-0.008873746598425752,-0.0199824165825475,-0.002427368226245312
-0.003209407330960654,-0.0034591428497533798,0.0001991694458646153,0.0003994799905796379,-0.006263770065478196,-0.0013149346754239824,0.00330578708089697,0.0015446389919781447,-0.0004077110846841121,-0.0012989622953823161,0.0012405722162370707,-0.0024212157958314016,-0.0001981412249275976,-0.0026460502255478808,0.00040292695741172505,0.0,-0.0015046109631056677,-0.0015774208255337414,-0.000716063939795541,-0.0040333000672625775,0.0005122641863248319
-0.001931495937805946,-0.003371954909728461,-0.0013932557462875768,-0.0007987229950451813,-0.006959978089572374,-0.0015046878832881464,-0.008649180954931767,-0.0015422567620478435,0.0029396308498897948,-0.0056365638004939175,-0.0077440265437454985,0.0007646163908398023,-0.003764650010440264,-0.0028570829650886613,-0.001812928685813484,-0.003302507218124969,-0.01205257613433304,-0.0048325857156382825,-0.003822742195025898,-0.010123841785908841,-0.0010243203675247272
0.0025157636907367224,0.0018174804189929929,0.002791563566885292,0.002120640101789739,0.006284432006719674,0.0021764543170393466,0.006062827756016143,0.001776991384406173,-0.0008142794413587937,0.008023639501789966,0.010444394590287898,0.0,0.004336055500456424,0.004377816078936366,0.0021604061663380992,0.003252888412352595,0.01155756168674779,0.0060543568015221615,0.0040432863034607705,0.011476468327844923,0.002025655022525336
-0.00613106021679749,-0.004880903134090856,0.00039825499494689913,0.0007990834745072003,0.0023729961274546302,-0.0018838907490811485,0.0016564293054596624,0.0,-0.0024452456505060843,-0.008502745191848822,-0.0017552128437262953,-0.0004052544059392344,-0.002977740502698684,-0.007759817707086261,-0.0002017176870939973,-0.002708411490177563,-0.014372189168134524,-0.006236297542664966,-0.0049108611072541325,-0.01420524858292456,-0.0005123077455815646
0.006493551135522952,0.008608432377035772,0.0003979946413054541,0.0003991920194678713,-0.004602943610176101,0.0052848699271492465,-0.0020669813606815192,0.002799167788520341,-0.0008168571386096982,0.00962561431492862,-0.0014477160497634984,0.0020268435427104104,0.0075662859274301655,0.010907534704803379,0.003027226468309971,0.005733524645104743,0.014581760995567343,0.00908517554728073,0.008666223274783764,0.015210337930268153,0.0030766876417973764
0.0006452159214914642,-0.0019847863750472256,0.0,-0.0015961104529797925,-0.010437372600995129,-0.0015019799263861716,-0.019428405691989482,-0.001925082250616118,0.006223336513107679,-0.004073477810499695,-0.003625305260890554,0.004019293172694147,-0.0011854701491605625,-0.003460854971829013,-0.0020122186092499878,-0.002700377727479235,-0.0037823173510818093,-0.003619889571800896,-0.003579838203350068,-0.0064210330971918635,-0.00255625251194799
