CARZ,CROP,DPK,DZK,EDOM,EFO,EFU,FDTS,FLM,FPXI,FTAG,FTRI,GDXS,GSD,HGI,HGSD,HSCZ,IDMO,IPO,ISZE,PAGG,PEX,ROGS,SCID,SMCP,SOIL,TLDH,YLCO
-0.03236629502001838,-0.04137153115669195,0.08692180500957035,-0.0936651699572333,-0.042387649741432235,-0.06273665602763231,0.058685339890650626,-0.054385333729085085,-0.03605135649789979,-0.03687732300710542,-0.03645820251510592,-0.054932567319994886,0.2082465617633636,0.0,-0.04743979760626624,-0.13326963933674818,-0.040604755717009285,-0.014171130384962203,-0.05418184758130299,0.0,-0.032452447491859465,-0.05437872384584818,0.0,-0.09462774572458968,-0.09517116736990147,-0.048192752646388864,-0.042731168553422384,-0.07057650161007363
0.008520049325889997,0.017107243407582857,-0.0750793189301893,0.0641828527254226,-0.018970376247945696,-0.03164981259214925,-0.04918371816435302,-0.0006648999178369241,0.0060240892185447256,-0.00651737895632918,0.018918848466289544,0.05100839898087995,0.002412952409402249,-0.0938261933218126,0.02055357805593986,0.0011064875829359224,0.014407913060715597,-0.03929088711131981,0.0077864195687209065,0.06713498818031179,0.010541451815292344,0.012409176514020341,-0.08008956720751544,0.017147114672635685,0.0072539900131600565,-0.03164555690003396,0.017487287172045524,0.023743383482305515
0.005318982352735261,0.03249235136553035,-0.057906060056561175,0.052389416382538516,0.032688944572409666,0.09763564535219643,-0.029043742613919833,0.023286769125057245,0.04540916954585365,0.0016401508378765652,0.01591512434668226,0.05304709704288207,-0.17056393569463546,0.04123701384239181,0.025561621116416744,0.032430880175394215,0.03213491873065998,0.033416456336772364,-0.029249487636897768,-0.06291143006639767,0.02607847359282926,0.024812984004306968,0.04377433873748557,0.020670689670161203,0.02366249878279326,0.050980426341143886,0.030303019784556007,0.05411608004526383
-0.06349208464611761,0.016290315562385325,0.09037323219570892,-0.09519180385953173,-0.011145799577156069,-0.02800312213634821,0.050218304253487465,-0.03446035451985451,-0.017422490428040206,-0.036839769820792005,0.007832900586511694,-0.02036419546199604,-0.2990049554621177,-0.021954166195630318,-0.01812677916188517,-0.014288151295358953,-0.03586475219014703,-0.009169774602947692,-0.04377496349311395,0.0,0.0032348494713550185,-0.029462953985556917,-0.018685944863358905,-0.0009000975359466359,-0.028140703517587882,-0.003731315282712919,-0.04038619391177397,-0.012983293633256343
-0.04885323732433003,-0.0007286185478715332,0.08417005826229976,-0.08212565315660614,-0.05770974090588125,-0.11719461524739372,0.0565488302644464,-0.04848498752516447,-0.05319404287958015,-0.046749020418277915,-0.025906671717306144,-0.028446329573813756,-0.2417790991377397,-0.018486167500502432,-0.03000030779016918,-0.01682921933239042,-0.07417484300242211,-0.021432098911935312,-0.033293600594844486,0.0,-0.03961291145673355,-0.05019567454971005,-0.018376772192559218,-0.05090088777482168,-0.031902792140641206,-0.037453297849411635,-0.057182142200660376,-0.06385628127674874
0.058001326711123465,0.0043747485795579575,-0.09401704270276927,0.0938597157998559,0.0488039250133229,0.09022450686033633,-0.05981904248562836,0.03043207384835548,0.06926635287795248,0.05528321863714639,0.015957284431117134,0.047297194747400385,0.014040581397047287,0.03766833955645165,0.03727214970523706,0.0,0.06373742572062789,0.0,0.07626064334922852,0.0,0.024940057986066917,0.04968354271442537,0.019059543546544305,0.045087825479813985,0.057042140682583,0.0518806559299985,0.049490679732751515,0.03917313926151233
0.0013209730464580265,0.01415619103216451,-0.004979013161054793,-0.0008020414221531327,-0.02828465741521565,0.002844373678940648,-0.005650873360037954,0.009615219112142274,0.013915389165352062,0.002112221341268805,0.00785362441246544,-0.003225617101579536,-0.04307696153846148,0.0,0.008409658016417899,0.0,0.025362250436826432,0.0537582122887608,0.02171438608532537,0.0,0.022461305246513796,0.01055176658112696,0.04153609999613952,-0.0074023945335490214,0.023091253600121254,0.011097459045107064,0.01849252052830772,0.009424353271631537
0.08278365695109594,0.0418753657842435,-0.12641564302054425,0.13964677507658715,0.07323946996541777,0.122231169590166,-0.08777093213447727,0.040476176230562017,0.044723241971700516,0.04215850143991057,0.06753238953308598,0.0916933670455525,-0.11173627860676366,0.034140055798858183,0.06065227396942598,0.0,0.029107973685747045,0.10911652747633488,0.04977634420860762,0.0,0.0526316041806501,0.034307732482904585,0.020919708004178576,0.030791148510385044,0.0875148699878936,0.04512195956277062,0.03767618760770542,0.03630698373996923
0.0,0.013397491886387674,-0.05788363862092501,0.04812224246613662,0.020559976273027237,0.005897247344623199,-0.0348407704471225,0.02353708373184938,0.0269535116934457,0.02022655156133241,-0.007299322607616126,0.01581035674444506,-0.04977377715443944,0.0,0.02287336867351039,0.0,-0.020129749011043085,-0.031516164337570936,0.007991531398574036,0.0,0.014782524336405124,0.007499461926312881,0.0419644265150118,0.015934128536226725,-0.0009082652134423056,0.044340681226590656,0.00787405993185049,0.0610611343710794
0.011879369797373095,0.017966132306746426,-0.00992001189089838,0.00828655431725123,0.013287485121488463,0.01902363848253013,-0.0076500096763140795,0.019482574979692517,0.023820035351304288,0.019825590349452128,0.004901826132677539,0.006809599696807439,-0.0780952142857142,0.04680329559835217,0.018169068924247512,0.09221407737542303,0.02584338424351544,0.036059841464455664,0.00105710406175945,0.0,0.015852577194471546,0.025765730486045163,-0.0119967226848209,0.017781569750374978,-0.02454550000000001,0.012290687660207987,-0.0034722679902421372,-0.017169934129908748
-0.021071811558760624,-0.01798209147968942,0.0636715761926357,-0.06263869384663047,0.0,-0.052248478473545086,0.04745838645344367,-0.012531380904541329,-0.011632955120173078,-0.011664057842710842,0.004878169481522045,-0.04251241498381463,0.09607432603113818,0.0043911851917090095,-0.03706242846423808,0.01820011297839281,0.0,0.016934758175222633,-0.014003763544281123,0.056778701769850774,-0.036693134303748084,-0.0066981720208694724,0.03035569944191504,-0.012706071279176091,0.010205126291012395,-0.030905270949928707,-0.006968781041347516,-0.030524241155054557
0.005703878900997262,0.005086512524562868,-0.015192844600003044,0.01208514488073575,0.0,0.012016848793795791,-0.01609930736136549,0.004680293990883686,0.002397681618947378,0.017309270212519812,-0.004854488464048325,0.006305791097012846,-0.07257299888249298,0.013513545395841084,0.019007789204817983,0.011940713172241792,0.003415690445765988,0.025587137558487117,0.04077241425496946,0.0,0.0030645243921528674,0.03627972224566243,-0.00925925297925189,0.00926079505168005,0.04045384748125607,-0.0045557347838771755,0.0043860115223746535,0.04712885311739428
-0.032168920085527075,0.0006747485771114578,-0.0024683989382108394,-0.015452999342329769,-0.010998407891684702,-0.02068788852212856,0.002805074651043995,-0.003796233721750664,-0.004131437756371083,-0.004253638974415058,-0.017073008888225966,0.008032159984954133,-0.13008127210159354,-0.020784505378829046,-0.0021170934930938453,-0.02213499088156694,-0.026127493078730458,0.01431480269929699,-0.00927818865723403,0.0,-0.02575300734485288,-0.010348646720097127,0.008496042286201601,-0.00185229994362602,-0.027132470296151567,-0.027459870260872217,-0.005676710091559959,-0.010211634936738972
0.03513765083453019,0.006068781422962836,-0.09433963326736107,0.10487518810125164,0.0,0.08662500969964626,-0.06713284563884045,0.034931618478012176,0.027292551814555737,0.03145611213001198,0.01736955953250906,0.04183246576452162,-0.08761687572331349,0.04245103271916493,0.043139961510432784,0.016096701881936598,0.04050489135784063,0.0024195645447108844,0.03798133879697305,0.0,0.017921299529940357,0.012658143169817256,0.02780125462610574,0.009063395951287743,-0.001549398468829861,0.02823520533619317,0.02239773565078847,0.008788569932599341
0.03669720334537285,0.005361843689540519,-0.0628414773856702,0.06349558450802376,0.0,0.038881777741997366,-0.03973025058895226,0.01043281695470043,0.017215830148079266,-0.0075301102106732935,0.053658746510984165,0.04588928867114746,-0.0396927016645326,0.011525290710429348,0.01762713044190039,0.03415857668472652,0.009532762860675923,0.0,0.01553882642000716,0.02812105692650203,0.05237683323527071,0.008967561040953304,-0.0073770605848355155,0.005517599813419421,0.00821542674577817,0.04118986594576192,0.021048149130514157,0.045075557183653525
-0.03569338801992949,-0.01599994913941662,0.05357135221270642,-0.05687128532999449,0.03421747664529424,-0.034104749088157804,0.03773101827799515,-0.006377171386448799,-0.00041793086719191805,-0.006069865477440182,-0.011574092938294945,0.026508110442050627,-0.25066666666666665,-0.0018990440193952327,0.0006662540070283697,0.005265730420168636,-0.02990856301149761,-0.004022540225184675,-0.014313966423616976,0.0,0.0,0.0072716330218526816,-0.008257596961703181,0.009400643076839145,-0.014486192847442297,-0.01758248123764921,-0.018510766248170142,-0.0014495461061921511
-0.0220248859062614,0.006775054595008587,0.0546523830740138,-0.07746769555448077,-0.018196828970303308,-0.04195795447566765,0.04162486375864954,-0.01344750761320279,-0.01295979865055602,-0.014885385275071097,-0.02341943750672327,-0.06678537491304873,0.02669039145907464,-0.00761046168268659,-0.0452730541437787,-0.021904911677285376,-0.0017580379791451535,0.0,-0.02754128371473774,0.0,-0.04600596307227384,-0.009358428193418296,-0.01248950657546204,-0.01643495706958377,-0.03197064768029394,-0.04026827917382702,-0.01800265901591411,-0.017241370325402912
-0.004691859655911857,-0.01043067669540168,0.020990403369022283,-0.0011632226976326374,-0.01516449523578214,-0.012205394608729478,0.007944144151151845,0.0058861096711490994,0.0025411926927287267,-0.012785719722299728,0.007194547931523141,-0.007633402403772262,0.027209705372617143,0.0,-0.00976282522649209,0.008763568101242273,0.015979381171827303,-0.006462040766374525,-0.013388232121822632,0.0,-0.01008344013299273,-0.004048305398636036,-0.009274911942709884,-0.0009855122717752432,0.01333401410904498,-0.010489678286348609,0.006983991408588382,0.002352168106365161
-0.005656993963207177,0.007820520671859153,-0.01831026358202628,0.013507355348857756,0.005988115676197496,0.008843102769860717,-0.016479556273935516,-0.003695979442696336,-0.007393282645128413,-0.0023547764917360428,-0.017142949821583674,-0.002884748725149367,0.020752530791294008,-0.01917168310906573,0.0035211379602923865,-0.01930514630956404,0.008371561281311137,0.0048779427700232315,0.022964421070689918,0.0,0.0124005021050248,-0.008130216989886044,0.006382911899769391,-0.009735274478701436,-0.0409740107703114,-0.004711348991284704,0.011703553571221534,0.0028011865392379397
0.026548887711735608,0.02395404405319684,-0.06871726639602865,0.073988996368388,0.02465992771707389,0.04911139734692529,-0.04929576641063629,0.01174664989360112,0.020216999132075062,0.011014990135239908,0.015019390969492062,0.015429183266627953,0.16033053056485402,0.0,0.02526311427765007,0.006398000787436583,0.019706287642054524,0.014967744330599463,0.02346938881013752,0.0,0.0349956906159174,0.0505466159537778,0.013953479498105914,0.030749275937108973,0.046386718749999965,0.02248537402217924,0.0205654960649036,0.010242326643016405
0.0012314005461751887,0.012520684545070557,-0.0066760067829161815,0.0023533845203040755,0.0024896312430179746,0.002289201911792654,0.01302676535943272,0.007638088520413136,0.0002086167437754244,0.007782008488300051,0.013364996487487905,0.008546974576174749,-0.2649573005698005,0.03127429062354867,0.004791163785612046,0.02836168601259885,0.002467091996486045,0.007971288231296213,-0.0009970924702748128,0.0,0.013947509112463235,-0.004941652615534043,0.012093375080910986,0.00798313935368335,0.010265982267848757,-0.005787156428168732,-0.0054575963958036645,-0.0018437786621732816
-0.023677631018083282,-0.0022779702030762336,0.0767597992639583,-0.08046955252089022,-0.039321273592159166,-0.05298621322065385,0.03756947428028402,0.032747575655333185,-0.015849786327212668,-0.020077135559362615,0.0018843004124442727,0.01129963902377601,-0.04651158171083244,0.011751409218195934,-0.014986335229219059,0.00028498702657266724,-0.0061525739404492425,-0.016212024456961006,-0.021456912697464903,0.0,0.015840073296871784,0.0010455312092074588,-0.003296172105839846,0.007503189260637814,-0.008221709006928445,0.013969751038775884,-0.01604047046653548,-0.009233411124206448
-0.004724504513526118,-0.026092578119929905,0.033180023060840634,-0.036676089897743694,-0.014217821075898137,-0.02508129806186381,0.024787233207192425,-0.0540224775210038,-0.02309805535640809,-0.01891272281246111,-0.013634321624591298,-0.02048437902194001,-0.0060976117886178075,-0.013862851872455638,-0.01175651658248748,-0.012645015152135392,-0.06438297226962461,-0.02371371209922635,-0.030086675497821982,0.0,-0.04144441666617977,-0.03368158670130831,-0.01694915329512365,-0.07157628976883056,-0.014996274217585656,-0.0355914532679508,-0.035178065666619365,-0.006244163851691986
-0.04082287988078817,-0.027796393250203503,0.0464228349855298,-0.11783128421862447,-0.08304202389650077,-0.06938782051246292,0.03960169502112836,-0.020794648695393343,-0.044251745599444434,-0.03453809948430942,-0.03717819899316888,-0.0304181552833612,-0.08179959518402845,0.00721887605468188,-0.023792984330915447,-0.001444118773114451,-0.011027738674413605,-0.06499347534154029,-0.012074420507618885,0.0,-0.010808340261009124,-0.03755723109427516,-0.024516487833218928,-0.016042913590121406,0.022789598108747013,-0.011904632893546568,-0.011116095450632654,-0.00965963844794562
0.014114337856435247,0.05890454621082211,-0.12306292030481575,0.12346373847006595,0.024540049558915863,0.08413081095538172,-0.08439785420280424,0.021087963707208203,0.04763826807879682,0.03349036516070785,0.012871314952320582,0.04433538126221035,-0.1619153208193386,0.008283310851326598,0.04770804559033608,-0.005130793614855738,0.019625393239658367,0.08577779446608519,0.026638059471911897,0.017241908875409242,0.002616777824492345,0.037801597519533,0.03870069230762463,0.01947467170098149,-0.018999583949704,0.008433757218946562,0.006295010843420496,0.052556824888560866
-0.004940734026986955,0.015614817028818853,0.025641165837317976,-0.03987365078191316,-0.03931998477952818,-0.023047755639297764,0.019182803544056708,0.0071897305792317625,-0.02466385691910726,-0.004871970406819024,-0.007331482055419395,0.0,-0.10178049428647357,-0.012107417287469604,-0.010351881201267937,0.014691240482608309,-0.009448737584181893,-0.015554617561909413,0.011935703578468241,0.0,-0.00391487703916645,-0.021387520732420416,-0.0012567987609560939,-0.028076380857468813,0.028226708061509405,-0.005973713233690198,0.013904555115815244,0.006747644655448671
0.06189999818366501,-0.018257561242752497,-0.08783794035636253,0.09951882576501113,0.07785462248600818,0.06023349414736835,-0.059643052606853236,0.029174350567111762,0.05486547684160989,0.021623778391767386,0.012309177642971144,0.034188106795729915,0.03875739644970421,0.045193465020203966,0.036262210105784384,0.0,0.045797945878242416,0.012058287092788406,0.021538484856050432,-0.016162200389974492,0.03449795606504462,0.02521711361198857,0.01572982061283781,0.033458275390678784,0.0705774977085243,0.04567303288449221,0.0232350780836965,0.02591600031676122
0.010598423352747036,0.0065253739895984285,-0.007037005983905231,-0.0025333302411742844,-0.009401595310741388,0.0018936941723937926,-0.005718754773584957,-0.005729865151862557,-0.002568390363219843,0.009584600672619127,0.024805599204918958,0.008264582459925509,0.054400455710623706,-0.0007329341294468834,-0.0013458641576795313,0.0,0.011931784459465742,0.014379523609124369,0.017068344411698244,0.0,-0.002110573442439821,0.016671412108344903,0.015486225070508834,-0.0009287572003033784,-0.05205487790860966,-0.003448250270310885,-0.001309973601260125,0.019163721622476183
0.02190009740125002,0.011993463093419627,-0.05110031908978183,0.05656878250742669,0.03634256289901314,0.034494960439447955,-0.03346404232849539,0.014558649511801029,0.015879761932318954,0.02768981654171268,0.007593545925924961,-0.039162233968071655,-0.12614802809292278,0.017601647134657394,0.0040429602520375895,0.053089049264556036,0.0008875868447193238,0.003645316089945125,-0.0004936897684867512,0.0012635719406916665,-0.007191276612978395,0.019354702140765824,0.013420211393584791,0.0289078593053661,0.002257993237806854,-0.014994202712058868,0.017927369849261764,0.0012820331532979413
-0.0006036385658665879,-0.011851324668401024,0.014937080035899244,-0.017482342950831398,0.0,-0.010391680915467858,0.0113605709956089,0.004484396740416669,-0.010561834432330929,0.01347201357104589,-0.008478444220473865,-0.005687180182891898,0.021638330757341662,-0.0003603923588203142,0.0020133769208276935,0.0009164063802752868,-0.004264613084531879,0.0,0.010370356745330198,0.005931761223769799,0.0080955706159057,-0.0034282594879744407,-0.007624443130994845,-0.005679312260463747,0.00027038839325933594,0.0035128542926492344,-0.015463833246999847,-0.012462465817450826
0.01449690459532251,0.01296597198054212,-0.05499612023597705,0.05938613349594351,0.0,0.035887392151870895,-0.03985026086205515,0.026785728799423373,0.0,0.03152292621884137,0.02660335684368864,0.015252699990758447,-0.051437216338880584,0.0007211229424888118,0.0207636761342302,-0.00045766189089142616,0.024934124558895585,0.008474613304205169,0.014174085621137728,0.02086918908807149,0.006762275103958889,0.010849527735357984,0.01819652207691724,0.02509727005576201,0.0,0.028004705780637875,0.024868909376588668,0.0069085332413658315
0.0,-0.0032000595943015085,0.0016393609804477394,-0.015326449515304857,0.0,0.00033410621697760014,0.0033426768433675435,-0.0008695342166327665,0.020068183677463085,-0.004418213966813605,0.0055529670200223065,0.003755677586874905,0.06618819776714514,-0.0036024291739244953,0.0059055201341717215,-0.00916171756130705,-0.016135775011931197,-0.006802911961740254,0.0,0.0,0.0029386944924233442,0.0039265388128734684,-0.0003971518514499424,0.0046433239853250294,-0.0033334232732692274,-0.006810511821047076,-0.0021285130615979328,-0.001909739701661504
-0.011014886721753566,0.0012842125720313596,0.021685764552888863,-0.010234629996869894,0.015814415828565985,-0.01703781012005375,0.013603419242025964,-0.017986785204108964,0.004813714234160879,-0.008505881237119883,0.01564655389143001,0.0009355370614514586,0.1974569932685118,0.009761508561911287,-0.01435097388096681,0.010633287150693876,0.013877254330107652,-0.008057889634644244,-0.0009638680218832188,0.0,-0.007952941823526181,0.006518855721033379,0.0019864636485992576,-0.013025294583957837,-0.017535840980558645,0.004571475300605568,0.006826111915961436,0.0036527186380363352
0.02799501867203844,0.0012823341065570676,-0.054064830611550034,0.053209837719320335,-0.004705558095917517,0.036139073846152524,-0.035058963175257016,-0.0038405430099795546,-0.015829992647462276,0.012308762450758666,0.001812440789148909,0.0009345581482642683,-0.027482823235477905,-0.0014323955754556171,0.011912657664976815,-0.00704490219912772,-0.0013273424743976408,0.0,0.01736602149546415,0.0077836909860617,0.03459907868543593,0.010362830764812434,-0.0027756115695118967,0.020008560720764748,0.0267733449823652,0.031854222431164536,0.005084518918480079,0.010052068499028942
-0.010248898646017041,-0.015690001733448432,0.04572391194139757,-0.0437716865881844,0.0,-0.02044610734581892,0.028385048672282826,0.014531470092406363,0.015026427633216016,-0.004789982656205542,0.005879728710527147,0.010270958829196208,0.05587675016056532,0.0125495205306987,0.01504259618892899,0.01170181563807698,0.0,0.013809819973852359,0.005690023513862222,0.004471419914406519,-0.01998368491900448,-0.004358905618347378,-0.007157049594190069,0.0,-0.012096818996415798,-0.017640522108478808,-0.00800985747255894,-0.008236089833044809
-0.026035359016119496,-0.00260248068413194,0.05101207107363108,-0.0583958544000711,0.02293189497690213,-0.04554071450923797,0.033673823158251105,0.0,-0.030650494068690807,-0.007774908894652033,-0.04856127591181897,-0.04528650092987704,0.024939110405163542,-0.03753539225625917,-0.043814413039203984,-0.026411643439809826,-0.001578079896596898,0.0,-0.02310223053879784,-0.01052184687716857,-0.04036611412474411,-0.00540816443828545,-0.0036043424138079475,-0.022954901758316992,0.009433107003769115,-0.04040386160675033,0.010199703191288777,-0.02768168572173344
0.025212467349700854,0.03685586410834027,-0.0924498962416561,0.09700139262638613,0.00038883797075491515,0.08396679970031655,-0.062216336473539524,0.024262104240816082,0.010324878039147087,0.03171639959006713,0.0113421692461679,0.0029039877441066004,-0.09181008902077163,0.01655616029688754,0.024932630821612532,0.03695045214233919,0.02537438434289868,0.0022450917531504928,0.02793441327561679,0.017995715215505532,0.02584899967719233,-0.016053995106502857,0.025723519985790852,0.014523682157594796,0.024350796313720655,0.008186907608277746,0.0037862186898515717,0.029359202199385374
-0.01606399534964919,0.00566209487684082,-0.0004245276882599813,-0.010147025263833216,-0.02461138985511321,-0.021793143548496496,0.0014236103183990069,0.00985061977152034,0.03425764865581371,-0.0032430494765201628,0.00811244238312492,0.038477267362600064,0.03705155851793767,0.004705173326388738,0.0,-0.0004509455508081258,-0.004340824362836582,-0.004799974970888758,-0.0047015289021848684,-0.016191303370388918,-0.015280194015795731,0.02289048064788405,0.005485965812451285,-0.0039999490009401135,-0.03377184358648441,-0.0011600433760687928,-0.005029295067068723,0.005186182448629696
0.017835473718555744,-0.01720357949048695,0.0343950761018903,-0.02907942354865829,0.0048428964151331685,-0.02084476774785253,0.023599854391738808,-0.02746339612918849,-0.0006189007929438679,-0.010200535692513396,0.007899858076205524,-0.010338447940931741,0.2822936357908004,0.003340679931734521,-6.641967642347842e-05,0.005249065979472191,0.008841693846715038,0.0,-0.011809200989610016,0.0,-0.0034480958250144625,-0.008110960386975357,-0.010912068390767691,-0.004016158313065047,-0.00027240125862898067,-0.002322781279174549,0.009794689397716414,-0.03525377248907432
-0.0026728527788694627,-0.005092314190627495,0.04679798465792456,-0.04029313996304325,0.0,-0.031763917915350125,0.030277597419476217,-0.010479997402014204,-0.013209287557807193,-0.012145782225102836,-0.0050718643044814354,0.0018993541817717726,-0.0068796560196560975,-0.012722716315933424,-0.004645018541655838,-0.010909205357513031,0.0,0.0,-0.017208415496285472,0.0,-0.0038927703052372867,-0.027433376495427028,-0.005910082159677975,-0.028862478446967564,-0.011532873229204564,-0.016298063415860608,0.0008382281472708429,0.0015150474000392526
0.00744478819436895,0.009916784298414949,-0.027451041526467598,0.020206595403543026,0.0011028082825365376,0.024313663939626824,-0.016446409278290806,0.012650553373995456,0.0,0.008569467196830494,0.0060241877464369655,0.007583118716765913,-0.13359718622450195,0.010309533443817229,0.011333392876956856,0.007123435492435454,0.0044425750053183714,-0.04541792277649978,0.016050672060039326,0.0,0.013026400835280632,0.00786555362388906,-0.0031708762146739947,0.010489648963091736,-0.014147909967845653,0.023668630158676183,0.005862772904139817,0.012370009883921002
0.005911874249480209,-0.005068086481975305,0.020564532920754428,-0.025088067193484973,0.0,-0.020783685462775738,0.01178728487170828,-0.017141073441935908,-0.0020917903409686626,-0.00628003918407873,0.0064488377892677785,0.0338662268279755,0.06282130211307818,-0.01895051579368755,-0.013843195907455984,-0.01483017337140056,-0.0016083648246695234,0.0,-0.03063691204692618,0.0,0.011144432487602478,0.006189378801461959,-0.006759339335465923,-0.01435992102993484,-0.05274438542540311,-0.004624324706644701,-0.0012489891589085947,-0.011076068449823348
-0.0399648814760629,-0.0006367583668736822,0.06479650599678043,-0.058013505959348614,0.0,-0.03897002816721478,0.034408013201671264,-0.004138513785728368,-0.017396642903325325,-0.01933098457000049,-0.014645311035435597,-0.0454958554693938,-0.10317033298386163,-0.01188715979686906,-0.016711199048207625,-0.021306241722797808,-0.01973415350465449,-0.013473762812925331,-0.02617253569899915,-0.03989852091509578,-0.013565063321870798,-0.023000786993788838,-0.018414699651388453,-0.0064947105712873324,-0.015248401377274902,-0.0360045850773044,-0.029178732708804018,-0.029333206361830087
0.008876645781949103,-0.028352915071676345,-0.02523183145129374,0.02276550586884573,-0.002379274440338777,0.012913319688070659,-0.009167035552731757,-0.007123784745675104,0.032636352773618524,-0.016679257628377176,0.008824807810733555,0.013346176101592956,0.3774714573114762,0.04624067657828608,-0.00543845817191155,0.051112180875194,-0.0020543124713584184,0.0,0.03701808899248983,0.0,0.002148704919895984,0.02272108361925575,0.02259377194711065,0.0032243555468551405,0.028471528471528486,0.03975925048572679,0.02833809632207811,-0.06776576624281823
-0.0009099412936059418,0.0009836350507094183,0.04111148952587916,-0.046157593671548584,-0.017711356434557502,-0.03038249800315908,0.028284347793793824,-0.02511210874771844,-0.0033050077874460593,-0.0038550701884227843,-0.0023020786394846245,0.011288707599336869,-0.023053545019573667,0.01616955097242007,-0.0006835523299584535,0.03421884237554911,0.01934964537702441,0.0,0.021515994731632182,0.0,0.012864498527442191,0.010439091511972571,0.010409118640402972,-0.02302642509439086,0.063234579893152,0.0,0.00876825438938488,0.0302610792370073
0.01913137398177189,0.007861077559117718,-0.02961604768409392,0.03242444847271517,0.0,0.02236427909461864,-0.009254479920774845,0.01778602646916445,0.014093245885989047,0.00270906409119276,0.004614732921654937,0.022325493263179636,0.03383793561166239,0.017326751466236488,0.012311913959609191,0.010883759775090249,0.0094911274291437,0.0,0.006223013134273268,0.0,0.018628337270459424,0.015629196670410704,0.009117844874557392,-0.009463776043953926,0.00790247579024298,0.01042853458023568,0.020695315118537592,0.01601077200586299
-0.0035756623803445842,0.005199853179827708,0.0026374883512710005,-0.0007136110439903909,0.0,-0.0018029526235256836,-0.007524659605427522,0.010244014569352318,0.0083792040631096,-0.0015438768932336624,0.017914543039459836,0.009099271716146952,-0.07579673022380412,-0.00660412681242956,0.002702729776816956,0.006890608696604391,-0.01120233683449015,-0.04225356234808246,-0.02568999061292216,-0.003828076268976033,0.008728147681389558,0.0062596831524057645,-0.005710680079523364,0.0022749449580211373,-0.04736011568728228,0.013761486821776029,-0.0024328870959966853,-0.0018037800296983664
0.058612502570922334,0.012609149691529308,-0.09845926051057882,0.09880944173673374,0.04847141214710835,0.06140875769812535,-0.06745097835507137,0.010438465583080795,0.021078280696752383,0.02029390223371898,0.04377263109331125,0.036068487408197576,0.06244175500660554,0.05073478358795512,0.029649527285370705,0.02737385749579224,0.03499894552383767,-0.006238914247003444,0.03222684349577547,0.0,0.044499379316614206,0.013478322364863134,0.040912570803286086,0.026463843651193246,0.07887721217887728,0.05656106294613963,0.04349582759310296,0.03471239499321925
-0.014406693398165553,-0.0012771432860032325,0.031263019476725974,-0.03466956177857379,0.0,-0.013613094489045687,0.017661871725045852,0.0,-0.010520177886782408,-0.021026843887236576,0.013834849024901707,-0.0008702344031513307,0.15877198064789394,-0.016649969829148962,-0.009816764123717866,-0.0004163441545051941,0.0003911351252465575,0.0,-0.01797547423226075,0.0,-0.03353048765421908,-0.01074152301361215,-0.008314311320544769,-0.00809262845271095,-0.004409560120361652,-0.03426113810542414,-0.001168581802801658,-0.019761028382334157
-0.002006420352309376,0.006393882333910293,-0.009700825060351548,0.008529708791391056,0.0,0.0046003112672846755,-0.0016529214859253734,-0.02597421204502412,-0.006419095819008959,-0.01238391792437205,-0.03411525545203393,-0.015679500238024974,-0.03595764572293718,-0.007788778441149294,-0.0046265268990727994,-0.0020825878458002587,0.006252274565066123,-0.003067523129784546,0.001926539014630369,0.01515775870392654,0.009723780028211363,-0.0012925924750470006,-0.005335476344471679,0.011145802805798213,0.0022145895214186933,0.012195069000871757,0.006240077712283054,0.0042193076014431395
-0.004136197681346928,-0.0012707503158042586,-0.0048979677442768255,0.0026708218425279717,0.002062727456277406,0.00045786258361333183,-0.0038632116007938774,0.019402893889827445,-0.004344583523089961,0.007688404723888829,0.01265144237947647,0.02661137082008904,-0.1617588991660345,0.014158530177341476,0.010545089509306686,0.008535161287026609,-0.0084660158787377,0.01990959677698816,-0.006249892785740247,-0.0004265786075730982,0.004902033200860619,0.0193943446888434,0.0067166301096246595,-0.021340544774458032,-0.014495359731306362,-0.016429462476291182,-0.015891384586632987,0.013072064438291493
0.03660687604207279,0.03823371222780838,-0.0648072775394616,0.0714761641087627,0.015095685770994594,0.04474201753371177,-0.047368365457263535,0.006586798167850874,0.01890647715965272,0.02343751467685101,0.021444174074509686,0.004344155241874555,-0.14754093676814992,0.009830483625356505,0.023209615463927837,0.006040545131337422,0.03832355834050398,0.007542005195692794,0.033381805958264885,0.0,0.015853537611864817,0.012304597398661923,0.013112264493870414,0.04656025483195831,0.02215255704719995,0.05650284166186537,0.03384722622504803,0.011797120123502106
0.009809410696673987,-0.0049612647837842935,-0.022368306463158412,0.025895979872263247,0.0004223903131329965,0.016210289453226633,-0.014829714930006259,0.022605490202877943,0.007581824366352519,0.00992360640328019,0.00899747513517701,0.004325175358478418,-0.032417580636396666,0.004028171260478629,0.009073231527728357,0.0012422341993964892,-0.0072330434885131654,0.0,0.007490779732461355,0.0,0.01560624830431486,-0.0005065542626493148,0.0013323986085640935,0.0060353757125195424,0.008159997887163333,0.01849834739557915,-0.0011518909273194689,-9.11227196992698e-05
0.0022204441293687547,-0.0068556848300243434,0.004934873609040531,-0.016357170916302236,0.01773635314107674,-0.011209301951837164,0.00678855669618491,-0.012798176162329424,-0.008316785412720401,0.0037792855766966968,-0.00212313413205125,-0.0060292627957751295,-0.03532083842584676,-0.006686731171834412,0.0025689833177238853,-0.010339208789952752,-0.002351484279056525,0.025099160486318408,0.007899569540532926,0.0,0.0011820304249617758,-0.004053567222018154,-0.0007984552683573554,0.0,-0.025239338555265528,0.008547005738242238,-0.00692046522182171,0.011205381877339438
-0.0033233014684008557,0.011609675482766759,-0.031249980243824287,0.03551645492628075,0.011203407859543804,0.024743819648508518,-0.020521807465341303,0.0,0.02096637724286968,0.019201991592181885,0.038297857721140215,0.014731368656443871,-0.014009947374031858,0.017839142755723767,0.008968676710600905,0.021730161345133014,0.006568892368423072,0.014604811193093368,0.0004610303312567079,0.0,-0.00039362559573516453,0.009666653196188068,0.008978920432412678,0.01235112816868532,0.03125000000000013,0.022245796193376813,0.00929145129934662,0.006306187263232216
-0.00833562316713029,0.01674933161557306,-0.007834076292745535,0.007731985959184972,0.0,-0.0022337422931512077,-0.006884146315456917,0.03948156264208609,0.004302698315531768,0.006649434462214124,-0.004508128604854866,-0.017079462827638406,-0.10626865671641787,-0.0042988581162534106,0.0019047516599260128,-0.014315020876410156,0.0030708764275911905,0.0,0.004608132222172157,0.0,0.0007875208617402791,0.002519648971768344,0.013951749802549,0.008278796587290145,0.0,0.0,-0.006137303961796097,0.02059093552145881
0.0016810736488999064,0.0070164208684173,0.0,-0.0007868561447258793,-0.023840719171277683,0.008742007407780084,-0.0027125246488671328,-0.003684831893596238,-0.007205509926857085,0.00770634877719781,-0.00041185238290153636,0.0052128528351160115,-0.06613226452905813,0.0073064651824365345,0.002534795335764474,0.014107878498044185,0.0075011015830164715,0.010584266690800773,0.011467880975255066,0.0,-0.002360461668563441,0.009298754940668959,0.009297083171982554,-0.0027657744832104768,0.017748917748917754,-0.0051812788860414564,0.006947134347773602,-0.020526306992523644
0.012867195051645222,0.005149959158262947,-0.016720977520192852,0.015751053022519182,0.0,0.007503645500613405,-0.00876407957710132,0.015647367628651494,0.008042361626996683,0.003714432160096307,0.006178029090165311,-0.013828695066202329,0.03648068669527895,0.008242695438400394,0.0031605168829202373,0.009410988135817156,0.011509534339821164,-0.0025136941536464275,0.025397014872279886,0.05420400803469139,0.019321926399625183,0.01269912900923369,0.004421508415107772,0.0050268694380415065,0.0029774564015311237,-0.005208371159512538,0.01111539208378347,0.020584718226318462
-0.0027615634580698627,-0.0042192884318012405,0.004723785817328211,-0.00949794167015153,0.0,-0.003776353517623787,0.004573189899845706,-0.012605138310072258,-0.010313186931521048,0.004281331601049859,-0.01596409551875274,-0.009640766372508316,0.05521048999309861,0.0006540121615938341,-0.006931190329455288,0.0046613697286908284,-0.007097543428157713,0.0,0.0053072969980245185,0.0,-0.024758440034108792,-0.020162184883389063,0.0022009453087650315,-0.008278671603257797,0.005089100932994149,-0.03455494695325576,-0.011751376502281764,0.007098347694801344
0.006923070366132877,-0.003026714682314409,-0.025387866751887003,0.03131113984256626,0.0,0.02221763519748939,-0.02306518824906077,-0.0017020935810105665,0.012190396288167656,-0.005057878925498321,0.015391069797905412,0.00265491279752832,0.16500981033355133,-0.003921612745434742,0.0006345370213502384,-0.003832817675407228,0.013993937762781615,0.020159827277783343,-0.002199680762796789,0.0,-0.0023798403521392594,0.0,-0.0003659994084804435,0.01013035306438252,0.013924050045398659,-0.001084695550735531,0.017644922945214553,-0.021057303429244285
0.003300566990903797,-0.005464558264120947,-0.013989322136813986,0.0028462467196636405,0.0,0.003914358391641078,0.014600730529078343,-0.0008527344621920259,0.004661872720008976,0.0014524386802503711,-0.004506409214267965,-0.035304492007495865,0.03519906809633413,-0.015419973055040713,-0.006341210401603107,-0.019441081124544308,0.00447599964491099,-0.018114532801114903,-0.010141105520220696,0.0,-0.005964241841338364,-0.0087830045387118,-0.005858673040977589,0.007188090064816503,0.007032792050237617,-0.005428699008119142,-0.00037704628803581766,-8.99251402787403e-05
0.0013704904540174578,0.017399380435314388,-0.05283756244218993,0.0561967529886161,0.05510945918613177,0.037656282083958326,-0.055725602679292316,0.02189997486508112,0.00908742767629469,0.03226971436644697,0.00411533887301435,0.03202193660661193,-0.10086772771866988,0.019993455341656356,0.0223356675839526,0.01156546523514078,0.006683920396527028,0.0025156232799432594,0.008908506775041378,0.0024292089989175684,0.005200029259231259,0.030886106909878263,0.02268886012624732,0.022265024112557392,0.010785570097341598,0.01419206263088554,0.0075413948180523705,0.029703012279928595
-0.003285092490036229,-0.017101819373892012,0.0010328331536099851,-0.0026872326124399853,0.012669263003801588,-0.0023731420273809412,0.0029183064861198114,0.0,-0.004981753945472118,0.008078739151115273,0.004917997042261725,-0.014184413029657696,-0.022919119420989027,-0.013394300249760727,0.0,-0.004083435049835091,-0.0059018108649980345,0.02118302889805728,0.0009752677646425117,0.013731829864666815,0.00231105884196578,-0.005648343388782331,-0.006698844482615235,0.005392717696126506,-0.0178658224802053,-0.008611516802810354,-0.01721544803159548,-0.009615333969669529
-0.00293833867560632,-0.011294118115268191,-0.0010317675099189233,0.0041316610624477605,0.0028326404696316326,0.0021805499922691995,-0.004526245126205368,-0.0051900139410681065,0.006932421749157756,0.0034843167064084806,0.010686742296708109,0.016367792094003433,0.00555555521262004,0.005297931350498094,-0.0018727160835775136,-0.006150010020422198,0.004452586454823086,0.0,0.020750770205285613,0.013545820955922995,0.016295686618207395,-0.001511940948623359,0.0032631699369456424,0.0035343624275275994,0.013611913016196466,0.009772192579212084,0.014918570536422891,0.0132390648432212
-0.03498614119136655,-0.0003087486046092276,0.02066099963390016,-0.021109153528654275,-0.0070614913650954144,-0.0124616830954886,0.015914197720619774,0.003926869403387647,-0.000765058071446484,0.005208487480746019,-0.01008883194137448,0.009777637810930469,-0.058931917806512114,-0.005104419381115547,0.00925641538055038,-3.836619434476737e-05,-0.0023272255900483128,0.012820538546635741,-0.015571007403201484,0.0,-0.014078881533623296,-0.003725849728533957,-0.007625510918873387,-0.001657482811332015,-0.019712484599589443,-0.008602256281440774,-0.005639029822793867,0.0017423160635967974
-0.012275254528862323,-0.0018530008446810055,0.011639756888010905,-0.013157971823944757,-0.010272695700947573,-0.005708471790504201,0.008951327513547044,0.0,-0.0022965564169684267,0.0003452212395573873,0.0028537660201302267,-0.020246462793597472,-0.08480104370515333,0.001664978552630254,-0.0024998920255019127,-0.007222767020118604,-0.0047025425067235005,0.003675022505345721,-0.007029861226281789,0.0,-0.0047600974223666855,0.015706820453782702,-0.0004005995567356558,0.0030297792607867123,0.006702974164098282,-0.004338448587332574,-0.010208009238373249,0.017391046713305484
0.02601140304120694,-0.0015470235208209855,-0.021010490975975068,0.019444425099313732,0.02075837765896733,0.006244981489610946,-0.009505679181785435,-0.005029365328719565,0.013044402040290693,0.009668582907308666,-0.00731704885088088,-0.004492308145197085,0.07341411261582333,0.011968194018978258,0.0025061571477702784,0.017310558120129344,0.007254558262076476,0.0,0.02787612707249167,0.0,-0.007572844718323173,0.011291399354885951,0.008452353113846353,0.004551405221789188,0.015397377636397104,-0.018518386145465568,0.00763931383791792,-0.0059826456363748825
0.02000018162452899,0.020142529768613988,-0.08635675610857313,0.08846511432922152,0.0,0.059459313879490584,-0.062060209969559035,0.03060931127825125,0.02310149749817992,0.016757871550176013,0.0245699846868042,0.03429604204710126,0.1181938911022576,0.014454609245761871,0.012500124585959407,0.03000395539514924,0.03058164600422787,-0.01668036796581466,0.024537098961500026,0.0,0.0236946998253251,0.02475723382866456,0.013908887643018116,0.04827417426659083,-0.0014754098360654842,0.0310765092056166,0.023881693930168185,0.015477088309940757
0.005799300493863551,0.004556544330839101,-0.0771811214863813,0.08277701594659899,0.07997657722942876,0.0373205906337702,-0.04877204491885168,0.005176826215342133,-0.0014805344616389436,0.011133578644378313,-0.009592377127477179,-0.008726086982211414,0.05997624703087896,-0.0012952913168437234,0.018518405496793358,-0.01356736170227746,0.02161064123089381,0.0,0.03277324055907091,0.0,-0.036484657692820735,-0.003315945755655589,-0.002886122882862256,0.023143349547373782,-0.012887908389427069,-0.006458692785744064,0.01110710190306579,-0.013547845761445423
-0.004667605724261988,-0.006350245452804593,0.01454541820889689,-0.016183643728584586,-0.004924819821692707,0.004645253920157595,0.00752949591675274,0.013825284632584494,-0.008341081057393951,0.021256768898691547,0.008070998726365672,0.008802901869621604,-0.1047619047619048,-0.0035668427926717947,0.008484578571944927,0.008495090935383242,-0.00021051515593066564,0.02027315703749752,0.002847791093679981,0.030385164510838013,0.0040715713552077724,0.0011880396372360071,0.0020011891983674496,0.003494791292330487,0.02299384710993154,-0.013001024090168794,0.006957150449066152,0.009157821246912794
0.007724108514838666,0.03347524877048028,-0.04181592169970499,0.037443087834546106,0.0244186783589394,0.021849437626592718,-0.028113895474110282,-0.006417156565978301,0.009158917655652727,0.010423460607453715,0.014811801611832912,-0.02356026331122805,-0.01470588235294125,-0.01496911184090401,0.004207045305855465,-0.02635363306491273,-0.004807127781020782,-0.003244067129344384,-0.00040560180291862363,0.0,0.0129764272223283,0.004509905234960878,-0.004885963226007867,0.015001918939221247,-0.002967117710559272,0.03183318139356915,-0.012000018754570284,0.010318201226450031
-0.00848618753603097,0.009717553003839178,0.003740528466704932,-0.007852614270544518,0.00674954694599218,0.000621161068433267,-0.0003661236689617569,0.02556516508045955,-0.012039303880959595,0.005738158705913905,-0.003944638130475874,0.021447673818819315,-0.009209272785011087,0.008919724683208211,0.0017951749646639304,0.011823791126271757,0.00941370346023286,0.0,0.02232137222067863,0.019341477228600815,0.023618938312860573,0.02221163516048709,0.0025445269633356795,0.004449159128516369,-0.012596819706611407,-0.0010637066708872416,0.007361037170988477,0.015319142656333896
0.037272030352035385,0.0034993937861536586,-0.05155277161723226,0.057838658055126786,0.014467221667279671,0.03493516629446982,-0.03663004040009887,-0.0007872991484774043,0.012186015018869708,0.024745134319853916,0.02376229734343245,-0.013998156256497404,0.01858974358974365,0.018009161112413942,0.012544976776182487,0.00407167499586071,0.009081412663350072,0.011391381840638532,0.025803757470616338,0.0,-0.012905781479858984,0.009708686233697895,0.020161648225574657,0.010885952172796509,0.0066058376365204785,-0.006389909620777611,0.008403333535136887,0.0016763342268694547
-0.013840622224145472,0.01017142192047743,0.03929273357776649,-0.045323755089547085,-0.012799975386557172,-0.02561691780072368,0.025475298576393773,0.017332020134205362,-0.01166885788308313,0.0007506876262167563,-0.0027078815476288235,-0.0008872811789793078,-0.01887979861548148,-0.0019299155554157847,-0.01415930668897204,0.00040555843474055403,-0.007615090245585645,0.0,-0.015479765335865791,0.014970120216901032,-0.00990487794672722,-0.016483383171618016,0.0028733984443634147,-0.011140078198327323,-0.0033223410310348443,0.005359096028657608,-0.00833330598549046,-0.002510429286944979
-0.0021592481483241853,-0.003452048885735792,0.0031506147589962464,0.007385015110619114,-0.0011274546078138365,0.00334129934326207,0.001483142936937865,-0.006711529542569929,0.0031857936098051497,-0.005125882849125954,0.006206300942505348,0.014209591301966074,0.06863373957665173,-0.007412229399928706,-0.0017953658324303165,0.0008107039496293157,0.003383330984323452,0.0,-0.0172956185793102,0.0,-0.005602207861051682,0.005586476041995716,-0.00670865376774481,-0.00488165141509226,-0.017448560388829627,-0.01385920105460658,0.002557636165324981,0.010067171452678098
-0.013254101801939096,-0.007217119465377561,0.00376872369152568,-0.009724653394965655,-0.0052910504248452825,-0.006134426593409586,0.00444272798656688,-0.007796103599391253,0.0037363133660496413,0.015080141188320524,-0.040478094891620235,-0.03940445133265805,-0.06122448979591834,-0.0032466396488359073,-0.004796083283634405,-0.011543215201023804,0.0014948153201129828,-0.00418993951188781,0.01221965677760064,0.0,0.005345669099994119,-0.03425921917534735,-0.00559312971266716,0.0027924326573922913,0.021318521583117898,0.004324266805000793,-0.008382012197087306,0.013288961483767868
0.02016166938224369,-0.012212886093220306,-0.005631955559114269,0.001964148171776523,-0.00425542517360909,-0.0029980217117610767,0.0003686267764852878,0.011348490286932566,0.01767751366263514,-0.021197676815949473,0.020902960871967163,0.013328719188537196,0.0652173913043478,0.0013028168297039512,-0.003614397413742236,-0.003032090839459101,-0.007983354265633184,0.021241851299669653,-0.006740725083357758,-0.008785498790539302,-0.010856543387771913,0.04716381545946769,0.009273365313367662,0.0015428305254177475,-0.007996678285831569,-0.004305648034132776,0.004101172141103377,-0.0012294485985217213
0.010065426294165864,-0.012069466620926316,0.015103865653334013,-0.012515022053157288,0.024123571417016286,-0.012558477325136196,0.008843043084414812,-0.010177443365461815,-0.009216471201203908,0.0011723499739535075,-0.00436674197100495,0.005464634956764981,0.07322923169267673,-0.0006460796943765928,0.007831898949625587,0.005562394654684736,-0.014345679172602504,-0.0016001074748867034,-0.005189498179370821,-0.004869044881394529,0.008130080290780524,-0.004505632143722004,-0.0007066314647989798,0.0011272470160499568,-0.0038032656550942776,-0.003243310948280381,0.0007410796837925952,-0.014197688050569897
0.023431177066830837,0.021454019755616185,-0.064476097647118,0.061383304699818675,0.025112255781622145,0.049082006727663295,-0.03944484444616292,0.0382285084991266,0.023999926126891277,0.031426968180012914,0.02073373008608349,0.02717389339452304,-0.058724779570736914,0.004916456864589437,0.01571931024911786,0.0007808196503339848,0.022657512911049102,0.02724366756124674,0.024478352130863468,0.021788948398666,0.038306498239033634,0.02048583251016044,0.027581209195364786,0.02045413517671201,0.005892605195451734,0.04772226722943902,0.015920069587533038,0.025308087770312383
-0.01236849224143727,0.003500623163991455,-0.003976216969875795,0.008919603770984708,0.0023117089263618128,0.0042685884763946505,-0.013688185391780176,0.009395478648943164,-0.0030887437340600702,0.013501159315146331,0.004687249009021539,-0.0017637813432440452,-0.0463458704693998,0.018590934500019408,0.007738238571201463,0.010472257790750372,0.002813868446303032,0.0,0.008225545770622695,0.0,-0.00038829999689833503,0.005368839982394544,0.004989678091910818,0.0003677619099492462,0.017533044554455517,0.0020705784054848124,0.006195317577639848,0.007632093864582285
-0.00639491201284462,0.0029069356004281822,-0.0066533269461322465,0.012120331608662724,0.013425166170759407,0.0029755952276597714,-0.004240603431624558,0.001761098250977732,0.003280532266416132,0.00650914992129435,-0.00738717270686577,0.0,-0.04922112456206383,-0.0016010364277908393,-0.002362713244684021,-0.0021945762274688547,-0.003156869605548445,0.01755074245443196,0.0027194924208443195,-0.0003741435577540051,-0.0038851415597550634,-0.001857287791524032,-0.0013352947049849856,0.008272030512321527,0.009933062642081384,-0.005165432161533199,-0.013401096512966773,0.022562521133805958
0.009117692300421835,-0.007536036957793941,-0.03549900098380617,0.02592268403571769,0.01494566492627856,0.023393770540283042,-0.023615885078499457,0.0077849505600683065,0.0,0.01669432329057569,0.0066589194347629,0.01678452814700267,0.05615996068152045,-0.002886399186722712,0.0011840919843173758,0.0048470651649451385,0.014707909227051815,0.011115356833366062,-0.006586636311857893,0.0029940350645695714,0.0066303342140910685,0.011863129981572523,0.0020572001809873093,0.008568816617157353,-0.03010839020473705,0.008307369587073982,0.012114568598623988,-0.007880208464996114
-0.010895382072596584,-0.008761794858286225,0.06736114745271775,-0.0572644161531082,-0.021720155387188383,-0.03834686876281529,0.047977744188197016,-0.005980519645402524,-0.022161682935974973,-0.005029652201699942,-0.017120505814326545,-0.01476972747590322,-0.0736489995874544,-0.02315857842057064,-0.02128925919678517,-0.03486029258489299,-0.021776848076055743,-0.008718797996713844,-0.010920356784748404,-0.007835871433834683,-0.021309655587392663,-0.02919531307738947,-0.0152603705503344,-0.019161229726344785,-0.031167218543046514,-0.023686924832697884,-0.015233901875779991,-0.02875310419605445
-0.0010748155696889026,0.002062298843482569,-0.012361753975580935,0.003787529888770335,0.005781442388812347,0.004822946121545429,-0.008323893520045159,-0.007771186305404827,-0.013003752690412842,0.003865617122933636,0.002375210273555441,-0.006172806622175687,0.01138647019423978,-0.006914789772385983,-0.006042153190471208,0.0008401055560786643,0.009571173915495263,-0.00573612454964789,0.0015772130180869907,0.0009402054683380019,-0.014251820939867816,-0.005683165509511364,-0.00347470074471067,0.005528956965239879,-0.007220019652240609,-0.010548492174857666,0.001473269624509262,0.02778670474666391
0.015599668219548909,-0.0035282047030790087,-0.02898546861751135,0.030474375774380117,0.0068027733767287435,0.013799648157464692,-0.014498281900223012,0.01995940074368979,0.007528566554826037,0.02132699429201961,0.010663544557883028,0.023070042312833664,-0.04238410596026482,0.015583641412529525,0.013373785687128409,0.0,0.0037219583098419954,-0.013076919744130857,0.01574796691562766,0.006763136289399595,0.02208852683954153,0.009525912451069402,0.015690383142593432,0.00722137909648275,0.01243648281106438,0.010660949113154329,0.0069877939702615325,0.01125406795488505
0.0026483533515473533,0.019474675086964918,-0.005427531972727496,0.0026755822451057713,0.00033783318060232395,0.0041426297400576385,-0.012001473970187592,0.0024770666459225576,0.029702960075678356,-0.0008701403810291678,-0.011723383526688856,0.013009484663556972,-0.11134163208852013,0.01860914305987231,0.0029993922622147074,0.0167435914985149,0.011509112074765272,0.030007860606864188,0.01976749175380951,0.0,0.006679833022987721,-0.0058975969927710405,0.014761357651924824,0.009935555234662163,0.013218812428274005,0.006329138567024845,0.006208933505568917,0.004928397323904598
0.014263246647149584,-0.004052100208546783,-0.024556454267114898,0.02191027679582866,0.01148270217806213,0.015155384281162813,-0.011363690431321431,0.0029650994955636827,0.0045356024546202856,0.004528486782909882,0.02214313208934797,0.00770555773626728,-0.03891050583657588,-0.0022436129869629648,0.006578942802666919,-0.0011969379812665126,-0.005706425156830322,0.01475588473310046,-0.011782537330200692,0.019219981895920002,0.005854531025769685,-0.002610208318716078,-0.003179972702711364,0.002774785744391855,0.0026009313952902943,0.018867997530223283,-0.0032667474106853967,0.011548842311292384
0.02838535887615672,0.008137173057738227,-0.02237770646864549,0.020203301018400663,0.010350512215345092,0.01658795281656955,-0.016250514674671496,0.006405410775719164,0.0003612017596365371,0.029301243670182876,0.02901349673664275,0.0042479478822584895,0.08178137651821861,0.004818504789245857,0.011883572988136151,0.014049585896105485,0.011130420302779116,0.013795785812992248,0.007692295186820022,-0.0018307977099424981,0.012805696730248232,0.01142029911760224,0.01523800964152431,0.012326192102619482,0.010460251046025106,0.02674893212498431,0.001820816310539648,0.0040662433684362734
0.02076474465530882,0.0025944444124721025,-0.017882780905382038,0.015896561797015585,0.012392656484611544,0.011095687353550472,-0.007655035327760042,0.007588862639628912,0.017512283317011417,-0.008422087754426875,-0.003759429092587611,-0.010152114241197444,0.06586826347305395,0.014066546069869509,0.0035231974545317157,0.0134474566596773,0.009976001723742616,-0.010297981181694544,0.01053844346414502,0.005392444416245225,0.017624577900084756,0.007292506569676911,0.0009024433428008401,0.0,0.01407867494824016,0.02004002004186931,0.01599419903878528,-0.010903390873855213
0.003380492104485693,-0.0057503499410820474,0.005826716730213584,0.005702070573233624,0.0013055381611208811,0.0005647544240026841,0.0,0.00040221296230157614,0.0090735567159528,-0.01935427820145041,0.013693827606554885,0.02222014051349504,0.03651685393258424,0.015762908362029312,-0.007021779676725482,0.01608361156789886,0.01324925715834209,0.00632886418977301,0.005291035458786835,-0.007917529352650589,-0.008978993680721617,-0.013311566779343302,0.013793406520299948,0.007454682045582284,-0.01294405879950987,-0.003929321959554627,0.014073810882709556,-0.010629879823948342
0.0352532158703449,0.005205158571589458,0.0,-0.0035601309340641493,-0.004887045574205866,-0.0012903083474026722,0.0,0.021717923864183804,-0.0068674493137785685,0.015331116423834818,0.008215119971696607,0.0008452404511099787,-0.05216802168021677,0.013906615346204684,0.008022434645649225,0.025388130381582504,0.004067345025312947,0.00445929369249671,0.01842104367626058,0.004045530522955458,0.0007616728689337878,0.032577097029244696,0.005633291674397428,-0.009866027959287071,0.0027716874198484517,-0.002958540991045982,0.010623255449119554,-0.011937894739268687
0.00407679902277925,0.02359044145377253,-0.04561908746443586,0.04988754543667311,0.011306040450195608,0.036175820802966746,0.0,0.005970855150239747,0.019858126755405284,0.011196519109856943,0.014814796574845171,0.021959674867614038,-0.02072909220872058,0.011114486435918915,0.017099132232220326,0.004669355538321974,0.012186187859342664,0.014798398934422663,0.013658137347906085,0.01556768978187092,0.029680235678995567,0.008956080222622991,0.009958792509718513,0.01850538280382225,-0.015511551155115415,0.015826010533230173,0.0014015867377458631,0.016512221202138598
-0.008359236721264434,-0.010961244917145571,0.0053111505842888,-0.012604128499750282,-0.005508725603759447,-0.010520665628339412,0.0,-0.0004748176708907298,-0.000521506363509172,-0.012481233096003096,-0.002919689554945213,-0.0074381218405045295,0.05109489051094899,-0.005496204053747985,-0.006956817505936435,0.0031373635906045572,-0.0018853357799808066,-0.0043748328424502774,0.01310999556994517,0.0012625068788514131,-0.013673163292156627,-0.009577169631535487,-0.007752189985983356,-0.0108316860221118,-0.005908481394569153,-0.0038950871285514665,0.002449224554734879,0.010221754551915707
-0.0009633981141423369,0.0025574651767668647,0.004528156752778486,-0.0063822085596029424,-0.010785370724879069,-0.005198165821752586,-0.0194885648692064,0.002137694534148237,0.006609756894851581,-0.007417981125299566,0.007686772725432974,0.0041632172351986785,0.056944444444444464,-0.00460538126992885,-0.001167419323760002,-0.003745152939357475,0.011034966978890734,0.011351229370199232,-0.0032350959556293806,-0.0018011571401823387,-0.004870843610632083,-0.00919832720122014,0.0009479914507766012,-0.004591998837900492,0.007039539687223244,-0.0019548082881706056,0.01710290322062217,-0.01560885235644427
0.01253617865964692,-0.013321909203225906,-0.022539332858303358,0.023766635701829412,0.009255937402368351,0.013854921899731629,-0.0198756686703491,0.011377227957536786,0.015206613379895702,0.006036265697522059,0.007991165742567568,0.00829191343347848,0.022339027595269373,-0.0012338180463396734,0.008766948083102329,-0.007169722110667179,0.010160595778203852,0.0028964794818286976,0.0018031893619409136,0.0,0.004141538675120128,-0.008569242876055138,0.0016328484565154725,0.013839587184578213,-0.0039765175377360976,0.012732546725253023,0.01406996495421173,0.0
-0.017142785650497545,-0.013789063010924169,0.021521813178025852,-0.02158359009525488,-0.022519515576365383,-0.01405601951846976,0.015209221549757816,0.004218300822376188,-0.0051064363898769465,-0.00848588882065468,-0.01621629332157179,0.0,-0.018637532133676152,-0.012353293442503438,-0.004634989431724907,0.0,-0.011680823814756068,0.0072201543330953424,-0.0097192978441805,0.0034644121754779872,-0.003374607755294731,-0.004801828897487886,-0.0055428586627089185,-0.017850917926311372,0.01029632275688163,-0.017408092527964318,-0.014551393295686204,-0.01753000327977564
0.009689842690720428,0.0020389594017107123,0.014296476392018325,-0.01295367292249655,0.00016686953994227933,-0.007207322865554948,0.009155075443868508,-0.01400224146515278,-0.02258338329223854,0.0034003456146760795,-0.0010988614500527813,-0.019736917731618567,-0.026391617550753026,-0.012820602335971964,-0.011641614121032469,-0.00968071763915898,-0.003184411730480495,-0.005017867033340479,0.015994269932229126,0.0,-0.013920235747580842,-0.007720090008001847,0.0021311127950967195,-0.0007126793237267353,-0.0037437602436039773,-0.008858251526185986,-0.013736487460175051,0.005206158264287959
0.024472259885191416,0.009302401189505836,-0.05934718635287563,0.057432394904609725,0.02587215086435468,0.03813330788647421,-0.037525713299657266,0.0449703159447081,0.022755138027322985,0.012463742409687449,0.012834690820577562,0.015100797305053712,-0.0071971480460080095,0.020589265800551187,0.015312057122440019,0.011036639999373996,0.009781584156028136,0.01008645802141198,0.03291586976311159,0.0,0.012590608603019712,0.017505227360690174,0.02028466324166392,0.01818824795564198,0.03674317174350005,0.006951248604959649,0.011838438407534265,0.015653044251435103
-0.016393523791256942,0.004320229695649311,0.02208208485934944,-0.029859925441631237,-0.0004880762236466343,-0.012372303809068144,0.004284550603512271,-0.019252382582242274,0.007530260054835216,-0.012934256734979095,0.0032584274239988247,-0.004132427087719592,0.03726287262872634,0.014587157490406129,-0.005220322519256704,0.001598462973721239,0.0006523017817174605,-0.010342332491839674,-0.04399032178082517,0.006113713789015675,-0.004144698187261341,-0.004778881526078498,0.002084368273584212,0.003502667102739821,0.015505436971405622,0.0009862814459368249,0.001720678714365357,-0.011558830662679149
-0.011904811358298378,0.0037280947994906546,0.0,0.006333090990643474,-0.0021162853724361365,-0.005757833240697985,0.011518672028635608,-0.004619087989845539,0.00968249167884722,-0.0051439392423963245,-0.005052231355733777,0.0,0.07446120182886999,-0.0070358262147636646,-0.009912558169487449,0.013584626644095278,0.003813593032506629,-0.0018018328936973613,0.00978268518291427,-0.0009292989908093213,-0.0007566968808345066,-0.008403353510863089,-0.006720067241678312,-0.0022338575442014167,0.003410707911957151,-0.015763641245462083,-0.004465863789515303,-0.018190627764261297
0.01012064219180666,0.00914293154455307,-0.002314857814079317,0.001384535057929276,-0.006199087445256776,0.005556503402556478,-0.009700562804392514,0.010672967307929528,-0.002691805566609089,0.010976463643299631,0.006891509478236805,0.006639089613674518,-0.03465051461091094,0.00955037172889898,0.0053005027704513385,-0.009216810038219513,-0.002175535236207683,0.0,0.0010763343541639284,0.006618934264792496,0.01893228637825064,0.003147685047351757,0.008054142515220125,-0.0061568617987314955,0.013793881119565156,0.017017101363747122,0.0017253200195029405,0.0215053669019212
0.0019082881302813414,-0.0042469261723336186,-0.03866964577610632,0.030297935558734237,0.015101916690075887,0.02093537271683769,-0.021294635872094816,0.012626138566511104,-0.003373825747010401,0.007971312801912244,0.011887657086384215,0.010717334074364735,-0.09193954659949627,0.011901050582855895,0.02226125458957581,0.0,0.016042914692292406,0.0,0.011827957531928295,-0.008707985111085469,0.008546944631868308,0.0053101685187777956,0.0009588775415923195,0.01619148662853634,0.015594502923976654,0.02263779875204604,0.015501135755681385,-0.0007287981878903457
0.004999993402316753,-0.0068239589069212115,-0.008849666984986314,0.01784473888711454,0.006791701509178524,0.011129808935087008,-0.008268101348925125,0.014496949755276402,0.0142370363382384,0.006929785623913073,0.0021359505059858467,0.020450447541478827,-0.029819694868238537,-0.002714076334411695,-0.0005730953031956422,0.0158915784354191,-0.008135012698164263,0.023227008127056383,-0.0007084651232256743,0.027986650145268854,0.012085209414300257,-0.13973583401047027,0.022341509996682274,-0.039833768227848405,0.001727447283203416,0.013474415209511464,-0.010515400567306944,0.01977147668708476
0.03790574082601605,0.023661815678790443,-0.08279210649557593,0.09000488587937759,0.037627371819612336,0.0563932261459476,-0.044756505310868486,0.03468469154860821,0.03174866892009419,0.050296623045048436,0.03765535107367822,0.03554124507963674,-0.037884203002144345,0.022605391994386933,0.03334206482508947,0.015011258717293663,0.03633041871374994,0.03374782119152117,0.010989012556192272,0.021186471131033637,0.02776755322085377,0.193838390060358,0.01897367924097345,0.08415530923149528,0.017436291145287962,0.042491833530606,0.03313899977038668,0.0022368437591290696
0.013238953133831314,-0.0014108182865705113,-0.03805314487505989,0.04707318081489399,0.022373769358993264,0.027904643407186576,-0.03628844475176745,0.013278201548073458,0.014653204587757318,0.022060955642208512,0.0065046902760133715,0.0070202453478396725,-0.02526002971768214,0.01224608414781877,0.01845645646342762,-0.005683923167293374,0.0040720145978512985,0.01099659637161387,0.004908899165511578,0.004668027927481508,0.004265919724502023,0.0040804975837994435,0.012931644885087416,0.009443822368749657,0.001167608330230024,-0.004587053564131551,0.0,-0.016269890736410702
0.0022529031071325885,-0.00028249954271722616,-0.032198781993152084,0.02210643327010477,0.009032467351210287,0.018121312697410786,-0.012392748347627226,0.002363203896629925,0.0012837721018127356,0.018162633449550908,0.005102030166166532,0.000774698503896278,0.02210365853658544,-0.0002949034915750852,-0.004942365752958235,0.0,0.002011970500267949,0.02107411549846097,0.003140207688657125,0.0036138622215824475,-0.004247798955153514,0.007585996873303253,0.002915613003449237,0.017671551107868468,0.002182047409128636,-0.0064517121837127794,0.004048669790647821,0.0044373348063699285
-0.004270739435966554,0.017241393577706782,-0.035171052483555815,0.044192697114177545,0.026133940868812957,0.027141198451650386,-0.0395753351081785,0.03000418402497002,0.023076790039934358,0.030765229004003636,0.014551657989533557,0.017027803811717396,-0.0589112602535422,0.007378939258730084,0.025386207847156984,0.010670736424273849,0.003043292613647473,-0.0026632692983361845,0.0027826045584477426,0.01659804456534775,0.02595099365681421,0.016402373157508258,0.022460147996783086,0.007558666894632803,0.017305454408949362,0.017625235064836004,0.0003359795754365696,0.012851382222524394
-0.03340861046905196,-0.03473192672854879,0.10443351010449804,-0.10595500210426352,-0.02906911026482444,-0.0660603466574245,0.07939698041407175,-0.03974209229929632,-0.04417294117901503,-0.0396286728303256,-0.048699154286266484,-0.035007620623987185,0.12916006339144226,-0.03691782123797791,-0.0398276296236184,-0.031297026280966186,-0.024929571738658368,0.007677066902363169,-0.02913634291052938,-0.010592295169050551,-0.04712403078251984,-0.02328041312223534,-0.03423711802780747,-0.02575013450334887,-0.031439151291512965,-0.054694699696358214,-0.017131386262645217,-0.027280064133768496
-0.03176089794375615,-0.08146228137745991,0.15878664625467434,-0.16429055086224645,-0.06675315614631869,-0.11132430544321208,0.10474861646684178,-0.07388939774226648,-0.06751875529299255,-0.06659705411460605,-0.06802242877337365,-0.05599363003967227,0.13543859649122805,-0.04837220399657122,-0.05773539056924872,-0.037368762269431484,-0.04930548055546908,-0.07916534225637488,-0.025366183266162527,-0.06546201787038082,-0.03745458814580282,-0.05037927332413878,-0.0719554048892284,-0.05168231297602191,-0.0746723207357635,-0.049180294070753805,-0.07142851351063127,-0.06138918036165996
0.03810901388862866,0.050454358303250506,-0.10854503859841697,0.13034783999278599,0.052240540198439815,0.07991358748641796,-0.07922453121753067,0.03462788168846168,0.03884001144058825,0.0580581697631609,0.053423526543752466,0.03926477486859628,-0.10135970333745367,0.03804347233803212,0.03926220140202958,0.020622780515288312,0.02712920766914964,0.02949644696628977,0.0685484150457283,0.027362239982814743,0.03211181444510948,0.03822030156542863,0.06250838393879657,0.04608635079914394,0.06060606060606065,0.036511251271953565,0.028708083289042462,0.03467989833977687
-0.009525907011394243,0.0,-0.0034541795362747693,-0.009904346309384684,-0.0067546718576706535,0.00037036210645172043,0.005949561387192754,0.021935968956541905,0.0,0.005024485661221578,0.008571411245747168,0.02170415502383437,0.04951856946354888,-0.002771889449815508,-0.0011447994955611756,-0.001584775220358034,0.013699118043836745,0.0024457986855077594,-0.014065210747849196,0.0003551092807928305,0.006954612032993103,0.0010988771435529194,-0.0009428331654019348,-0.01136369566450808,-0.008346273291925459,0.03326817428039398,0.017531370922662205,-0.0008496073848802444
-0.028618344742032918,-0.017899727157147532,0.08665503335373897,-0.07943312989373304,-0.027666111730939285,-0.05560898649484605,0.061874495484015565,-0.038725520434889985,-0.040940695156029744,-0.03249569469021105,-0.04284691547743842,-0.025176954457644046,0.026867627785058988,-0.017912252581169092,-0.01661879606314201,0.01309523905417436,-0.027449264626110505,-0.017079070607210086,-0.002783502813161807,-0.027334073076332583,-0.026172186770341596,-0.024423915188302302,-0.0213903962757469,-0.024226332257912674,-0.025249559600704758,-0.032197037621489864,-0.0256680985923565,-0.02380959169911281
0.010625380388241205,0.02976915915700148,-0.06060595794383099,0.05459234391209511,0.013829245627679959,0.03347972677226485,-0.04712941171817039,0.022099434574286952,0.031751736333538096,0.026924033107864856,0.01516828672675856,0.009685180501194074,-0.002552648372686608,0.03018859110866696,0.014568747442915182,-0.013670218579028594,0.02699104318600708,0.01276583519773718,0.04012560128883237,0.015328542295518837,0.03956691456376757,0.027848446624477864,0.03950500115611817,0.027546233393133567,0.042168714859437816,0.04794514884824084,0.01768310011363742,0.004355530776516231
0.0021506084096106887,-0.015634250098863954,0.015280076634800688,-0.009322713779896612,-0.0003448949328217823,0.005841729716514019,0.00674458682801046,0.005630648409741079,-0.0109420909867608,0.0007944628694218414,-0.00947526112368876,-0.0023982381971973787,0.010876519513755593,-0.011904636526051013,-0.009764627735264108,0.012668246623721464,-0.0017197472954129606,0.003151302794999686,-0.008386485235927568,0.007440687278117905,-0.01867146707994527,-0.01094698164206631,-0.004205484625072543,-0.0058553880520978135,-0.00038535643987071765,-0.03734819950662615,-0.002836818311027203,0.0021682757572718827
-0.04625665673657023,-0.03476176141804086,0.11204022316280844,-0.10884102318757144,-0.02129930036960068,-0.075426125354907,0.07994642880592777,-0.034938298078722355,-0.040795090250558365,-0.03360662888711435,-0.04562177581980306,-0.016826671291811326,-0.06329113924050632,-0.021315963269610345,-0.011020807691796159,-0.02156859053704289,-0.00786553534332185,-0.021640434829427683,-0.032848641347415414,-0.02593929851680551,-0.02671058964564965,-0.012175042527507186,-0.034251438345806566,-0.02426909955315356,-0.02659988332305765,-0.031037981458321817,-0.036273211886801486,0.02033749487964669
0.02200003202075926,0.02918357739984159,-0.08113188505008796,0.07975528165092406,0.004166641383648424,0.04364494490315055,-0.04880062899045913,0.013481915919680915,0.024576803471379704,0.018068771414348227,0.02604953131268932,0.009799779150210124,0.011486486486486482,0.010111859449359935,-0.005278620609740833,0.002327523670127019,-0.008615958932581666,-0.004443424298708336,0.005252061151148687,0.008424917969380387,0.009489570206463727,0.006153467087120132,0.02154344283287068,0.0123636214711598,-0.007841584158415855,-0.002001814810270241,0.02689641797390736,-0.008057800079528415
0.017368050907406313,0.010557971863680876,0.0229320772301501,-0.015184539862186952,0.00031920722444816335,-0.010161908701625713,-0.011739204245818731,-0.004135115477138179,-0.010731862716299471,-0.011568383711066424,0.003384834612795005,0.002433092927174175,-0.011356045424181692,0.005649675931933743,0.00536597897745198,0.0,0.005915107404859453,-0.004674446885769166,-0.0174154853979175,-0.006683602976426274,-0.004847040699512898,0.0039007953178730828,0.005823067317028841,-0.0013290557377598096,-0.0116557560274628,0.00902700135495384,-0.002521729908718934,0.0004275727816773135
0.007934588241704175,0.006567223839541628,-0.05764612317743264,0.06089113238898505,0.014358615112755057,0.04398646235838726,-0.025076988430345396,0.023068043113796483,0.022941526229279145,0.0016330190511888631,0.019115463151677163,0.02022656128990251,-0.07500000000000008,0.009363280852266651,0.016558378213311825,0.0,0.011333361080974729,0.0191472547986368,0.007798603441784394,0.020624515365388698,0.02098163883479284,0.0002776220091764879,0.0012204696757421168,0.01535812412074064,0.02140553311793209,0.011928426003157123,0.014084530595047412,0.004273542165135328
-0.017891367200247102,0.01364167462407581,-0.012744334529980484,0.005665645472182297,0.011701810386757236,0.016943996030561192,-0.009927730152962616,0.01172492720053326,0.017559103512251283,0.008043488167149912,0.0044133212610151075,0.01586044673397197,0.021183345507669902,0.003401328634258289,0.01745194795227784,0.025893186021621075,0.013122862100487269,0.0056718745340591115,0.016883602256419952,0.006341897479225599,0.003302726099230921,0.00915635294652968,-0.002000365810163502,0.02001419056824036,0.0037168839969599523,0.008840986944685558,0.00462968612392499,0.010638302616006337
0.003157618397851682,0.0011703554839588974,-0.0017210813285505372,-0.003061668275778275,-0.01094462908164644,-0.01859559909491508,0.0077484636536777046,-0.016269184425103497,0.007175841294423578,-0.00905750191075773,-0.009154169331366329,-0.002342005090038617,-0.002145922746781197,0.004006246885075136,-0.022870135521586184,0.007826250838476084,0.008945199788562478,-0.013041969246809131,-0.011068817975858002,-0.0020293982770061107,0.004389138676115767,0.001924871902461725,-0.004384591061726674,-0.010210118498278391,-0.009612432649998785,0.005842107944921796,0.021623491759872143,0.002947376780837292
-0.005811056147806468,-0.011981264812217828,0.009482746228398644,-0.003931314469548219,-0.004872582395704237,0.0,0.0,0.005890400450323332,-0.003053493760228718,0.003128372197674072,0.001478174606920892,-0.008607209363109936,0.0071684587813621095,-0.000613893579384046,-0.0017554968717302466,-0.0019413690683203226,0.0060694260703992465,0.0017856304089460472,-0.015040217880414496,-0.00321084263119445,-0.010560781727329858,-0.009330456204177086,-0.007864045477577717,-0.007578739389842807,0.008353262066557834,0.0019361243550646656,-0.0031228529604869068,-0.0033585694551159155
0.0077934791756426565,-0.0008874320776300211,-0.034158794379247154,0.034163746422917717,0.010266877660548087,0.014173047254601747,-0.02442353547540517,0.004954906712754507,0.011910930164845526,0.0130440176893624,0.011808168894846136,0.02446727589860503,-0.022704626334519636,0.009520800644827843,0.019929654224757638,0.016533735162751088,0.015161095842842037,0.02352947157318612,0.02450284098511451,0.013600515401429395,0.0022083005415209907,0.014958361694172759,0.02029163024518226,0.008626481777827159,0.017751439842209005,0.0038647660424677077,0.016359331816124922,0.0007581430192489224
-0.010149965970430944,-0.007104686596453629,0.017683352902175414,-0.013237987694616602,-0.021575923840449557,-0.00029884377652883697,-0.006026886631334728,0.006275267817874883,-0.010257324186598872,-0.017052060952262697,0.012399747003869682,0.013097088322552772,0.06620056805767975,0.00030425438620376147,-0.002298783819220827,0.005587351704396601,0.0024891609645587105,0.0010448973174525039,0.0,-0.00847450859770277,0.017994852882343416,0.0016375736294654622,0.006836644383251083,-0.00452169185851693,0.018100814655070328,0.024061647579235297,0.005136880341850092,0.0005114558885615788
-0.0234374465595896,0.0035777621772125562,0.048653372913662916,-0.05293677640535075,-0.02077352226480941,-0.037003927952311166,0.058768847559774434,-0.014921998066425256,-0.023955082452875982,-0.0021514382048141213,-0.009366038313144993,-0.031178744594417405,-0.015027322404371627,0.000912391692390391,-0.009792623279327242,-0.002511736093920351,-0.008659241732647233,-0.021224770493361588,0.005199337059275319,-0.008369025661758787,-0.014429998001834088,-0.010354116548741438,0.0018516885216869508,-0.009295750783876709,-0.007842501998705544,-0.016917335139849582,-0.012606514065033143,0.002641582696059564
0.00675014540195743,0.00653597692111945,0.006627911260558293,-0.01416545662769881,-0.005548202441404673,-0.022589637703239216,0.0057266919332565475,-0.008591528027648246,0.004003372488459996,-0.0051583330165783006,-0.003636383769396269,0.014913758697884912,-0.0048543689320388545,-0.0006076129087944989,-0.01047116877136683,-0.0011444924406298009,-0.002191568798880789,-0.015286088775557797,0.02172405599696162,-0.008726869971841338,-0.0036603919276927822,-0.00302865485620439,0.002680297556698389,-0.019085872619946744,0.00644637556324096,-0.002868140947695322,-0.004140638032144669,-0.0009348379026602613
0.02359069510546743,0.002361169089045776,-0.022222029989089568,0.01851131481542106,0.003610032267032881,0.02763886115331528,-0.010074391475933458,0.014595245691800852,0.008668577398955142,0.01780464656253141,0.014598509385326,0.013920885733146086,0.0020905923344948533,0.019762787141331686,0.00646679238918211,0.017188601692655556,0.002792493030206157,0.02418772214212846,0.013837430973071196,0.016230680122622267,0.013960375031446363,0.006075710943864012,0.012074827897747798,0.012971500017258972,0.02215101605093607,0.027804493272331855,0.007276378556945994,0.002977539551924614
-0.01649676591511771,-0.010600663014854754,0.02020190763704744,-0.021352216778263086,-0.004251118918003826,-0.014143292114272116,0.012389360648088087,-0.029220189241198943,-0.017531820591861216,-0.0005389847485293123,-0.011870474349950828,-0.0244087211674175,0.009596662030597922,-0.01103167334594588,-0.0035047811076146513,-0.0007509106119880032,0.0013453915009585301,-0.008459720231057174,0.04593864572177928,-0.0057040666500191755,0.005072436016425081,0.0010979229691684485,-0.010321823429940232,0.009407269408522436,0.0013801194099259946,-0.008395543472831089,-0.007911861807081531,-0.004240987648947323
-0.0505673531686547,-0.005059481029192038,0.03877882938490773,-0.03324670097757837,-0.016420278074986444,-0.0216368785374854,0.010052550663515876,-0.021532670554702784,-0.01102171899978265,-0.02723845902304916,-0.042227889014364826,-0.014855374053131453,0.0035817605730817867,-0.005728115643058976,-0.0017584634195335533,-0.0026306940417803195,-0.012592528437529638,-0.04017058981420968,-0.025262242975501968,-0.004481948715019055,-0.021268843821659344,-0.006854928500163873,-0.014877242887816637,-0.027994313209125758,-0.002123105002421037,-0.008466625394397763,-0.015256633302150959,-0.0008517747937409522
-0.0209984549144922,-0.008076589224999303,0.03891989128113907,-0.04043533450964282,-0.07212026319806232,-0.03028847821478825,0.03245348441154825,-0.005838997498141597,-0.00129594860302831,-0.02813084753636801,0.00551144119730545,-0.007275044083658339,-0.015168153740562806,-0.02031521389353813,-0.0364063405079642,-0.02185379604634659,-0.009873445565849692,0.004271453472811711,-0.02617794485681076,0.016623397702535427,-0.005043364019025994,-0.004604496325452208,-0.007264777194713758,-0.011301441226454852,-0.024748039389770844,-0.017077842483649457,-0.0017495006136983148,-0.0068200956653348185
0.0034973937185598233,-0.018395673219532088,-0.02905202687202965,0.02939944441477747,0.0701631573336127,0.021814670107493456,-0.019279197838941886,-0.008626900961739266,-0.009479507480835215,-0.004743460725696778,-0.007235395813259131,0.024291409890335132,-0.02432225242177156,0.01057159433074049,0.025968002575616947,0.005683951633838111,-0.01952821920164051,-0.0097196502831232,0.018481171022623248,-0.04700161206902391,-0.011926952191989916,0.01562067578744984,-0.0031018138816304303,0.00848075892228822,0.023347455760421888,-0.0019304195960190694,-0.001072823746288382,0.027381924011826014
-0.00562995839630316,-0.013210484993182888,-0.008661485870635838,-0.00693608685954975,-0.0060369091100166365,-0.007520763550716964,0.001709503092655489,-0.0007251988270696463,0.004875429920479568,0.02325251675445685,0.0042194488469449,-0.0007903497451394494,0.05142857142857148,-0.0006170522823454991,0.009644468966818788,0.0053928874711175745,0.02225941977196066,0.00906003065462135,0.014186734191230212,0.021730898665605517,0.0026405472365320357,0.001373249021427655,0.002603445047320305,-0.0010968532529858305,0.0042263529939784985,-0.0009671751220071085,0.007518703560841724,-0.0132842298751373
0.0016177410255073634,0.006538086447637164,-0.011914203287573557,0.02054242355084121,0.008931759468869968,0.010999853352597944,-0.0021332428017664363,0.0038704040353094203,-0.0014376239664610328,0.010501044756084144,-0.004201719904737669,-0.0063291944425088505,0.025135869565217336,0.007718325618044026,-0.007164210873744072,0.003639870051574485,0.0048355297186789895,0.0,0.0029277914293674035,0.004956546625513465,0.0015049103482994634,0.018102034172706144,0.003198349674777046,0.006844757017789875,0.004953445065176876,0.012584759030130285,-0.008528772191328346,-0.0009315301264973176
0.005383560715441601,0.01670268195637273,-0.02893879024923655,0.0315351952905739,0.0036118700095471093,0.029013495976185907,-0.02565192295035985,0.008192777389082952,0.023933811242739383,0.0020392096304742624,0.006904538510427325,0.01035023416180252,0.04241219350563289,0.0024510358157362297,0.022248940351708102,0.003626669446070635,0.010908008180871977,0.02356904893819617,-0.00421665757952856,0.010710730991740644,0.01577758802192211,-0.001077524735708381,0.014520201472494831,0.0033809493317833853,-0.010043360634473586,0.00478010513856445,0.02616487541242203,-0.0007626324982988072
-0.004819330338514223,-0.014298721967012125,0.028973471151098273,-0.033173041903495334,-0.011184831338996866,-0.022556376815224738,0.024572140284461003,-0.0028680412840211425,-0.009841903726107016,-0.027878332796049732,0.011047592109475498,-0.00630409424805258,0.012269548633184971,-0.0018336495963668371,-0.021764698864890276,-0.0038037538472385454,-0.01050462699780163,-0.0054825394099829285,-0.03452775401575619,-0.005826644753000418,0.0070265323012945686,0.0035058935527624907,-0.01266336597255933,-0.010144874844695787,-0.010744272237196768,0.031398682774208354,0.003143506769595233,0.009329786700971131
-0.012106358681761764,-0.012345717095830228,0.059533309522069325,-0.05758865597016453,-0.026940195030025427,0.004807705278168443,-0.014989226274704613,-0.017257936773515187,-0.016329353128737716,-0.016059583012045305,-0.006782150405307674,-0.023790638432728682,0.05633360547635498,-0.010716537685313459,-0.013830473468411649,-0.0003817932190730171,-0.007665417151584991,-0.004777611695535698,0.029352283552971342,-0.012454200108188087,-0.00550859124697481,-0.014780943698759447,-0.00387604433940679,0.006588539689083092,0.021721930812561248,-0.025830187603609944,-0.00522280728082111,-0.009243546384840044
-0.02423748772311512,0.0015625127673669287,0.0182232889859374,-0.020987991695233275,-0.018995197850333986,-0.05550241191270392,0.07391308160732353,-0.022682936188890383,-0.02002887507144224,-0.01078429357798182,-0.0257967157951509,-0.003249305914377168,0.18983353151010687,0.005571132468970727,-0.007926880504825528,-0.005347568942838362,-0.01163544069588046,-0.033234879934940675,-0.017043599394937683,-0.0170623768353671,-0.014770980848806197,-0.0051827542350170105,-0.006390393570878624,-0.029090917069021525,-0.0018148819654475172,-0.016098567015243113,-0.020650963934838142,0.013564543668869023
0.011163646724394028,0.013416576819627905,-0.04399696078410685,0.04112570739385288,0.025717718474425645,0.026849041601865613,-0.04696362163805925,0.02370862823634157,0.015098550471268025,0.02150857868014308,0.01323992368581318,0.008964868349316892,-0.03387802928096729,0.012311379558980684,0.02151213020085904,0.024577486684182068,0.013734419265731596,0.010313288417156756,0.022007288569796158,0.02166040008231069,0.015742106325622174,0.002467804154817154,0.014391235701125887,0.016292171892086614,0.0,0.018286718898663738,0.01215143964370781,0.0127119150350214
0.0019322166366115441,-0.011391631070507096,0.003120041792904225,-0.0033618429868149608,0.003097581970489827,-0.002219984926556188,0.007221720024119703,-0.0019504456656618894,0.004716015236511222,0.01009523707146668,0.02075318321001065,0.010500805994494062,0.04365151505826298,0.006384896449046219,0.009025295427328344,0.003748189627800768,0.008612987392731657,0.011720177701101559,0.0026101305212459396,0.0024377669721396874,0.008118037926314747,0.003008672950749944,0.006748290705666458,0.00902886265150177,0.03146563890665539,0.022684305289421853,-0.0010592578057196332,0.0033472080039574172
-0.03388438662688754,-0.02865152940888688,0.08631427963850016,-0.08643706418599913,-0.020890004462860257,-0.05735470325491505,0.060733829616065875,-0.01392273649367795,-0.02022019614050829,-0.0346373605689839,-0.03313249710702875,-0.027977696195122647,0.07636641675175107,-0.016616345833121996,-0.04293393877234369,-0.013218848606507395,-0.02485052115135524,0.0,-0.020175637870860925,-0.019896794483157825,-0.02122988639946894,-0.013635094904005472,-0.026032778806497216,-0.029948851040805163,-0.03036189653931941,-0.03696850644490233,-0.020855391721824785,-0.00500410497313137
0.02338182334534701,0.0012824209829449115,-0.05583407013098286,0.06615390668614281,0.02300553726286364,0.04196158242619532,-0.046918460318244266,0.001238487903503412,0.030035032277020927,0.01907885684770329,0.010903352716281522,0.016447452334586787,-0.01887661228713685,0.005222762043155679,0.013707132476377138,0.004692306290681154,0.014103005858228582,0.0,0.019926890670512475,0.01296987713174118,0.012341109794057536,0.019906037606896743,0.011203606112451222,0.01920184427613756,0.01061067003042212,0.023992275104907517,0.004693100018241171,0.017183552883873538
0.051994341573217535,0.022414367011439097,-0.08036381353560243,0.08513702839546697,0.026478034938779198,0.05612893805872428,-0.043387587441702465,0.03258843268134464,0.030173583204958082,0.023460691179034758,0.03821585546354035,0.03585101184289896,-0.07367428783079731,0.010085493978730356,0.031960747383264945,0.008286279634875566,0.014197907313854313,0.0037369272502242533,-0.005963030854110747,0.025051077644962654,0.028075389804220183,0.012198426113892423,0.012029076350070162,0.020132997908495646,-0.00770921439060205,0.02436749089095868,0.023715434333287568,-0.0028842306135090762
-0.03400634886926675,-0.002192256631879838,0.024732036280984856,-0.03936167799810632,-0.04204945377817433,-0.021925716024686702,0.012647116913096557,0.0,-0.015312380418664647,0.0014237312247747525,-0.027922556609765187,0.003940141292453815,0.02355623100303951,-0.02481078241687609,-0.02561046138727096,-0.019051162087879967,-0.003475871392758443,0.020848851703120556,-0.0075384720481555,-0.0022810308496352297,0.0003592569157678972,-0.03401179017832872,-0.008758195594490445,-0.018359629658931283,-0.014428486332649381,-0.010979046480012623,0.0010530083671099677,-0.010165211387610307
-0.029977903252458006,-0.02699311129974231,0.0764475729543825,-0.07211278194231202,-0.0154789632558846,-0.039229969095031805,0.0538653258595185,-0.029235543555060774,-0.016610644582931402,-0.05231721797146847,-0.014170825135702702,-0.011773951812466451,-0.023014105419450627,-0.012096963472692884,0.02172346653918249,-0.01040714879471176,-0.02016003034435432,-0.028811092061165187,-0.057793941654642,-0.032187749555908834,-0.0016543627832642904,0.0001901908727107268,-0.030356497892859675,-0.02722442374189453,-0.03997740390305568,-0.005550367841130746,-0.0017221751678345922,-0.022459784755526742
-0.04508096474595167,-0.032903272239842456,0.12303078120402128,-0.10526321449487668,-0.047780983039887016,-0.08394633278631207,0.07563365955462349,-0.05652922437162489,-0.051033284318157575,-0.0429043645385662,-0.03146853874616505,-0.03891967438871933,-0.11094229989868283,-0.04813174802936749,-0.05729796814313232,-0.011188288454137356,-0.04800784348825903,-0.04618849768313762,-0.043112522192339936,0.0,-0.037117110695538726,-0.03838557907133504,-0.041623348109926205,-0.0394387632100708,-0.06080160075067057,-0.040930189037873564,-0.0504943251855085,-0.014178325957514797
