FMB,ITM,MEAR,MLN,MUB,MUNI,PRB,PVI,PZA,RVNU,SHM,SHYD,SMB,SMMU,SUB,TFI,VTEB
0.001561955528218709,0.001285977758641061,-0.0006988969961124232,-0.002580307811053084,0.0007344715643044497,0.0041575773198788656,0.01149878002327366,-0.00040120809763618273,0.003200416619206091,0.001585426382579703,0.0008231867871328267,-0.0032337251537868537,-0.0022881888776069485,0.0007954098932025388,-0.00018928877660342013,0.0016745886464738088,-0.00019998702392286528
-0.004093047470124106,-0.0005570347256033637,0.003158449506546717,-0.0006789221616545847,-0.0012071896489988859,-0.0017649566076355708,-0.0013326854010014114,0.0,-0.003987546120825659,-0.0004899869460957424,0.0003281843341699767,0.0052680624882570646,0.0009756466363419748,-0.0006951558114887987,-6.866201505198177e-05,-0.0010009738886058814,-0.0024220127047977504
0.0021527660679245136,0.00515011875902496,-0.0013952369596824544,0.005192372851779092,0.0028537864506169124,0.0018888343976335052,-0.0012208933323549305,0.0004013691301813527,-0.0004001985566034702,0.0075425631405820455,0.0008229690640027133,0.0004046730440712705,0.0022935428662861387,0.0013930170915969625,0.0014220239412881992,0.0029337368777699385,0.0028091362398465283
0.0007810129939123492,0.004270207553524678,0.00019980830508537016,0.003615548488698587,0.0013764152113016322,0.001884737558240272,0.000814429741851111,-0.0008019655837680943,0.0038170019417222436,0.006698331103804893,0.0008218851825562857,0.0016175895873123528,0.0005724330591473166,0.0005958302590038145,0.0015147895052060145,0.0016716987114140393,0.0020007548122716167
0.0055707145023902865,0.0055271219766943,-0.00079809948324887,0.005661368728633247,0.00513303496669793,0.0015052251493438565,0.0012215602592950472,0.0,0.005602257296150005,-0.002348528958217787,0.0008214457728238957,0.00040340898701151436,0.004002344219922792,0.0017875550750523974,0.0017957951622902344,0.007509116033945215,0.003993369612687077
0.005639837375948097,-0.0002101603396264168,-3.111234859415281e-07,-0.0012307673126064464,-0.0009737437495182305,0.004702176521086837,-0.002155873773400446,0.0,0.0,-0.00402234526512138,0.0016432118636791136,0.0019328382828991398,-0.0018779893671239387,0.0002989486534196959,0.00013877079774107483,-0.0005362089588401496,-0.0004766351580627153
-0.0029008949825378577,0.002966071639348737,0.00019969985700551277,0.004111358251340362,0.001280453927335155,0.0003744217408473208,0.0004077098068482541,0.0,0.0,0.018562507323614242,0.0004098193283498683,0.0032306308120232637,0.003426577265953776,0.0005948610173844809,0.0015103313469071824,0.002490782470255111,0.0011957852088404154
0.0031033301998223467,0.0,0.0017981841102711765,0.002047488139718954,0.0005483276433207468,0.0014983321845064195,-0.0008150026190161892,0.0,0.00393258993746738,-0.003102172084140857,-0.0008198153017913496,0.00080519024475783,-0.002276623645318717,0.0,0.0006598425144979857,-0.00041409524316184966,0.0007960390033951874
0.003193772447372753,0.0,-0.0017949564481075605,0.003063659661446334,0.0017350476979322226,0.0018696489357169308,0.0008156673900753468,0.0,0.0,-0.008557016807755785,0.0016408476928162724,0.002816076223887289,0.0011406705471942115,-0.0007925861581240867,9.411733910279416e-05,0.0008287130795354594,0.0027844104207153607
-0.0011594818321825585,-0.008027172722857967,-0.0013985323415062051,-0.005600519408495598,-0.007292225946819016,-0.009331838140486073,-0.004075013095080946,-0.000401161132918285,-0.004769417082460376,0.0007847032212840718,-0.002457090252446199,-0.0008022831445494527,-0.002278920619078545,-0.0033723887838030785,-0.001789604237600702,-0.007450605351456058,-0.006743196369453671
-0.00036691072588251953,0.0027581849426594755,-6.076270148649542e-05,0.0038860678542091054,0.004259502364250115,0.007626590911128123,0.004091644261227427,0.0,0.0011979793950391846,0.004618658771851114,-0.0004947755902069277,-0.0008075826132849256,0.0027419906683779282,0.002925364499876851,-0.0002350570514527082,0.0010723135371236672,0.0037299613001836015
0.003462765090795837,0.0068086935320672065,0.0,0.008696063558879061,0.00503910890512418,0.0014988330767501292,-0.0016312331032484284,0.0,0.00828309961027389,0.013301904869665707,0.0,-0.002417207128285121,-0.0022803823487742942,-0.0009925509835564165,-0.0009443343676252717,0.007095243492138762,0.003784806168721866
0.0043432150705102895,0.004226490090423895,0.0,0.00202837446177862,0.0023700915779667512,0.0018705744310943137,0.00040854880529788513,0.0008025622274874933,0.0027776704343688585,0.003088965488549293,0.00041104076330037673,-0.0016155836884314881,0.0,-0.00039802909680233285,0.0005668501610074914,0.002486443538188211,0.002580105964611696
0.0007693645937944813,0.0004207361984035855,0.0005203356107578495,0.0005060671218187128,-0.001182017228573259,0.0001864194214099569,-0.001225485001267441,-0.0008019186378792131,0.0035617559764114476,-0.0011545042704862428,0.0,0.008495250035028467,0.0017139419943316733,0.00039818758704796345,9.470704137947763e-05,0.0,0.00019773903267284143
0.004805965725023458,0.006535014940705725,0.0010414792055988067,0.010239083484904174,0.007079748781313706,0.005892455859139681,0.001513215274756797,0.0,0.006703241504796427,0.0023603964043753724,0.0016436372241068352,-0.00650290884614092,-0.0019402210195916601,0.0013717807169099086,0.0003903725910064152,0.006915926469784609,0.007762781921426629
-0.001339070361112322,0.0008374619597431511,-0.002400032595953444,0.0,0.0015403352245949176,0.002231457870042243,0.0004083500032461377,0.00040132212775772147,-0.005875239134741647,0.009633869872405056,-0.0024631930818609328,-0.0060729404718259505,-0.0005715447524498091,-0.0003974003793483888,-0.001039344650715693,0.002057069478681076,-0.0013756974101834045
-0.006513602853406645,0.0025101483889890712,0.001002305102197099,-0.0005020077000242526,-0.0014475620491277016,-0.0005567786903022966,0.0024499047741689426,0.0,0.0058609605435404255,0.003434999469241425,0.001234766121670094,0.005702715956948206,0.004007045572889713,0.001391256003502699,0.0009456664043357874,0.000820863997232666,0.0011807455379553122
0.009274091952997244,0.0004174679188155706,0.002425407949584458,0.0005022598383305076,0.004861322754915821,0.0018563306015185641,0.0,-0.000401161132918285,0.0007856680712245944,0.0,0.0012329868118898927,-0.006480420883501141,-0.0005701844769105747,-0.0021834810681982627,0.0019040194710738469,0.0,0.0042036540906273635
0.0042300890569226465,0.011912645617416005,-0.0005995924238082479,0.012788020440192165,0.005329466527106046,0.010862632035001664,0.0015517512769453053,0.0,0.009030371484023778,0.018229106532025603,0.0015619368683355984,0.005474722502902189,0.0021138462108390307,0.0035631382078547846,0.0021709004266610545,0.01229916503432621,0.007059951638141964
0.004748401496949402,0.00041286971209166787,0.0003199772438518879,0.0019885550849137366,0.0004490479447965363,-0.003489819281542361,0.004069936721985485,0.00040132212775772147,-0.001945429676740118,-0.007490838008924166,0.002050689166380913,0.002845714755947847,-0.0005695440776778233,0.001190260631963492,-0.0014128008521053462,-0.0020318386317374555,-0.0015579719336912738
-0.0009148890574701424,0.0004128991001879935,-0.0005200090778331439,-0.0004959348445158972,-0.00044884639124701746,0.0011059949593679003,-0.0028375000803637696,-0.00039919324999749563,0.0017659778159178664,0.007547374166195876,-0.00040927295893762605,0.002432059564412139,0.0017097843288323904,-0.0005947450459152206,0.001980649282745899,0.002443205537541253,0.0001951180084162363
0.0035285957890164306,0.0024763055437488487,0.0018013155816752233,0.002977683381352703,0.002335683153522353,0.0011043137041855246,0.0012200736822863465,0.00040140336555412505,0.0011707626918390356,-0.005243435144696143,0.0016379536836068705,0.006065486094235787,0.0011388604793808495,0.0007931601998251394,0.00047071312346618036,0.0008120600012228322,-0.000584553226250071
0.005333307694091319,0.002470343537999828,0.0013982580605791002,0.001979048101707001,0.0008069694124383883,-0.00036767856246834813,0.002435784914042998,0.0,0.0027290297359290863,0.007906404759858906,0.0028618006224785234,0.0008038292865075473,0.003410678736809228,0.0011885271739417278,0.00047027746068351153,0.0016234572674136312,0.004097326216300845
0.003600221358653072,0.004407355268677953,0.0010187017961218018,0.006740135499308957,0.003984050080530412,0.006450802204910867,0.005189576006744585,-0.0008026895984686717,0.0,0.0033256055829247195,0.001999120292993861,-0.002897259492641552,0.00040013923025037057,0.0009910870882302305,0.0011736131460320894,0.004969888996707132,0.002826269808188323
0.0032089027612879355,-0.00040963987368370985,0.0009969596179126255,-0.005410793544373651,-0.0016086631468243348,0.0027474366697067764,0.002419785804764277,0.00040382130993195343,0.00048367544935344717,-0.000373563504880114,0.0,0.0056545057664849204,0.0034016838349753067,0.0017806017039974735,9.388746892340036e-05,0.0,-0.001551975796579301
-0.0062099397359003045,-0.006557363782301747,-0.0013945059612196333,-0.003956304671216965,-0.00286496866149864,-0.007671116159395484,-0.0032182733087617174,-0.00040164862549460186,-0.006235457558342316,-0.007841536856061884,-0.0024417838270090852,0.0008029186736526285,-0.004519790043145198,-0.0017774367970079734,-0.00028207333288505685,-0.005246514782331452,-0.0036924717190497244
-0.002762218397767373,-0.0107260618312662,-0.002593451668772964,-0.008937449889495932,-0.006016388090066102,-0.005890288569992598,-0.0028250130979627502,0.0,-0.0050979525707794396,0.0,-0.0048959242222067715,0.00481566361091304,-0.0011355361548002535,-0.0017806017039974735,-0.0019739718548621287,-0.006896331246506945,-0.003900653022057372
0.0011419694909495437,0.002988175002454161,0.0022002893591911423,0.003506790771825708,0.0025365329034945853,0.0025283639814512268,0.0,0.0,0.005124074861391939,0.000565026041008556,0.0016795199370405114,-0.0007987785655281819,-0.0002310835908034237,0.00023429096823074488,-0.00047193505109167585,0.00013585764911495902,0.0017771237553212164
0.0019003617995708827,0.0037484695480214116,0.00019947258663033065,0.0054919981834015905,0.0025276125483811463,0.0012952578632764455,-0.0036419765507619732,0.0,0.0031371185788352327,0.003016554636311409,-0.0006143504942727472,0.0011987982152680792,-0.0017063749930490452,-0.0001981742007311717,0.000188865100750606,0.002453075374549715,0.0031318336506531287
-0.0018967572745033586,0.0,-0.0023944536735050607,-0.0019861180516031287,8.998380668827274e-05,-0.0018483285389998129,0.0016246336758838592,2.0515164501095658e-06,0.001971998583905941,0.00789495815170941,-0.00020481717221218872,0.0015969634711451187,-0.0011397453028440592,0.0015863519421649315,9.410778197972304e-05,0.0008156908404026303,0.0
0.006872516429622537,0.003318991400552425,0.0016000786808533713,0.008954855690678111,0.002881360863075641,0.002221913348040414,-0.0012167194261805618,0.0,0.005868195218426172,0.0014918810945739698,-0.0010249554604323103,-0.002391255771538727,0.0034224247422298413,-0.001385939872227452,-0.0011312136847002276,0.003260169776555329,0.00331689888848549
0.005429993179310787,0.009817657920938569,-0.0015975225191283311,0.007396974065030162,0.00864986704007043,0.008362018971150012,0.0,0.0,0.007001102549953136,0.012130882266455464,0.003406728689713083,0.0039950083999313254,0.003241951245669789,0.002955350667067008,0.00118391860926315,0.009924822303455445,0.006152486417979227
0.0006959543338514868,0.001231093069938582,0.0005001410561351732,0.0029367007187950755,0.000802519713729143,-0.00018336701958251002,0.0008120503084259753,0.0004017681573707208,0.0015453702378870752,0.002212928908793488,0.0012275549261926216,0.00039815462136275217,-0.0005674770908926568,0.0001976109640138171,0.0004718539167865213,0.0014098008861703807,0.0015482867773644064
-0.002820375940140634,0.0,0.00109938777575493,-0.000976229361397348,-0.001870458309782243,0.00018340064921294562,0.0028399960329734105,-0.0007436206059234601,0.00043201230663629736,-0.004784671418742553,-0.00040862674078579326,0.0019888509800095877,0.003405497187418893,-0.000989226314691367,0.0001884792136640413,-0.0012068875042680483,-0.0007731520089794157
0.004244163450589799,0.0024592463290807674,-0.00019942674166025803,0.0034194213250050448,0.0014277908179025696,0.0018357291647342602,0.00040416965638367486,0.00040174149272988066,0.0015463389947243202,0.002589016343902807,0.0,0.0007935883577087683,0.0,0.0017824161362739188,0.001036747017254266,0.002013895340151789,0.0023211273932246
0.0024653107457564983,0.000408460884285846,0.0005988957986648057,0.002434872530233175,0.0012476265738446564,0.0009162222420321096,0.0012132757372581946,-0.0004015801613164227,0.003087522833770109,0.008852756090726801,0.000613317974500231,-0.0007929590746190114,-0.0016967930828399173,0.000395286571798285,0.0007532469977884692,0.0012061974108327578,0.0011572609796465165
0.004110940137260749,0.00671489568039555,0.002077657104375743,0.008281914052260106,0.005624230163151154,0.004898715606162044,-0.0017370257846184658,0.0,0.0034629139411724978,0.00011423913010714773,0.0027021567490085963,-8.148819739530963e-05,0.002039812856967175,-0.0013443616296795774,0.001142179283476565,0.0076642785666611955,0.004073390959163975
-0.004486828477015459,-0.004066840698069553,-0.000398280058684164,-0.005311420935961778,-0.0031923757713912524,-0.003832828080263954,-0.002834058762074916,1.6048316679359242e-05,0.0006901591340592947,0.004763584534994303,-0.0012245047794108815,0.0011938842005624294,0.0,-0.0015844717461001231,-0.001316701778875973,-0.0033993633536591075,-0.0019218643497762398
0.004209113828074618,-0.0040831205659352734,0.00019948755834056647,0.0,-0.0016898198335852641,-0.004397425998380456,0.0004060402276968062,0.0,0.0007682811853776237,-0.0032821672661881678,-0.002247511873830417,0.0019861635243011854,-0.0016976873332517793,-0.0017845713004575813,-0.0013184474887139935,-0.003009564564270417,-0.002310702554004454
0.003298031430518153,0.0016402681431221845,-0.0009967850958104794,0.0033982455188358088,0.0015146820878988716,0.003864668381448807,0.0016233756685644178,0.0,0.003454946494408456,0.002927234424653902,0.0,0.002379112782760295,0.0011340500667994765,0.0045695994230552615,0.00028292803771881207,0.0014087001796063369,0.003667188344247569
0.002054539185692412,0.0059483203774245005,-0.0003803198820338109,0.010678711957457605,0.006910522156817725,0.0035498591030219046,-0.002108297582313452,0.0,0.005355963746455697,0.007671252588352263,0.003012345012557475,0.0010762093553268967,0.0009646541402455685,0.0001986307222978252,0.001682239233019893,0.007994476431920302,0.005796491882323427
0.006710052308400807,0.006930437260403106,0.0018580616997434702,0.003838891213440461,0.004514267004954125,0.0056732829732805325,0.0016256399517704462,0.0,0.0019023480183123485,0.006893917238116158,0.0016347199193975106,0.00316949153710764,0.0022646408348063404,-0.0013852579131291374,0.0012240599198056164,0.006391151007576442,0.003253616944944149
0.002222002197179445,0.004857846872561404,0.0009967822431873393,0.0062142576151189505,0.00229119212949641,0.0018198643609185843,0.0024336210584323245,0.000406537150210278,0.005626300501243694,0.0046845955280049294,0.001428061316152374,0.004344346122480351,0.0028247566953142496,0.004558008689702645,0.0017872884392684289,0.00257988471678509,0.0062950538097218635
-0.00035627199613437146,0.0008064138130669643,-0.0007965534651270213,0.0,0.0007912352152545738,-0.0003631789761530377,0.0016191032159988412,0.0,0.005301089331409607,0.0021520783157393973,0.0,0.0,-0.0005631728252762759,-0.0021698774001847228,-0.0015023523740322724,0.001979233301188641,-0.0013267577198178718
0.0012407189013742036,0.0033466387866950605,0.0008372983207162465,0.006136845188519235,0.003183304938435853,0.004495094072498753,-0.002141759260993169,-0.0004015307647562792,0.0018830782819671441,0.00634237098714904,2.0606198504780815e-05,0.0022442405622673475,0.0009034335037707734,0.0018416718811969644,0.0011719744891784635,0.003741475603546604,0.003173684135105467
-0.0004811794530599794,-0.006832294260368506,0.0005979935367601977,-0.006152476062300505,-0.005000738394088705,-0.0043504064010802075,0.0008102918881136577,0.0,-0.009022507512854577,-0.010334708011542008,0.00020411737951503384,-0.0007860570889160371,-0.0028188835319853164,-0.0015803232289593465,-0.0005641179207292031,-0.00749220744061432,-0.006631277170886215
-0.002701479109208239,0.0,0.0,-0.0047618764856337216,-0.0009700710624963504,-0.00018208173953243226,-0.0012145793210233426,3.2957874869711496e-05,-0.0005296314568945991,-0.002880983691231352,0.00020373833915900502,-0.0003937006865336823,0.0033919528087551225,0.0013846461882167512,0.0009407272156294344,-0.0011917832804338275,-0.0013349554171988472
0.00645362385661728,0.0032375890179347873,0.0004382706294585759,0.006219871806877821,0.003177378786007577,0.0038237099657677546,0.0012160563178802394,0.0,0.0022831148367208664,0.0072226660234824235,0.002649113011161885,0.0011808410452024928,0.0016904476995502269,0.0009878717037464827,0.001127230618936032,0.0043753190736002786,0.00553839627532945
-0.004101196257647533,-0.00484092579525839,-0.001035452975034083,-0.008083519787517642,-0.00475089274730265,-0.0038091449004508476,0.001214537470726248,0.0,-0.004176402650791122,-0.009680526173453394,-0.002235439005505872,-0.005110245754734873,-0.00281248317378211,-0.0031576781403805762,-0.0010323005739031614,-0.005544603735931025,-0.006078072728349285
0.003153620168535857,0.005839063413340562,0.0010962288101987877,0.006275619394350315,0.004791916997792432,0.0037691946018858,-0.0012939880488456262,0.0,0.003049832412228633,0.007445020266145416,0.0023831372189362845,0.0036318708655176096,0.002594487460025903,0.000651070845537941,0.001106072562059138,0.005276658607424743,0.005235091022820189
0.002773406167397928,0.0004034303364783254,0.0,0.0009551949956891377,0.000528619350042066,0.0009085558133126957,-0.0008104966706016142,0.00040151464968241903,-0.0034206239576447268,-0.0007203843516621104,0.00020355019972176505,0.0019724687630129807,-0.0011260753336754627,-0.0003956275613786377,0.00028168754956994747,0.00019827095831881705,0.0003805744923539915
-0.0001845289545856005,-0.0012107668734285938,-0.0010561068652274546,0.0009539738209147734,8.847418462626719e-05,0.0021791221033287127,-0.0008110703330304116,0.0016287165455159955,0.004313375008606149,0.0014414584969107665,0.0,0.0003934612757723076,0.0022546312030396736,0.0005940689007493901,-9.399512165320076e-05,0.00019833706346715464,0.0
0.00202985633604073,-0.0012121273731874429,-0.000359004550994759,-0.003812774076972433,-0.0029068469048778665,-0.004710783637655762,-0.001623038187804704,-0.0016041960913664173,-0.0011418751517935266,-0.0010797603269594009,-0.00345666444366654,-0.00275446721140421,-0.005062193200522469,0.0009899676339575024,-0.0023469558027239845,-0.0007933595552295678,-0.001712356262825661
-0.0005531407697488507,-0.0019086292541462086,-0.0007779268359007558,-0.0009573851801555069,-0.00034548833816912754,-0.0003189354069000195,0.00040629321143076765,-0.0004015088066712461,-0.0019056587621628976,-0.0005119061084144914,-0.0014284903139978975,-0.0011840763089069055,-0.00023016007284513032,-0.0009524648282583297,-0.00044390491419477415,-0.003572868257444121,-0.0016457125847205408
-0.00166077592001722,-0.0032482024273246717,-0.00039936848196556966,-0.003831293767111194,-0.00301010977940024,-0.0007299712090841625,-0.003250536652923527,0.00040167008074604193,-0.004963833532219434,-0.0061395451762593905,-0.0010215201915308614,-0.0015800836277203752,0.0,-0.00039609237327731657,-0.0014129470703225044,-0.0043821983346288345,-0.001911762419671968
-0.0007393417199503474,0.0020367476642444825,0.00019960933248500324,-0.0004804741024511245,0.0007103045458235874,0.0,0.001630400110832632,-0.00024524569799534533,0.0012115352022558244,-0.004360215137441528,-0.0006136614922857539,-0.00039595684211874983,-0.0011316709126297107,-0.0013878954416698412,0.00018886863965164518,0.0014004739506296533,0.0009579447565905908
-5.734772369896033e-05,-0.00040656893919715326,-0.0001995694965510123,0.0009616182575313973,0.0005325318771034358,0.0014606968395779493,0.0008142935273185841,0.00040160729913364207,0.00038407247141870296,0.005109325444531558,-0.0002048204810155023,-0.0003959421525641176,0.0005664765213168213,0.0,-0.0003772289940210824,0.0005993121616288112,-0.0009570279766584405
-0.002724946506596489,-0.00732011849447072,-0.0012184254305177091,-0.013455024067521552,-0.006829365035439394,-0.005287005886071776,-0.0040668527514832785,0.0,-0.00460813805624766,-0.010167095674821216,-0.0024565929054662216,-0.003564204457947568,-0.001698760554376792,0.0009926518848013051,-0.0009435692236641453,-0.0073882495504084215,-0.005364094156688449
-0.0024164576112638394,-0.003213310005616323,-0.0041639931513955605,-0.001497735666673525,-0.0032801958130321378,-0.002764291815719085,0.0015090166030208465,-0.000401446075459529,-0.006172948149220708,-0.003151570082837923,-0.0010082093531966977,-0.003354020831757501,-0.0019316231706926253,-0.0005547252499747291,-0.000496046615041887,-0.0026929570019009388,-0.003440544950463478
-0.0011179973696453878,0.0016468093431031108,0.004923960249824261,-0.0014668967279690508,0.001346246923089656,-0.00036835173563834765,-0.001223899586411083,0.0012478263369117483,0.0027490841317189003,-0.0036872183882364303,0.0010281683166255477,0.0031971788140109565,0.002274926547227169,0.0027800053881813103,0.0009456003343716547,-0.00040446086811100375,0.0015482037628230575
-0.0052375219047426655,-0.0020555458079306588,-0.0042001433675898795,-0.002938473268533489,-0.0016134632490929046,-0.0011050695830672863,0.001633950135805364,-0.0008027873458615441,0.0,-0.0040707643537503686,0.0002051509280591702,0.0,-0.001135145680061634,-0.0011881897539590884,9.424134275868631e-05,-0.0008083269101941857,-0.0017391209021976124
0.0013150959295237458,0.002471504796548553,0.0020085417731431627,-0.0009820067717550237,0.0008080020143030049,-0.0005529592591406976,-0.002854811367919929,0.0004015520993545247,0.0027164788936047553,0.006688839911394624,-0.0008213473710839981,-0.004382621828141214,-0.0011359067426857461,0.0,-9.423246216492043e-05,0.0016184552966782186,0.001742150712917225
-0.015762548319982615,-0.02407530061933788,0.0034675961182280943,-0.023613983138272995,-0.014849430842231216,-0.013419287683951278,0.0015513919972035455,0.0012050337619373985,-0.024380615844007084,-0.019160024530893282,-0.005429844429576212,-0.028925984426333068,-0.007061669026342186,-0.0057341275089711746,-0.003564911793475471,-0.016325944368335756,-0.01619293740047038
-0.011115724266920823,-0.01391826711680872,-0.002618496627719095,-0.026249058621397987,-0.011038136881976815,-0.009367049633617714,-0.003677831720714814,-0.0016044912158395214,-0.013883373807683685,-0.027903536737123882,-0.00413577443606686,-0.02354380045144631,-0.010321086034886792,0.001597112851952327,-0.004362500680298155,-0.012340466345506392,-0.010619192405854794
-0.010642255685515398,-0.012403391418851769,-0.0011825080307661994,-0.010886526342386377,-0.005811351400158668,-0.009644600464638492,-0.002461164377154637,0.00031705799060370885,-0.0007027530967512278,-0.007758049723192387,-0.002491628618602187,-0.0016921438511107356,-0.004055424413068448,-0.012154015432746171,0.0,-0.007288611958183005,-0.004969424593867336
-0.006166358889315118,-0.008662046923552113,0.0,-0.01729575298122514,-0.009278082948462284,-0.003818959924803749,-0.008223542532285109,0.0012052175550334345,-0.014527945842794219,-0.014464441935561219,-0.005828837743387845,0.0008473232671904496,-0.004654201514811288,-0.005445785729307622,-0.003715176077451747,-0.013845388404583542,-0.008389701472450087
0.008056690691893189,0.012384168804524049,0.0013261143383135705,0.022067670308148032,0.012567038447038941,0.011515328422830809,0.0056837819453742795,-0.0012037667542090962,0.013513480176102731,0.016410522999316127,0.003792549432597922,0.004524924886265228,0.0038058236851867024,0.003509424501362991,0.004380098575988364,0.011603900903380029,0.012750549244212407
-0.004093557912317625,-0.009943725414729451,-0.00020096145397303672,-0.004709466975062948,-0.005560073225539683,-0.007974168918756571,-0.0028879340825590373,0.0008034236986127612,-0.009292691979342871,-0.016425664445519083,0.0004172858247081282,0.0016898565975984384,-0.0011660783423648314,0.0030339044442399955,-0.000762211403402399,-0.00842618155488313,-0.006574758440648559
-0.002740520136642376,0.005676936301924596,-0.00040109446508266656,0.006308813218495842,0.004845843843252396,0.00669860024056021,0.001654960642923167,-0.0001366370855911857,0.009506650035162321,0.01669997259155737,-0.0012517226599890355,0.002530690176103852,0.0052508579588163426,-0.0014114752951983878,-0.00038135721746717635,0.006160983721605037,0.0046131088512246145
0.01011263363356763,0.006947564724145382,-0.0008836921616482221,0.011494805300703148,0.0045765249873955475,-0.0038021514230638463,-0.0008259215471176532,0.0016068012689685735,0.008100281400292092,0.006648377906795239,0.0016713138015769795,0.0008415094076634174,0.0011614614842267944,-0.002221341712316027,0.002514928565982652,0.0016891993701264227,0.004960343699413679
0.003320853223127289,0.006753297989486833,0.0011455101178174801,0.0022558806725172047,0.0015713255337115905,0.0068810637475981325,0.003639504584566447,-0.000802173165982164,0.007231993681656891,0.003150445461198293,0.0025061649045278844,0.0050134308998099715,0.005631769826092418,0.004450659054751234,0.00038061409579650315,0.00724325012870695,0.002984659616981573
0.008761712841441659,0.010300425890590385,0.0022683516460079408,0.012402816977919515,0.007476084387756655,0.00398792185654635,0.002473579860028152,-0.0008026943343249762,0.005185521065406212,0.01707434063857137,0.003333535813146719,0.009643640259365857,0.007501398346364933,0.008874657241128521,0.0028543698502896185,0.009241706549107009,0.0069429959145348545
-0.007334298185443517,-0.007646612485985144,-0.0007207671334477468,-0.007656828937382034,-0.007603610911441033,-0.006620282927570953,0.002055736200680135,0.0004352905893517808,-0.003869599228200626,-0.011827615816024577,-0.0006230214476518409,-0.0016612884934126251,-0.003436501438655077,-0.0045984065607932575,-0.0015179547827416028,-0.0074927498516253735,-0.007683042035103878
0.0009695771225788348,-0.0012840492288669616,-0.0017239159945982142,-0.0020576856790144025,-0.0001849223024688165,0.0,-0.0028726757853452627,0.0004018020062249269,-0.0023965563112294283,-0.0007721920723751853,0.0024931472101259373,-0.0037436616592573134,-0.0017240276430144047,0.0020083546250552926,0.00047483681113992765,-0.0008382924887818312,-0.0001985413277446298
0.001751979488373931,0.0,0.0028712164708823338,0.0,-0.0009233105935480573,0.0007618935551418106,0.002880951825894255,0.0012046352849274349,0.002402313591027557,-0.001159347818912616,-0.0008289324888981717,-0.003757863735895815,-0.0017270644334829875,-0.0012025059195631255,-0.0006644638314382994,-0.001469088233519508,-0.0011913177559106905
0.00213753818239663,0.0049344914027962036,-0.00047899704420953045,0.006770154840511065,0.004128544747908136,0.006766318876755881,0.000862702969448824,-0.0004014027340777104,0.0011979575603710561,0.004820581524976662,0.0030919662840166945,0.006759448096457216,0.00675090434824827,0.009517829829817118,0.0025859719133082336,0.005197126883436091,0.003242400887720889
-0.0011634020056280627,-0.003418742828966146,0.0030870614429159386,-0.0046200065316597495,-0.0013829510832868755,-0.003976391027455342,-0.0016413206051738756,-0.001203423586079651,-0.004786480954729385,-0.004244164269005161,-0.0002069893569475326,-0.004173625911216194,-0.0017203421208224427,-0.004975028629258289,0.0006638624521085588,-0.0027228567870714033,0.0001987991540844386
0.002911954299809473,0.0064323408340166924,-0.0008596817699317861,0.008251527952652429,0.005170825230596621,0.003992265837510837,0.004521179052775552,0.0003615808471920007,0.010162677660564823,0.005424320050529292,0.003105099723745441,0.0012577122233498382,0.0028718031161345872,0.004800010924350303,0.0019903342025455683,0.0050407138658588296,0.004166735044891564
-0.00522586097274335,-0.008095190028206344,-0.0008194343111106887,-0.010229860314050614,-0.007349062055271055,-0.004923084951275902,-0.0016367037317392178,0.0,-0.008751001357254954,-0.0050098172892815394,-0.00227017737657388,-0.003349014304802154,-0.0022910052369797275,-0.00179140791319598,-0.0016078730663161471,-0.008568191670349381,-0.007508518284536536
0.0013651077552421862,-0.0034148518726823283,0.0008795782011392533,-0.0012677693505036285,-0.0009139339543436457,0.00014020641195220524,0.0009025274183982752,0.0,-0.004815572844263285,-0.006035110993342914,-0.0014302969675362967,0.0034464401312173537,0.00028638251439818915,-0.0036504078481309314,8.399537399086024e-05,-0.0007987951028836707,-0.00035123966942161064
0.002921143288671013,0.003886006200830103,-0.0017813124485775687,0.002074824727084735,0.003434347910496374,0.00095370085688495,-0.001639467775337345,0.0016066270993117255,0.0016132883227871428,0.004685732831943877,0.00041476211232626737,0.0012589363177481954,-0.0034464290382182107,0.0,-0.0001898003752477717,0.0035933369716464798,0.0027926579938650584
0.003300739184381536,0.006451688662967012,0.002506033411731492,0.009834542933453892,0.0061973833343862755,0.006094969097169811,0.0,-0.00048117411880874237,0.009043227727143688,0.0050522918783242185,0.0026941009630894555,0.001676351877479963,0.003458347989152289,0.0020036107440485553,0.001043429056366591,0.006950157301897695,0.005570094653385291
0.004459142915423203,0.0017093201325185266,0.0009801495506768152,0.0025625459937153373,0.0015626859474370414,0.0018928205485547489,0.00205262619196089,0.0,0.0011996827766803672,0.005413846865052577,0.0012402586394728013,0.004602475998267765,0.002297560218030502,0.0017997102043156715,0.00028408854883425283,0.0023007213580165564,0.001780251311767454
0.003282329716732008,0.0042664107687625475,-0.0013788515584373926,-0.0005114714892624921,0.0015606145602494784,0.002457045705688232,0.0012290445047717742,0.0,0.0043947572302510856,0.0026924494437679638,0.000825928054361663,-0.0020822601465998397,0.0,-0.0011975824177325753,0.0001894389582767647,0.0031304881320791717,0.0015795944283681998
0.001924741992354136,0.008776283844922428,0.002742361952945229,0.011332496552624326,0.0066869869133534725,0.0053874496754419,0.003523838443347161,-0.00040141003505455496,0.003182398463278854,0.00750113979055163,0.002457185224233332,0.005183475592540193,0.001606003898474946,0.0021391275944376647,0.002008638046862216,0.007237433885130816,0.00586716825170726
0.0024972809674883387,0.0021101648008630576,0.00019937492678563998,0.0,0.0010946988455225524,0.0013152595212852119,0.0,0.00016046483578019164,0.004325882988051031,0.003434005704487705,0.0,0.007077543864097162,0.001145398849228444,0.005590109752084833,0.0007565976300084194,0.002483066141724423,0.0015704067934755564
0.0007631062941139196,-0.004632133405618214,-0.0012377033313729915,-0.006084970553153464,-0.0039176586237909825,-0.0015009843677801038,0.0008163778971951119,0.0004015068020527749,-0.008709223247825401,-0.0038022090039235017,-0.00041201372628868065,-0.001240283601540583,0.0005723090002563543,-0.004169136868922693,-0.0012282994950136164,-0.005160280878264531,-0.0037237580569064047
0.001151184867093694,-0.0004226484059723485,0.00023992984562192911,-0.003571374178259505,-0.001097591396178392,-0.002442426985995836,-0.0036705363069526454,0.0,0.003594141392181275,-0.004580259043133746,0.0006181906813843705,-0.0008278090975713557,0.0,-0.0005978279557437543,0.00037830313867854535,-0.0004149316364650786,-0.0011806055537985527
0.002682942264892197,0.003984521393637691,-0.0007199042744298336,0.008101258304038619,0.004796122412916663,0.004618702425271427,0.0021680405704298357,0.0,0.003581523364317033,0.007137180830613808,0.0012988512876817768,0.0021573946315203573,0.0026899486604419444,0.004931845361275773,0.002167726800950342,0.004573991195179952,0.004891121788485792
0.006307233917089684,0.008023700391260323,0.002481760269945125,0.007637361051271678,0.0058436344203498525,0.0037574829457067594,0.00245306116233448,-0.0004013456590406957,0.0035683628461588845,0.0061046082858891475,0.0022637050116404017,0.0066307226548980155,0.0011414808705472455,0.0015898402136808546,0.0006610209542491379,0.00807304663237107,0.006479532781331603
9.52291436302272e-05,0.0037704276787553564,-0.0013177276002291824,0.004042589547013107,0.002723319145165544,0.0020585722749807715,0.0,0.0005623958751525376,0.008606084383290242,0.003413002083937093,0.00041086578040999667,0.0008236266433404077,0.0005700311038964335,-0.0017854798671037386,0.0006607969586964824,0.0026692000476437262,0.002536074638606519
0.009422138252606236,0.0062606231510762425,0.0012994190441437032,0.005536093458456135,0.0028063691760185873,0.003922580002225679,0.005301464619364972,0.000803134629060454,0.0062844494011590245,0.00944812355687931,0.0008208253331634021,0.000822599374709095,0.0011396469132163801,0.00019851768256472956,9.418680489229272e-05,0.003686258487140032,0.003308029974611702
0.0001886625472051708,0.0014989389381309481,0.000640556637119073,0.0015077269214674414,0.0007775892391984262,-0.001357289230896004,-0.0010145394847429516,0.0,-0.0007805778698877179,0.0013156260301183894,0.0008205520311886282,0.001440406220655285,0.0005113917423334273,-0.00045852634171357997,0.0004905849352880119,0.0019828006946213074,-7.663963757139925e-05
0.0,-0.0008299072571559782,2.015177687566468e-05,0.0010021375722046083,0.00045174978695796395,0.002053428775106809,0.0020324313963252763,-0.0008024901214544348,-0.0015624994181742975,0.0026227016270723713,-0.002051149270498821,0.00205740968437848,-0.002277639882477637,0.0001990627724983713,-0.0008491263569068715,0.0,0.0009713827147738216
-0.0018850640038117566,0.0,0.0,0.0005002232619952588,0.0009936935756070166,0.001676645905539208,-0.004462404549400385,0.0008031755135356059,0.0037554941926525713,0.0011211647480537405,0.000411035094262648,-0.001232128739881232,0.0011416540379320275,0.00039779963684128284,0.0001888679914873853,0.0006119838592451432,0.0007764248077448858
-0.0011428494033941634,-0.006644404765698925,-0.001597426194836424,-0.006002956478010286,-0.006226769195762366,-0.0055792110731132365,-0.0024450479299821565,0.0012045521662881107,-0.005861705851562306,-0.007839049337129127,-0.0036976274071799094,-0.001644705326568631,-0.003991056961192821,-0.005171845752101406,-0.0016045241079978884,-0.007339484991298419,-0.004654813449040446
-0.0011364455001161818,-0.0020902827543995564,0.00019968238706169635,-0.005032639192896671,-0.0024519303901497213,-0.0014962900324392346,0.002859519733508457,-0.0004013335404468992,-0.0027515640672700183,-0.0015049175348088046,-0.0002059946842250396,-0.0008235983680530014,-0.0005721670182437872,0.002399429436091003,-0.0003779909831979533,-0.0034914412809964874,-0.0033126550619231804
0.004552105006710167,0.00465466924912827,0.0011610232910740676,0.007035596420061786,0.006580538300464428,0.005045617759098882,-0.0015466247162996712,0.0004014946737257762,0.0027591560619460594,0.003281947640195633,0.00409020598510466,0.0015270586106914215,0.002750948748977704,0.004556202126255019,0.002072403850234395,0.00554798598211983,0.0052232864240914145
0.001699634889367781,0.0062657108264561135,0.001119671775432215,0.008056448392145468,0.005165209374713495,0.0035478846547747703,0.002041774666178154,-0.0010826947433670343,0.010877064524362087,0.009409171051757243,0.0028808148773584595,0.006603299483324825,0.0045740756299000535,0.0009940403525165633,0.0012277001653835044,0.008213439693316936,0.005844412932399143
0.0013216193366309352,0.00041494322437518464,-0.0005190550154120601,0.0,-0.0009918688393213344,-0.0013025527878375107,0.0016299161712681784,0.0004015642994266148,-0.0023390452161866308,-0.004474205393150883,0.0008206596046846773,0.0012300913444371114,0.0011385164467710765,0.0001987868693701163,0.0005661394009877005,-0.0012219888484871892,0.0
0.003207200239089548,0.0004150301070566234,-8.010552884970577e-05,-0.0014986134415296607,0.0005414409454187856,-0.0011176260031518814,0.0016272638675756445,-0.0004014031102678524,0.002344529175939823,0.002996025463499088,0.0,-0.003275982872713129,0.0,-0.001787435548726188,0.00028272632143204343,0.00101959118676061,0.0003875341080863169
0.0035725456063699828,0.005609729188597068,0.0024597213287626987,0.006520758460755072,0.005285752798630011,0.007976619427190959,0.00016651784887895246,0.0012047745917593304,0.0023393738607075504,0.003633227544490251,0.0036929616362567893,0.00448621616527065,0.003869806653073513,0.003746305809736631,0.0029805218159792307,0.0046335700710701255,0.00453775700547024
-0.0011428965617572187,-0.0008263959813827798,-0.00033912466909061386,0.0004982867331995953,-0.0011682557009589328,0.0,0.0,0.0004012442774752857,-0.00272248977708705,-0.0011186121697429696,-0.0006132812402819848,0.0004098296565301768,-0.0028346496930689857,-0.0009921686906378207,0.0,-0.001625302621305915,-0.0011582046889536167
-0.0014819343214056953,0.002067773839399473,0.0006385183986930234,0.002987969498123486,0.001619730586568415,0.0012978793438702713,-0.0004064721445341888,-0.0011627950603170722,0.003746568949978493,0.0041061189460047005,0.0,0.0008194962555049506,0.002274271042932765,0.0019861648601365977,-0.00018801836124926032,0.002441605423589364,0.0028989695131844146
0.006016193673790092,-0.0008255227782406751,-0.0004983774353805255,-0.002482408807132813,-0.0006290242720359162,-0.0018516796236993298,0.00325326588358541,0.00040150943704373484,0.0015581744175167374,-0.001858873961207124,-0.001431777049444788,0.002866621791925975,0.0,0.0011892468179746207,-0.0007525032716655572,-0.0018266489002631086,0.00019267264645314122
0.0032747337009756835,0.006823609557831152,0.001497450705943815,0.005526114347023311,0.005614916933624374,0.005832416836923075,-0.0010142716767494744,0.00040167479042595866,0.003500632323762905,0.00398974818429586,0.002478931221411016,0.006049937214832162,0.0010213408407519274,0.002218341915354971,0.0014216530846689328,0.006247713805578803,0.004397557976655001
-0.002517988540685885,-0.005754120076490375,0.0005981703456645832,-0.004466219638578772,-0.0038511340804726134,-0.0016631370176795615,0.0004061454965695906,0.0008024558821625276,-0.005038743821489387,-0.0029740850913664873,-0.002658535168437308,-0.0016275113304218545,-0.0028358594211948147,-0.0039558474035584065,-0.0013171687569584222,-0.004453544782760786,-0.0034589086491094933
-0.0016829225195728948,0.00041325566329071235,-0.0013948624469080587,-0.0009968528529077471,-0.0003595893612327122,-0.00296195061208103,0.0,0.0008020162791164803,-0.002726856409623453,-0.0007458270053793409,-0.0004102777929102922,-0.00040726269141786803,0.000568354130492138,0.0037730590564014274,-0.00028261996130360655,-0.000610019264577092,-0.0009639075073192096
-0.0008840205996940873,-0.0061982229188509,0.0003990713049382533,-0.003493147048910693,-0.0028779928333619873,-0.0011139754773871746,-0.0020300275426076487,-0.001202080711983101,0.00018889463751898966,-0.0007461492614985778,-0.0030766799885777853,-0.002853757249930573,-0.0034105729448396047,-0.0019784268318040602,-0.0016016996477393214,-0.004883006196868913,-0.0028950925748810977
-0.0003569996395426047,-0.0008317966620441969,-0.0009971782528464736,-0.0010013454068480382,-0.0015333413780813955,-0.0024164054627844275,-0.0024408386258782827,0.00040118940956206746,-0.00039163298558677684,0.0,-0.001028661975552064,-0.002044133551147226,0.0005702087303695258,-0.00218035105633042,-0.0008491806627209576,-0.0006132169910516848,-0.00019366418249649255
0.0035520823007254548,0.007252665775564527,0.0012577967888059267,0.011955668823224751,0.004965750598790242,0.003299700024088516,0.0038347877000336358,0.0,0.008225584881158616,0.009953622329595038,0.0023695395656216068,0.00586811747034832,0.0021692689006057105,0.0034978121549943657,0.001407874183387693,0.007110478026567434,0.0045765762187082145
-0.0005618532031308566,0.0012418832058576027,-0.00039905346688155123,-0.0009926895807401478,0.00045043751713646964,0.0031633741590441377,-0.0008135260509592952,-0.0008023423848462809,-0.0011656479397844722,0.0011116146425284698,0.0,-0.003674945933446393,-0.0011388140510862205,-0.0019821599088079905,-0.0005663668881337655,0.0002034525569957778,-0.0003863174985431473
-0.0010791970445123776,-0.0041339558298016475,-0.00019952475680406974,-0.0014911902419788646,-0.0038705761197576727,-0.0027824731932414434,-0.0016279196764959715,0.0008029866550741128,-0.00816795687272455,-0.007031931806545585,-0.0020567578227192627,-0.00040987641016671336,-0.0017103434866983474,0.0009931299984812737,-0.0010390513931389947,-0.004882922301718061,-0.0030900361951008487
0.0027255112152242173,-0.4995848969525606,-0.0017975712233965235,0.0009956809369820133,0.0007226738374907957,0.000372115547505664,-0.0008153911277802079,0.00012098522573911736,0.007213347675859253,0.0007453919762876619,-0.0012364928698243296,-0.002049878499767652,-0.0011424160429587425,-0.0023808616690284908,-0.001323669478457659,0.0014310980636817044,0.0005812365157056908
0.0015936255909985882,1.0027004530518884,0.001080288678163643,0.0059329606054247174,0.0018361985947965387,-0.0008575789686412264,-0.0006135421973676386,0.0,0.0007806724346465405,0.006233046353247493,-0.00204538828859305,0.0010186665947613867,-0.0006891677109003631,0.0011531397092828864,-0.0001805745158099595,0.0034795335296311358,0.0019390802257541926
0.0010667596945127583,-0.0008291487744430942,-0.0012003735975411938,0.0014867023054413206,-0.0007222596089714728,0.0018648934862453214,0.0004089874353192992,0.0004011430416497511,0.0011698504779122825,-0.002225503077977595,-0.001862519947880672,0.0024691371836970052,-0.0005726651277056882,-0.0003979798332105908,-0.001231813665541996,-0.002649867118715662,0.0
-0.005178820362088738,-0.005394175283067687,0.0006006422516055445,-0.005937722903543614,-0.004608839953714176,-0.004094660486497199,-0.004493688996518947,-0.0012032317648947607,-0.006233052803046783,0.0018587935516654454,-0.0026955381904710906,-0.0012313775447677837,-0.00401159657365107,-0.002586274752106485,-0.001897678576614572,-0.0040875159610624465,-0.0036771701703857897
0.0026828788071158443,-0.0012514629739712698,-0.0006002816970554276,0.0009958001876330788,-9.097998611472704e-05,-0.0003737917600490596,-0.0008205778351394298,0.0017672710618123254,0.005407556559455548,-0.006679295618924053,-0.0033263125106327337,-0.002466307139775701,-0.004027519266359892,0.00019941122892502768,-0.0018059019373672328,-0.00020502039962541277,0.0007770964509699213
0.004733311835782397,0.008539296398258747,-0.0014623603964350358,0.006889371580553031,0.005778723539053325,0.003883730128437625,0.0026709113925344075,-0.0004009605952280031,0.0046909599606297595,0.0159896596057082,0.0028185953073045925,0.006690994631763029,0.004511347216099131,0.0012227475313753087,0.0014103067447513806,0.004921328757066313,0.00038819639959113513
-0.00022455056352754652,-0.0012448830742454275,0.0010036219728387118,0.002970350788187621,0.0018089731329092847,0.0009329255184099061,0.0,0.0,0.0035021888781944697,-0.0033159193609445074,0.0010411283685946762,-0.0012308962007971864,0.0017273906053488675,0.0021939462023503847,0.0007613838285378631,0.003683209387885815,0.002328394813225277
-0.005796452059293746,-0.0058164525785400455,-0.00240666239510303,-0.004935923223541886,-0.006771287953570104,-0.00484695799796896,-0.003279933034282695,0.0008024465352021121,-0.008918263700285563,-0.007394049850920573,-0.004159737074586616,-0.0016435175157059408,-0.005747453279589468,-0.0037810268094294014,-0.003804158468104942,-0.008154854933742467,-0.0038715833257656437
0.006582600161239319,0.005850481627487947,0.002371941318602381,0.008432589272221331,0.0066355401604981275,0.0050580555764967745,-0.0008227235170698817,-0.0006415157697650432,0.01229309273420702,0.013766030224545676,0.0014810636107285115,-0.0045265448594617895,-0.003468170598093532,-0.0039953560341708435,0.0011456328386710032,0.008330940756936448,0.004275299836108222
-0.0014947311804428768,-0.0006157275749646606,-0.0001405678942929285,-0.0014188604850377865,-0.0023479436922978826,-9.500397989896855e-05,0.0018931467466873407,0.0012044338741285026,-0.001937303066619105,-0.004418295982829321,0.00041745271129206194,0.002266385028139405,0.003423552283435348,0.005016439689396278,0.0,-0.0016335601190512652,0.0003755623492059552
-0.003555269288137047,-0.0041648974213699215,0.0005220160883848107,-0.01234583356463918,-0.0038919352774174866,-0.003735347487879756,0.004524858646583139,-0.00040098142614331477,-0.005434783925679375,-0.004068024236067269,0.001460581031336704,-0.0012406065107085345,0.0034722586700613603,0.0005995615589705575,0.0008581491076164987,-0.0034773297921985,-0.004650441881783361
0.0005634318222606143,-0.00041827685311030677,-0.0005819787559958943,0.0024999797404238627,-9.095989084059612e-05,0.00112488343327726,-0.0032758654540401893,0.0012033454378703224,-0.00039028535052910014,-0.0007425883415287527,0.001041717269019382,0.005382811570927928,-0.0005766877121736044,0.0005986500778213768,0.0005716412347695293,-0.0024630513735503304,0.0011680574377638095
-0.0037538832059972093,-0.004602345984503368,-0.00030087981046740786,-0.005485980849796904,-0.002635342674974127,-0.0013109055658787905,0.0036974453375301967,-0.002003260073673995,-0.005857256598675841,-0.0022298449312596396,0.0006243968869625028,-0.0008235790369832245,0.0,-0.0013967366865792346,0.0004761957840545113,-0.0018518921444918765,-0.003499703088606255
-0.006560814904778277,-0.014291652720506504,0.0006023296891462782,-0.017051479358169305,-0.009658241106690122,-0.009000677417525449,-0.007368024202490161,0.002047276921308688,-0.006866889407590796,-0.016759819953265826,-0.0029121538824560802,-0.009068294464497736,-0.003462122836739192,-0.005395699762201022,-0.0016180448723686065,-0.01195614282137642,-0.010341470398423229
0.0015203734081543966,0.0010908712239978944,0.0005030066029999481,0.008817527682787941,0.0012034003865758096,0.0011311203706619052,0.008083723560127626,0.0,-0.0003967291610413601,0.002972494379728361,0.0006460925102777617,0.005658747019856041,0.0011574011926630242,3.782619017903972e-05,-0.00020162432283942516,0.0026211193907569354,0.002534664350610636
-0.0018026376981524696,-0.001707270166764257,0.0009238963466045263,-0.0035496946745542093,9.19873384683732e-05,-0.0013255956237066258,-0.006961614949760484,-0.00040092867176526965,-0.0015866820624538989,-0.003028141753920262,0.0010434728269996883,0.0008296589277010737,-0.002316193029483863,-0.00020120384808246152,0.0003819103479081141,-0.0025015208516726856,0.00019693954886608968
-0.0017109494380776252,0.002992667598601493,-0.0006018854391837134,0.002035547465347252,-9.197887757622964e-05,0.00227549958055983,0.0008248883473870142,-0.0012040003552227245,-0.003575429865624551,-0.0041762333178663215,0.00020834980171790602,0.006216230484162428,0.0017411629070741186,0.002414479234834072,-0.000286340404265309,0.0008360102194363625,-0.00019690077131701508
0.0015051554273707946,-0.0008524340652611335,-0.00040144410306864725,-0.006602327204433904,-0.0022096533006523943,-0.003405891175475777,0.007004389354203038,0.0018088696657133163,0.001389683013498968,0.0038125371144906773,-0.0012504743920712387,-0.005353977760025439,-0.002896933528278513,-0.0020070622125835987,-9.545147542549122e-05,-0.0016703015397941108,-0.001772962888798145
0.0005526108732288521,0.0005128876729084362,0.0008656253286127661,0.004971160530592689,0.0015212094353435214,0.0009857334180716957,-0.004337729005792003,0.002008100020814497,-0.0003991751564554114,-0.004221763624040593,8.242076865829301e-05,0.005803103324405088,0.003953544915734804,0.0033001119227074943,0.00143201566443437,-0.0009835741947469944,0.0014423532424924315
-0.002094972149304675,0.0012814961526193074,-0.0015670066305441272,0.0005098856028188496,0.0016615865094999876,0.0028510631417569725,-0.0020567330542775393,-0.0024049313198027103,0.003993386943615759,-0.0003822811652684882,-0.000417609423761117,-0.0016506413397786538,-0.0028970311807436084,-0.00040133147715990447,-0.0013355265664636625,0.0031466245761150266,0.00039486232710956887
0.001717709513664649,0.0025596245131279923,0.0015694659941633948,-0.0010194622455196641,0.0006452245599396942,-0.0005684391047566626,0.004122027593716985,0.0,-0.0035797570277485984,0.003441609100664587,-0.0014627532260142971,-0.0008270060575532201,-0.0023240869095185785,-0.0004016362188102751,0.00038201021626008597,0.0,0.0007892710078038572
0.004069940013211694,0.001276653915624726,-0.0016070547847716302,0.01428582353110245,0.003223530348713476,0.0011378963459787368,0.0004103438168255442,-0.0013668209965755735,0.006674831694433146,0.005335304820684303,0.0006277639705286495,0.0016550386267726767,0.0029118612852315107,-0.001205146498293084,0.0013366562686819435,0.004391615037499632,0.001971408638352724
0.0026620823984778753,-0.004249789241382227,-0.00040253830187041617,-0.0060363593783359865,-0.0035803507115534533,-0.0020838275237697336,-0.006975859796010135,0.0016102615120874644,-0.0007950679600253563,-0.003032509978521816,-0.001672958679191454,0.0,-0.0011611620264763995,0.0006031872964161705,-0.0023836674539016627,-0.004580446094095204,-0.002557918196441958
-0.0005688912717067934,0.004994984961891131,0.002236134803351274,0.003180576720166291,0.0012669959187250376,0.0015174478613388886,0.00197776192154076,0.0016077133825352107,0.0027854655474909306,0.003461003088459214,-0.0005674354948963726,0.0019052914118787788,0.001162630122707716,0.0012889222143462422,0.0006675484955077233,0.004119455932001591,0.0024262788366926236
-0.004478076571074335,-0.004680986120133007,0.0,-0.003540626891931543,-0.002765844242616778,-0.00246914714208419,0.0020645596344154027,-0.0016051327890694775,-0.0035713824882810186,-0.004937195365999363,-0.0010490641700124017,0.0008266286273305702,-0.004651024647867997,-0.0026131051921126306,-0.0017207434827939305,-0.0039648341618724065,-0.002760244383332592
-0.0028899774348765056,-0.002992609782773077,0.0014074404874442113,-0.00913719301528731,-0.0024036746600453033,-0.0015231699504280102,0.0016480775752037735,0.0008038973352504193,-0.008761569119508903,-0.0015266836083903564,-0.0006299289488330925,0.00041325000133206205,-0.0023366161718777834,0.0,-0.0001913686846339022,-0.0031427096302380497,-0.0021747663305961558
0.0072796795698899346,0.004717117292965725,-0.0012648488262491284,0.009221451194734652,0.0031507202816041468,0.0032417620592287057,0.0,0.0005233176683228447,0.009926517336827268,0.001146753597051038,0.0012609720354568846,0.0016512519988224096,0.003512776329514871,0.00241842775031663,-9.585836582915849e-05,0.005464341502107395,0.003368266865428143
0.0,0.004967201035122578,0.001991303966672017,0.0070939600392109625,0.0045220324025256105,0.0015811145562908589,-0.0021373478146121767,-0.00040188251984761314,0.0015955530498391267,0.004603099684506827,0.0020590358217558113,0.0063275387008920785,0.0035090717334707953,0.0011716380870383162,0.00255058308009862,0.0014518038154649445,0.004217944042541923
-0.0030430451935697005,-0.005531878971135571,0.00040164002364137215,-0.005558370214019618,-0.0022114968986501307,0.00038028297505437233,0.0020636642254001974,0.0024116554698544296,-0.002787462303125965,-0.003047669988806126,-0.0010480921183025989,-0.0020534223748517343,0.0011641045541256909,-0.004222849530990542,-0.00019108228313962242,-0.0025094830313490963,-0.002363944217064489
0.0034336182510922627,0.006418433236220413,0.0007025216302471688,0.004573110353576567,0.005171324797218482,0.002661710637701718,-0.0012355400406556933,0.0,0.0035940682907511885,0.00534956943755515,0.001888545182265238,0.0045266213955110785,-0.0011627509904024492,0.0050484631556801845,0.0018171093750583805,0.0062893193717951405,0.005924086628672256
0.002156771730833513,0.0,-0.0007020284400829618,0.002023454827662215,-0.0013779986044224132,0.0,-0.0008248934340246048,0.0011240359582942877,0.0034405974605027077,-0.0011402504985002836,0.0012568055900537922,-0.0016384810372532506,0.0005819637070993192,-0.00020086602307916264,-0.0005727816730954336,-0.001250036312243147,-0.0015705547712385624
