Alternatives ETF List (35),Broad Asia ETF List (44),Commodity ETF List (125),Consumer Discretionary Equity ETF List (31),Consumer Staples Equity ETF List (26),Crude Oil ETF List (22),Currency ETF List (36),Developed Asia Pacific ETF List (108),Developed Markets ETF List 1 (100),Developed Markets ETF List 2 (100),Developed Markets ETF List 3 (93),Emerging Asia Pacific ETF List (114),Emerging Markets ETF List (79),Energy Equity ETF List (80),Financials Equity ETF List (51),Global ETF List (72),Gold ETF List (17),Healthcare Equity ETF List (49),Industrials Equity ETF List (37),Investment Grade Corporate ETF List (50),Junk ETF List (43),Materials Equity ETF List (62),Municipal Bond ETF List (29),Preferred Stock ETF List (12),Real Estate ETF List (48),Target Maturity Date Corporate Bond ETF List (24),Technology Equity ETF List (75),Telecom Equity ETF List (10),Total Bond Market ETF List (82),Treasuries ETF List (51),Utilities Equity ETF List (24),Volatility ETF List (18)
0.013110459550371694,0.03238827679170262,-0.014272372905669739,0.042124423384913956,0.015794732941533798,0.0027402829651785726,0.005406186325250828,0.04244442722385074,0.035290371199302575,0.0360396344540306,0.03425294734641736,0.02571882948308058,0.05015363611784536,0.027700853134918758,0.030259814502646643,0.029041146832070108,-0.006125582743434092,0.025246833922921996,0.04456600689296517,0.0032150123728703823,-0.004605933437095945,0.021724279652950856,0.003318125243818245,-0.0011892451339497797,0.0141329535170743,0.0006696191699859298,0.04169990547567252,0.03661956075144547,-0.000153781244370302,-0.003768235694584296,0.02462352417315358,-0.005188792098422948
0.0004962049687622669,-0.013429332768397629,-0.051969946765283215,0.006661706173911483,0.012884397189915945,0.007906870392203204,-0.0053209263911380535,-0.01290486084335957,0.0015611109520226982,0.00770455534781291,0.0034088978206637094,-0.014575055361765376,-0.033657387619620296,-0.0009498296444938589,0.004159173192747906,-0.011941759004942345,-0.022822849965103052,0.0205670917213448,0.007834230470694595,0.0009721854340824255,0.0018851529716150523,0.0072719241936811,0.002017667589334987,0.0007183489691165801,0.01269159276931411,0.006344551486524429,0.0015937760574180567,-0.004874403881046262,0.0014899411730658588,-0.00446272361024525,-0.008765430489675789,6.221495179892164e-05
-0.002010188760229144,-0.001126424766798348,0.07621018142602756,0.00020188482804765892,0.003165294421210428,-0.0494423228210284,0.012107841984890965,0.01884121868960893,0.004392170212757328,0.001899901487979962,-0.0006322006983404783,0.002252806919865757,0.0021045265569083517,0.004048433575549848,0.003508507517820689,-0.015215594327498558,0.033553300876447284,-0.0070294339247160996,-0.007493801855918235,-0.004045236201923503,-0.002571440165036547,-0.0041410427487650475,0.0006733985916691554,-0.009372508620736918,-0.022576405952397103,-0.008702041520805856,0.01126084539974188,-0.012344734824936334,-0.0019877491873901893,0.007314566236591389,-0.011267198322401098,-0.005358802833723864
-0.008059237213535412,-0.06006065593581097,-0.02472858798830043,-0.03358111714264852,-0.03163347438960295,-0.12040201911331361,-0.006167193956743505,-0.051171926764153365,-0.05041348785466008,-0.04172419423862728,-0.053936779913698496,-0.04806419223018131,-0.06648910232728508,-0.06089451891459552,-0.057182347589249984,-0.07070777773700813,-0.010713732178262906,-0.029852949580832882,-0.041817083932248325,0.00439736015455283,-0.03297638680020619,-0.05727678511468326,0.004154869905749733,-0.013762149732521278,-0.04515656594107296,0.0033272399846941817,-0.04038087176350941,-0.04310474497192275,-0.0010941509678526738,-0.012444158189272978,-0.02475095490640636,0.015022426340403133
-0.004245112695301674,-0.0015446852889636417,-0.011503518830796573,-0.004517320727939584,0.004216670090423552,-0.04466573128248449,-0.008016867159476703,0.018366892426684784,0.0043856772076173445,0.014009080872312816,-0.0012745258232162908,0.023904449635777036,0.024993862205918833,0.02397716591565512,-0.005455386122305854,0.005901601342244433,-0.01350025707527476,-0.0037808100824820376,-0.014492920446982735,-0.0030802105497887756,-0.0005985704358707873,-0.013160823298408003,-0.0009736380518118925,-0.003784484786079971,0.042946128226880646,-0.003931484247645026,-0.00528944614365398,0.007253574657205654,-0.002305399784960264,0.008623522699903565,0.032132138468673584,-0.011970132078695645
0.010618785417025992,0.022938742315439322,0.017933875430744296,0.013710677926008743,0.0326158374011212,0.05598974457166438,0.0022726821341408137,0.007622659269302262,0.023099510559313977,0.024763085238736052,0.023791648275323186,0.007841883025005884,0.015081588678294885,0.025960611105885333,0.03443395970038361,0.021241196277700297,0.011451067615018722,0.04329421520992445,0.03846123941250975,-0.002446082061075634,0.0071114203700647196,0.05059811714131769,0.0018098192727794588,0.014490883971890972,0.03322898178682669,-0.002186158766890572,0.019036339653733466,0.0207136621999886,-0.0028738216001761353,0.011165454716989289,0.030496659466984995,-0.004581334249916355
-0.004321337706648779,0.008087074794048733,0.005128998351537787,0.0018213458382251705,-0.00829040496379626,-0.02255650174253419,-0.0051134321850508785,0.019931898254923315,-0.0050770733945322295,-0.009614683690816368,0.001686096008771304,-0.0014556579700093328,-0.015512857584656283,-0.0033512008099578897,-0.0051549593640507155,0.0047185111312457815,-0.017458976625137575,-0.0039026097095609938,-0.008700959423539642,-0.0015508580890635898,0.00274575318798729,-0.023434276409100924,0.0007782584541060674,0.011836348357018448,-0.028713769820065883,-0.0009372006801476032,-0.0020811348044443446,-0.008247309056648073,3.385419261136254e-05,-0.0023974252150250836,0.0024512852757076035,-0.003988488960114931
-0.025294929671738204,-0.08088919397226378,-0.05301149103167404,-0.057374535913283745,-0.05076197804244401,-0.019977199845255127,-0.003660390443277051,-0.0816665857632817,-0.07818821217708036,-0.06678595757472632,-0.07108034934322517,-0.06735965214561825,-0.08194720180552484,-0.07244737915694813,-0.07301848284143006,-0.08289849312100775,0.05079872657026885,-0.07246697613706085,-0.058275795441359135,0.006363731990859626,-0.00023847294907941054,-0.07928347580567316,0.006673517200955409,-0.013218701670449659,-0.010863763994292477,0.007405970167960088,-0.07245574332248209,-0.059129202965521786,-0.0004401185435898839,-0.019164419004300905,-0.013645897327502493,0.010436618840977307
-0.010028071813411709,-0.045291671686835934,-0.06463859736045172,-0.030089142327226932,-0.02453695500359753,-0.130778378372366,-0.002233347299729077,-0.031071672536733257,-0.03950707623132278,-0.04791803446283258,-0.03769035465110911,-0.02405707817125912,-0.040506033291060284,-0.056482284838551645,-0.03760509784786928,-0.04496681642584774,-0.01805822813416405,-0.030197212015130936,-0.02801659314181466,-0.003813890571192598,-0.006728805245136195,-0.05659540010147649,-0.0005140735904104353,-0.027407494590647258,-0.13062726536114644,-0.0021131900149108994,-0.03678907816550914,-0.04355793034573631,-0.0014067094342182554,-0.026903512497710936,-0.0005625168155316585,0.005353331923479056
0.00471627169048462,0.026941010619975427,0.03380583548386584,0.02345804336738947,0.01810946519483281,0.04882275810585121,-0.0031341036359882933,0.035889803121999846,0.020165937661625007,0.018433309542710618,-0.017507715034893796,0.011451775877424375,0.0294666930938413,0.02864378347008531,-0.0033530846634268656,0.020415205569492743,0.01017204388119114,0.013850781571402137,0.004649887414808829,-0.004145417559907027,-0.022127179790837326,0.005034921206510943,0.0004952811333077277,0.008252618087974803,0.022482129512475142,-0.005178709588673127,0.015299388471977477,0.035278750289365064,-0.00280363419138775,-0.0033938720336586896,0.015502202674211898,-0.004676400699702032
0.005090869582659778,0.014023346492259586,0.045115987311139256,0.009804008086896474,0.02445724076259532,0.05189846522136691,0.00634986876064011,0.02623818768164741,0.009127840451154176,0.009787818400038312,0.028057240011235624,0.012837589647606746,0.03720056179088071,0.02741376669910924,0.020327174963222266,0.03522041454849178,0.021681310763686568,-0.02160203017294513,0.016608925076268523,0.003560972404994264,0.04785312116086544,0.0396768553328682,0.001358147797786881,0.008132579705128398,0.053465454227714745,0.006083106419522132,0.0025785013625059965,0.025117828271847144,0.005183658451312942,-0.020637854028148578,0.04746690114793372,-0.0056998328053148185
-0.003704455678735014,-0.0029084788132119526,-0.007645420194234857,-0.0535882725849392,-0.03183393594237237,-0.06342093370198916,0.017183336690355093,-0.014882311767190631,-0.024885441470524135,-0.030922074286133173,-0.04309432612035639,-0.017690967959936375,-0.011469274241745792,-0.01624102926455905,-0.033330276765101384,-0.012598782824586752,0.06207871930428758,-0.04165735047658803,-0.020700045519588234,-0.0033500190657060405,-0.0388638903319605,0.011996206336240725,0.001538699066787818,-0.004343409631205078,0.0004018798948543467,-0.0027448364087131034,-0.059894718404654136,-0.01569854497775755,-0.0005329748572500414,-0.016491310258744972,0.025578598926442597,0.0007244580713934607
-0.0059553950798135,-0.022275130697739627,0.028185764083546568,-0.0028969250346433566,-0.00220386990793858,-0.04947687680282619,-0.005069796520786031,-0.024192246734476962,-0.032457496561861504,-0.03156313190193284,-0.045291407289386874,-0.028334978674264814,-0.028776883631214355,-0.03721276323762073,-0.02326315056869257,-0.029187049970863722,0.06249777532775267,-0.020829190489610128,-0.016374245187684648,0.0018414435790843388,0.021172960274623738,-0.018153860759540303,0.002410917633622802,-0.03359548399159731,-0.060831595202222775,0.0007865307643627946,-0.011789173815676044,-0.014929923700776792,0.0004218948169931121,-0.025085107496381393,-0.02004443038703211,0.008393920619587849
0.019324525546057767,0.035764551433007136,0.013553564570056931,0.04013679487102994,0.032744924432807895,0.019058093625218875,-0.0031057997823990243,0.039356192769741234,0.05070743749435965,0.050592972943654814,0.05811713359454166,0.028374920880675242,0.04453372839539359,0.04814078264295094,0.03068378956892004,0.047975447723327465,-0.001503964179019033,0.04451094637852221,0.03813613013804913,0.0038205635695592135,0.008485326082728293,0.028201740267702873,0.0006450587110616935,0.027853565272555093,0.07021027725232705,0.00044012363565163945,0.05363136811136619,0.039287548875450225,0.004483798228774365,0.005621026385896505,0.014808503275428367,-0.0024108018336460478
0.009078923136110775,0.008750559010824112,-0.002237080287611409,0.02988511467054038,0.019541750358930285,0.030807023521059233,0.002383738932391446,0.009348498603839892,0.020718447919635494,0.027582284143988313,0.017562139019227638,-0.007815939371047416,0.0003025393883796544,0.02578298390915758,0.020017084091364344,0.01562978372026059,-0.009893849887243542,0.03821297376814205,0.027597700527154413,0.004611311935862854,0.009815673330979767,0.02465102476608167,-0.004661473990508647,0.0023645888711683835,0.04627979819352161,0.00600916814387714,0.0285362310637347,0.01857435282796747,0.0014773743043885036,0.0010394752998640713,-0.0023015882725330164,-0.0042458780661748215
0.010233439082831391,0.08677926747771274,0.12231566235110665,0.023403530443385875,0.01864368617331943,0.0924491755661654,0.01608397593530083,0.0685607040980464,0.05137679379092282,0.05659043018611659,0.05471817135479571,0.07655509690583638,0.10777950725945859,0.06629076779280821,0.04313568712667018,0.11394285131753694,0.03576178124370622,0.011625749686472444,0.03012974516480374,0.00024269145819214304,0.013010025259978006,0.09685239440208271,-0.005322045438849002,0.012120003082500722,0.039302285635326895,-0.001946431325015913,0.03340442138310247,0.046322807788677714,0.001791631684541559,0.044315052754149306,0.025591843798989922,-0.005559163657453989
0.0037234073964676332,0.00892699192999278,0.0025953037750286174,0.009524159948976185,0.014761194209800418,0.04731578370315371,0.012961278826408237,0.018933621008091525,0.015607705987156311,0.004859480332753531,0.015589690273735874,0.000889772826302659,0.019592844188876975,0.02044817103331644,0.011297325551483915,0.0185594814131799,-0.005163322826967141,0.020763802712372652,0.0020518889133108067,0.014182938144793333,0.012622981890579551,0.01698340085359317,0.0024640267564675676,0.014237360560469828,0.013683378773861393,0.003520946205446173,0.006686563874576934,0.008895805004122093,0.002445889076615586,0.011713750842726089,0.02209484317035829,0.0002569332525023546
0.002693006291227954,0.019789311083416326,-0.0020089070140076174,0.010109800164658221,0.010839115762851698,0.02515163228425419,0.004784257061142621,0.013814069455075106,0.023475066693786607,0.022488642302205587,0.013998723107211477,0.021107531708349912,0.020746300342033102,0.018701369286348992,0.010178208134044119,0.028411575507916887,0.0018969845548454007,-0.01943163355583676,0.031100072436444904,0.008745649651950191,0.0034744072097227046,0.04256129107450999,0.0015132990991720686,0.008033136428733318,0.0195887659134358,0.011300736943395537,0.017911942516195364,0.011654356601557815,0.006391765942358708,-0.023513331294723643,0.01584397474971126,-0.0003859324188102975
-0.005070987399176084,-0.016048213482986805,-0.02630063781802653,-0.007059499904302842,-0.014031122925316428,-0.034292113423771836,-0.006409898034568139,-0.018893888191403387,-0.011192554842692317,-0.013934992697286982,-0.008379114551457508,-0.00658469833943646,-0.02470853470649273,-0.025478407086777115,-0.01690758504714609,-0.017691563976934215,-0.03534529196964252,-0.0020937266062638045,-0.014955097635413537,0.0018909627878675526,-0.004551010803478019,-0.01752998049869626,-1.581912217119021e-05,0.00431162259681222,-0.022442526144590566,0.0032733750377838813,-0.0038388086347733636,-0.012161317739385825,-0.0007111923177004632,0.01222732644080012,0.0038055303634706725,0.0011769024500990488
0.007274528297119193,0.019730458864995755,-0.014254216380331156,0.026119436631764546,0.03233432561440723,-0.07098472029253043,0.013040224556713104,0.007871317363762287,0.017589104781051988,0.02456761096749737,0.012105508399612077,0.018038431456534627,0.03112125907746823,0.02312845510374769,0.024650340071501915,0.017173333424436207,0.0024851033302014758,0.04160115947043185,0.017876931125185597,0.008311951362051855,0.004540975042243251,0.02198359781054277,0.0020768289013173404,0.00011255127459251244,0.039691651830846233,0.0054399029886404,0.02949270079889086,0.020515142743737697,0.005384314031729104,-0.029743603953730664,0.03123231858772275,0.0004896932168820034
-0.006059358930004273,-0.026774088894131114,-0.03246244430409616,-0.020882622144284664,-0.015914701953058132,0.06816067307402471,-0.002149812813611362,-0.016868152296300853,-0.013034555192424515,-0.0019405284086393651,-0.012629428834184341,-0.019838304879372798,-0.018663866587506968,-0.010683184282764473,-0.03654816157982155,-0.003809520429027285,0.01741776599853962,0.005545313712065054,-0.008161587010962687,0.007343796675516327,0.0010372192135520196,-0.012479116838538685,0.00571750162635096,0.014519290815188806,-0.022480310425410894,0.0056882119112378286,-0.015209086587298993,-0.005650960750758928,0.0042405637449986835,-0.016650851124360017,-0.024792069744833976,-0.002198607324534943
0.008741085695157563,0.050868648925432636,0.0406247014515617,0.02101036257521588,0.00023639692824913502,0.021678188239032427,0.0021794131859979764,0.04199011594480193,0.030446605302282992,0.013548358414435163,0.0507227411202672,0.040444271398219545,0.047368366646423674,0.029125997319608316,0.041581068852944075,0.059834510008382746,0.004434405324677827,0.024579999126878926,0.02746366698635616,-0.00017094152768936023,0.010770751478154717,0.052611161617390156,0.0008444838743612978,0.004911621402151572,0.04798006015192062,0.0017153916063445177,0.011049040579298829,0.010420024059661876,0.0005807959639614598,0.010626683634812109,0.006069605321079502,0.0032113130418870844
0.0026259439992629566,0.019726780232338398,0.0370268862631839,-0.0032930909766224563,-0.014795957713743724,0.04400804121008876,-0.004618410782579285,0.006971949993338911,0.011487650154231258,0.020742700001472936,0.018543080782860134,0.0011252264792875161,0.001979448301386983,0.03803315219209692,0.02572893303094337,0.030883583711408535,-0.0018708180651380915,0.029509589653143313,0.012735453259212234,0.0021850626088104645,0.01158540109261602,0.032202532621740915,-0.0001073668781720021,0.009314834601848778,-0.009972438142436982,-0.0018844194659553605,-0.003224233660334612,0.00976340079591149,0.00019087756913292375,0.03175527426357997,-0.03509021372530283,0.0021232112523401083
0.003992288494991043,-0.02732746535286823,0.00990196544888122,-0.006480352996988526,0.018051502705879637,0.056965469049670814,0.01589281204306097,-0.015523889972350973,-0.018861271466005535,-0.02097224948709312,-0.022250091149241497,-0.011113725335446934,-0.0012157459149989003,-0.01768730753447096,-0.012510475915481609,-0.011132030218871316,0.05644039726838953,-0.026161452892149627,0.0011279362299704923,0.0047173881343941055,0.0036256807810627423,0.009106594247574503,0.0012486111962538458,0.009730030196479313,0.012130006595448795,0.004327484896208702,-0.024904942672127173,-0.005472600896074064,0.003064145795813188,-0.009501813063242012,0.024524485211156216,-0.0019056053981635888
-0.013459651424584296,-0.030385197846340778,0.015800995353190368,0.00011806465239472671,0.006186678471249341,-0.05209689319793328,-0.008718700353637157,-0.016542023181874737,-0.01044674047442148,-0.025708280613887535,-0.02537339710130246,-0.027131692054878743,-0.04587524879145356,-0.03606516515948214,-0.006091475123244979,-0.03331103397921974,-0.0013636273777663233,-0.014457923455348836,-0.003729676320021147,0.000654058956224229,-0.005079429246827139,-0.022311954447546276,0.0009247887546543745,-0.006335984072524286,0.03381496874804201,-0.00015169099207572046,-0.004911830950016073,-0.025472480426567762,0.0008209958726653023,-0.020716378594558865,0.01634524055254254,0.0012010665857380503
-0.0035482533928260914,-0.015853673347921666,-0.0066742720735421795,-0.015417527805028758,0.005873588593882882,0.018267064383655086,-0.004736625395955896,-0.005576859138452175,-0.0023549491919201354,-0.0007654892294625173,-0.0015693971180675698,-0.011012200372531264,-0.022406951150357436,-0.020415552681829992,-0.007776748087122835,-0.02929241192918003,-0.01894493140260763,-0.008864092484067061,-0.0006507813743453028,0.0035916144855761807,0.0006279058471502759,-0.01511694351352747,0.0035557363953477375,-0.00013204856267540736,0.02747057856093753,0.00314224081297634,0.003057397327706127,0.0020960355566964008,0.0011881426723143928,-0.0029209592787488676,0.01453032178700395,-0.00012827511449270136
0.001356722894303684,-0.002069535094373585,-0.003652122842274072,-0.002265993902909892,-0.021563020211629542,0.03075289615304644,-0.0033794155907301434,0.0057302479783109,0.01719297926200997,0.0014702302544575931,0.006410913298312494,-0.0017938698871356185,-0.00543912090428149,0.0016167999247668422,0.01533285884433542,-0.0015448928643836928,-0.021584173216458703,0.00827864294702591,0.003431950631223817,-0.00899115425982929,0.005120215862257441,-0.008074983363259972,-0.001683593221401147,-0.0015140096067375538,-0.015108540187382447,-0.0055926723347425895,0.016302330406679045,-0.004334796290671574,-0.0054614173089306975,0.03309323364384856,-0.028068327029348195,0.0011788948426515414
0.011030687127731873,0.026297385492514945,-0.01452149537617411,0.01901002870177981,0.024073568212237082,0.014590258689691113,-0.00021218518108508943,0.013447659632219796,0.034219054733360246,0.031958156934773954,0.026223630463737192,0.03505163500512699,0.019091822957753905,0.0342820158530803,0.029260419331116998,0.028669252512466804,-0.042227487069294155,0.029826490032653398,0.017578092561874502,0.0013889881720261354,0.019197163856588925,0.025158735614000775,-0.0019919554505537047,0.007775820194943819,0.014416199231171095,0.00148580365481369,0.036597611823771685,0.026947033729589398,0.001536324014612994,0.002301910769645398,0.015058314344714229,0.0016188520398878914
0.003667236936940497,0.030884057262093666,0.020936822870847794,0.002961270591212127,0.007274328754115529,-0.009000495203525145,0.009127532202757214,0.021433060713245765,0.012042501233259792,0.00511987041436317,0.009438209950194993,0.01880996510641228,0.019418711701667073,0.013688750251229839,-0.010189238930683058,0.031138331273412333,0.032748144902682554,0.02087405947443598,0.008257293954055615,0.008766807594496478,-0.009175361225575667,0.028711280364339575,0.0017919766037958894,0.005984033619735813,0.018055287794536527,0.005401845893832078,0.004099955590665264,0.001517689807754756,0.005376101467332489,-0.03543727034397365,0.03258701993386535,-0.0015096130721605732
0.002460621923055863,-0.0016774518921051213,0.007050150286174455,-0.008384664021818082,0.007573837517452342,0.005464148405824007,0.008547978385724728,-0.005567013822249259,-0.007271692875167567,-0.007611416047255268,-0.019924760409289654,-0.007423085399667087,-0.007593628341084793,-0.0071719179325818285,-0.012716097493428188,0.0017587292333900463,0.028932651868735847,0.0050135911488456055,0.007946239031320934,0.0069559504960745675,0.020571599858753994,0.006152858281400271,0.0035732976478919155,0.0008218835442230591,0.009649027877331125,0.005724123941830697,-0.006993935599982326,0.004154393315987281,0.004306534914339002,-0.013395472405679764,0.013507664572869366,0.0047227426434299944
-0.008885607350047817,-0.015866433074045054,-0.007313729339479669,-0.00868210274020178,-0.010503520705233338,-0.02080395276040694,0.0011687783010561482,-0.01219567599516726,-0.01770227901079712,-0.01617545120115465,-0.03239154856655392,-0.008555852162122457,-0.006786451582219799,-0.014441126216305908,-0.02162459763080259,0.0017894682877530003,0.024564331907323506,-0.027154602172669108,-0.018252501300099925,-0.0006016166725855001,-0.005507818540822896,-0.01550489631780749,0.0032281576342787,-0.021423161829292214,-0.013563279428706897,-0.0002459570520686053,-0.005301252467531143,-0.004869493739281483,-0.0017029906290476275,-0.01706916762005144,0.004769337787842316,-0.008976114873824822
-0.0027864284589639954,-0.017373051490196,0.004259409576996104,-0.0165673085529185,-0.007959689452080846,-0.021258690946213524,-0.0013603043798573623,-0.01630520626717859,-0.024829031014148663,-0.021791583444062772,-0.0316462110358388,-0.01674818165714231,-0.0036214179041544523,-0.02071987267181278,-0.021583591715859753,-0.014127977023073718,0.01304701137585646,-0.005669011547829667,-0.019032693795934606,0.0014848305033296795,0.0011322019597602533,-0.022458196380691128,0.002827722040217267,0.003869505314374811,-0.006027040088816801,0.002885754178446176,-0.020162786822404133,-0.00816383824708481,0.0006444902647106873,-0.02001618024354108,0.0022889914791330047,-0.015127148063064044
0.014132237296810068,0.05646958869991181,0.0435097947188709,0.033592523568200854,0.043755357953635596,0.043591198246149855,0.007034455881871379,0.04551982695347798,0.03807797812660996,0.026303780981438863,0.043342238868117486,0.05532887531461833,0.06443990711726892,0.04629654486154523,0.025660867040893355,0.05980565936522051,0.026559137992516822,0.04472130993434874,0.028501049047079,0.014827332197342192,-0.00622743530268817,0.0483029120254926,0.0011488648336647068,0.009613297098558004,0.039780262232494014,0.005611750758366973,0.02386823743698217,0.02837403038329946,0.006090113184521341,-0.024720965951257126,0.04831214334154987,-0.011828597548836667
0.0004361717362490837,0.008016931428387107,0.010348946267334258,0.021827287923054033,0.009172079784665485,-0.08862593684065806,-0.002349819463982469,0.005528443280843125,0.0021768107342750647,0.0007777804117350354,-0.010150180167210502,0.0021993961480961995,-0.0037145260707771646,0.0010480316890154953,0.012180066254829463,0.003231866539297508,0.01986426324309114,0.025622162013605197,0.01503883904873764,0.014113480177986632,0.019799651988028,0.014656588824882927,0.001868777314981892,-0.0013318022127205213,-0.002117608365022663,0.005666104027771763,0.018478834772174775,0.011502667935317921,0.00789211720658529,-0.02008148527273264,-0.0022844147464270745,-0.00051855940612629
0.00910037534111319,0.03668762994563374,0.09140819242075292,0.005837200138923,0.008207699461094443,0.014914354800969537,0.0034284092801837134,0.028260047299817438,0.02891582507738259,0.025779607455225874,0.04555570842646915,0.022664752938030223,0.03945062800267145,0.036316513553326435,0.032970036101983874,0.04215295789776637,-0.033709332783278936,0.00777688807539689,0.017036498311739277,-0.011681774397176648,-0.0008962536954540504,0.047564474823392516,-0.0040002181589576516,0.011019145294414499,-0.0041342979959732235,-0.006185662926504959,0.021460385320433033,0.025685631387885377,-0.003925742599065694,0.06891291919829978,-0.006271466829235875,0.00024160494678594492
0.0011950395346399102,-0.0038689242120199057,-0.060034963763451285,0.00818641025747582,0.0005276239306081353,-0.059142772927573174,-0.0033600265785247883,0.002829836164369045,0.010774420079099177,0.0004939601735430446,0.008244017914210332,0.008882091284093141,0.0123766329574464,-0.00014033361440345045,0.0073180385901408145,-0.01046665421917262,-0.007872326784842948,0.010405178069485982,0.00028534228320739493,0.004045822530735809,0.008321636077033949,-0.012349883108703509,-9.500339647966297e-05,0.009850233560024943,0.05454048397613705,0.004187468182813858,0.016472035742986713,-0.0022814085606931546,0.0008958471131740595,0.00037649642550150657,0.013169718678319425,0.003549855815509655
0.003079305081128219,0.007313446404047545,-0.0015887592428921315,-5.7782248507465965e-05,-1.7347391824728067e-05,-0.0694477619649431,0.008522520303227836,0.030087792050744154,0.013978006492814322,0.01657638997070158,0.017596907622380288,0.017140110687523233,0.004611198949660463,0.022547416995017604,0.0023430722200602537,0.023479004726420154,0.02400111268637878,0.005718172969742207,0.006513919285880071,0.004881172887484933,-0.0019028396480661159,0.01948977400248823,0.002398705366317059,0.002736334485482549,0.007960851266607751,0.0041780846743936645,0.013862555555124024,0.0037303460213753297,0.00416168991646026,-0.02725175748429371,-0.014054808895290876,0.0017524684910393469
-0.0005442718838746541,0.00871398747276232,0.01911161917933299,-0.0012050860410332364,-0.006174540143622598,0.014190132764548332,0.0012211864751535413,0.0007793689282576753,0.005731081346779033,0.005992173800397129,-0.0038722869559696476,0.0015346475770598154,0.015869084265387322,0.007165030564031382,0.01359486851983745,0.01637576646559975,-0.009197834163999103,0.0020690852737582518,0.009879929292376211,-0.011109590413575912,-0.002076092310293493,-1.0738779992892216e-05,-0.0030123824704012462,0.00045666211702087323,0.02109414696823603,-0.00739418147983958,0.012001045863651796,-0.002093494422203401,-0.00398865498213896,0.032351274988266614,-0.03282168891805958,0.0015815106416841112
-0.0006756776239064452,0.015943909545877176,-0.00497983748633451,0.008669005625110098,0.003959859073239286,0.06835888624418576,-0.0004539907484865196,0.007894064264975955,0.006071746491744809,0.019584173211963787,0.023482397739076573,0.013892062958416778,0.022687177146201287,0.0077815319484631105,-0.00559637180403502,0.0007287161802516124,0.0035972393875635597,-0.005898658345285825,0.0017726051117806754,0.01049295928438868,0.019326282600734372,-0.00995873239983688,0.0030082455292782554,0.007334809537967013,-0.0008917455816991885,0.004449025261478536,0.006179549939798931,0.0035067976065785928,0.005909943295084397,-0.007924798299806968,-0.0011323551821731035,-0.0006604040832109373
0.0009719035112456195,0.004984373052450321,0.023038156154590515,-0.006875571604245614,-0.005660285556761067,0.08585914291940752,0.0026864193485749946,-0.0022242430256861146,0.002782881526678736,0.0055386919372332425,-0.007092361110522099,0.0016707643517397703,0.005498810265009704,-2.6687892204944884e-05,0.007090661818892058,-0.0020677435257461657,-0.003274326319892087,-0.006881106282730068,0.010034791091525835,-0.0015376693592456512,-0.0003939657999420928,-0.001771942454664314,-0.0003007145916899043,0.0007278717027996734,-0.015140125907554333,0.0008479911652886904,0.0011224829481215313,-0.0004856026062886397,0.00024483211718650454,0.020616292545571534,-0.019625593870881676,0.0033594146098668066
-0.0032302088528064626,-0.016917610060209094,-0.011488841033642394,-0.009918910103133333,-0.00452366002429031,-0.033733588171472165,-0.007576260414779552,-0.006560796563615088,-0.0017505252179768644,-0.004173808836321127,0.002885345704373017,-0.00626136646803723,-0.02368862290107935,-0.0064500787350145914,0.0058662557091039656,-0.01644661735961333,-0.015066613748574723,-0.012800332130666942,-0.004771806077802141,2.5195107333478123e-05,0.002050807031649503,-0.004827270910706926,0.001382089356804453,0.00011754557652264297,-0.00499259549592523,-0.002423399886652157,0.002250984717467169,-0.005661489689984996,-0.000888044459538357,0.01245494990329601,-0.021516800117707298,-0.0006879530155557707
0.0035143575468116034,0.009007707875601626,-0.0005820793947567842,0.0010661444679048008,0.004325057129085757,-0.07629322472141628,-0.0015684964950198853,0.0007508501817187436,0.014026416777429829,-0.00027685953462239633,0.013008101919083867,0.024119221353175506,0.020901932231848747,0.01059546427204176,0.01918879338595323,0.02094487525801261,9.64789562610412e-05,0.009038376147846364,0.008264587415510167,-0.0006483643841241236,-0.010036049636645726,0.016479640837439257,-0.002425129339533938,-0.000564119169261111,0.02744964484318496,-0.000902374980983713,0.007258128206515124,0.014043224331389909,-0.0008696901571789897,-0.008677662356460678,0.010437042549202287,0.00081309961646861
-7.240017155189515e-05,-0.008944516848165784,-0.0074422920467997755,-0.027969286026057905,-0.047387027017377,0.042500561244706955,0.0032684473875095347,-0.010261016969853523,-0.02245562062608531,-0.0038460116819588343,-0.006537838427562709,-0.01940486264527656,-0.00871481747400791,-0.002147389999838842,-0.018486626945832592,-0.010989867812138237,-0.00247307140703911,-0.02061754178844121,-0.030179366694215067,-0.008586935192274442,0.0005035747136083392,-0.034053826853393886,-0.0011926445087756536,-0.008854991640770114,-0.04231287411229897,-0.00293717407618596,-0.018124713417267,-0.012148665282941859,-0.0005652088126213012,0.0158273472534276,-0.0229434508725248,-0.0023661899846322194
-0.005374781777028462,-0.011235868076255234,0.006534815254425039,0.0021966944870188956,-0.0007683663388484963,-0.0659462571620911,-0.0035158360936597037,-0.01031520951975928,0.0074572380652221494,-0.0036268840027723986,-0.024843179901106592,0.008250375463341276,-0.013321982675573144,-0.004776320561495163,-0.010594608554194859,-0.0030908901017960345,-0.014320954674374409,0.017249746220780286,-0.012149204153655136,-0.0011613272258485948,-0.0021453873418392157,-0.007902597057866225,-0.001912371455882618,-0.011024819215335971,-0.0012607109730253395,0.0007897080975796434,0.013264628079678643,-0.006748008128848024,-0.002181795131552162,0.0010781593634884685,0.015544770491193547,-0.004732951073245564
0.011430538638436166,0.020351204847201147,0.0037089835737117516,0.015220663314973534,0.019475510211096746,0.020894587753119507,0.006002960521908728,0.034726951915614854,0.017662084238073975,0.025256143515801983,0.038517974105516,0.017955719000030616,0.033046007498116745,0.029589187170749237,0.012804189473285377,0.037431237298725585,0.022516979161117653,0.017822979335657428,0.02830707556539286,0.00913939894511341,0.01004866688639358,0.032425643888551105,0.00047787513524384157,0.013230754196780603,0.04226978602050926,0.00395817635512607,0.014698049041059333,0.028534945921389936,0.002138279849040499,-0.014776061212989725,0.04692074910871696,0.0031110469951741715
0.0022708708931363274,0.004543475463026671,0.030850944213219867,0.002114257299507265,-0.00041386204096584506,0.0820322026746637,-0.0015908968582391187,0.0068313698568324074,0.011916542182251447,0.01286563459657274,-0.0017996478780029287,-0.0037952364874291105,-0.0011232155175891127,0.015145674490634193,0.21144195745231148,0.01400652168382322,-0.02045938784455455,-0.012396174409221083,0.005785094527440061,0.0018467866707818942,0.00705651274830537,0.01008338530216012,0.00032699743798352774,-0.0018592760563523694,-0.011519973830927392,0.0008844334650699373,0.010679613522199328,-0.0005466146082147634,0.0031033761817457492,0.03238403348395018,-0.036016223356578496,-0.004742216268647435
-0.001837106026333549,-0.0004450919221683238,-0.009115700676033383,-0.003729294075850996,-0.01524640758309439,0.04292445313905485,0.0008709295295329829,-0.008233483333037722,-0.010129255722816357,-0.005943932653770045,-0.007923663830117288,0.01296298682489081,0.015902636337055458,0.006086139441362047,0.008942231980685727,0.005621673807688849,-0.055007959033169254,-0.007038868037553342,-0.017061253966580772,-0.008804783425119398,0.009693439756301747,-0.01993081486163581,-0.003934371068451276,-0.010258436442604876,-0.06208110938750402,-0.00625418994300342,-0.004591535707563188,-0.0017316814961692028,-0.0024772728701005645,0.0008535933708407384,-0.04826908493095922,0.001002227618620176
-0.002316823141279992,-0.022553341675975717,0.005028970887646414,-0.009479955739754659,-0.003995058241937674,0.006783902415591962,0.0006777510396549155,-0.008183471316711974,-0.022057010788675096,-0.021358387548723146,-0.015226870786988023,-0.023930213887532574,-0.00940453079774053,-0.01477750529655833,-0.009474129052945413,-0.016525099821544074,-0.005741932662746715,-0.03387424917102146,-0.012499103979892592,-0.0003433454435589332,-0.0008245969929536233,-0.023122426302363868,-0.0027120410798424682,-0.0011707072731047638,0.010432308479769174,0.0023492161546621562,-0.016942861741972032,-0.008204852245685929,-0.00447157036570474,0.0034851971080812603,0.014710050377635776,-0.0017013810737198127
0.00013777992588597155,0.011502801095401702,-0.02661083274632271,0.005749167117591447,-0.00559956790163561,0.00715459735816428,0.00012070159680508015,0.0025883167809465264,0.011150529792490083,0.0028698479671015673,0.009567699939608793,0.012771675620293969,0.025857351034100966,0.011870396996104949,0.005464789511660954,0.031435921338273366,0.014961692786739922,0.003277431097549726,0.0014136766620158011,0.006711579087090131,-0.0008398171423982612,0.02545811199211731,0.0012607072785441919,0.005983287245201502,0.03649916884275296,0.004372321510746762,0.010748965526404036,-0.00654410003946469,0.003229906579783256,-0.009442490688831273,0.006515424754143602,0.0008746062378381658
-0.004785982083181405,-0.012187037801931373,0.011313069439464928,-0.021841703813970097,-0.00787290864823633,-0.04395127517365132,-0.005907985805014145,-0.009395755277022806,-0.004201407410093632,-0.009614891761092306,-0.01660863983884683,-0.014248406693622174,-0.014094424196434146,-0.0062613213368818005,-0.0028784339786254486,-0.004388603108704923,0.008449046823758872,-0.05002812601248463,0.008989498187766287,-0.012055149302029831,-0.008746714228437813,-0.014563076384913068,-0.0007516503617600638,-0.0029137492571824552,0.005883377389231167,-0.006739577999998109,0.0003953550844244551,-0.004491925314142282,-0.006181744088040245,0.016161684017984596,0.007940183852913686,-0.0014454217143339428
-0.011696818248534715,-0.01628711153689082,0.0010209151877623199,-0.01715706736482841,-0.023873352830249137,-0.10998054147658394,0.005019762363045021,-0.013994732007837601,-0.01377072372257255,-0.01993703656697996,-0.026844410922251954,-0.017439694532360717,-0.03448070578951553,-0.013697801860390796,-0.014177630167202544,-0.009892299539501808,0.027144015505326458,-0.023523047124695218,-0.014265944080963596,-0.0005273719985667098,-0.0032087378031871367,0.005359933571718106,0.0008430458318566276,-0.012787450827570528,-0.002688257729364529,3.331743249496066e-05,-0.02466560381108843,-0.024000922706763305,-0.00018252350603366755,-0.020382505373205677,-0.009233872997498081,0.0018321465844249984
0.02469312228587257,-0.0016048633435494786,0.03245964899604226,0.04063270321465048,0.012725198860000125,-0.019352758453727827,-0.014754155399923478,-0.005000715293533058,0.021962104067703596,0.027647087502398904,0.025312746183074775,-0.034869116861091655,-0.030564005126728706,0.030856523669067097,0.11693647058150207,0.03218336006767113,-0.06942083403898829,0.06309934601292574,0.10492828709600562,-0.019494095439144675,-0.01662912608243585,0.059330312059380184,-0.01322000296298701,-0.01721307533754262,-0.006096333207528283,-0.012334069392478346,0.02422825753832756,0.0386419950015753,-0.012761068037116238,0.07120846557658023,-0.020908795908363326,-0.01034893970716878
0.008714433351807972,-0.006832510012697514,0.028348581847949174,0.019436336625283764,0.010408589094790444,0.06203635158879488,-0.0068738860099234024,-0.0047999176913957635,0.014918080977942335,0.0065769455202356174,0.00425734320998621,-0.010911568331767952,-0.004807637627836416,-0.0043960491187212515,0.028224284175832347,-0.012375224394802459,-0.018938427653511624,0.013536686263483052,0.009558510804009324,-0.00925716389299009,0.006691782294686611,0.0208925452237413,-0.008581791242003301,-0.007325252121642116,0.012078459344059173,-0.00621481978014143,0.016355326766313915,0.01973448666922075,-0.0056502703786159925,0.04149892627365348,0.010043675320473355,0.0015383330220488766
0.007881344519022126,0.030192210382006146,0.034092475534382286,0.022029698491652476,0.017326691642360403,0.006877576255912943,-0.004559327952773829,0.02443321544870846,0.015584969000959875,0.01738205704745659,0.014916637075385203,0.012380019589092722,0.02182705916789323,0.02973149142216089,0.013999742603173725,0.04341183688271979,-0.028346378004109395,0.005105728516246806,0.028579205004442332,0.00014549368264923202,0.006766698849709771,0.036725828080445465,-0.004985063121647993,0.008595473547785133,0.02047514233898597,-0.0026347097066121237,0.009380881025922347,0.024744776721242052,-0.001612593775005753,0.009860589943098772,0.02570406560437235,-0.002983071790915114
0.0015716888105839822,0.0013245199818911176,0.01594206177908238,-0.017544239067773984,-0.02225607426643717,0.12450598311777898,-0.0021341250000584183,-0.0020297505229859227,-0.010227353241031698,-0.01371177739053534,-0.009984149076671126,0.005566928577616882,-0.004966481773260982,-0.012433040030487572,0.0051373314399046095,-0.006159319386327702,-0.005396078699022502,-0.025913026962140595,-0.008226659271349971,-0.0014926487350245773,0.0014698957549308905,0.004890344465765859,-0.006326514575900899,-0.005369796761850475,-0.021521470717634352,-0.0005413124219667804,-0.03251043692975639,-0.007004151216916209,0.00028924241337552006,-0.0037742798271497915,-0.014513426777371486,0.004879850236660605
0.020192782481210026,0.02274105423972971,0.07708236830423755,0.03353622243521754,0.04748924991374147,0.0005632271664450869,0.006842780469371585,0.02008280157519063,0.038553261806612775,0.04165717717580005,0.051536517029517614,0.02038968459038889,0.03192544048458687,0.03444136800248306,0.04978540411677519,0.032755097197895836,-0.01690873602772091,0.026189519847434572,0.020365159927941145,0.000785347188225851,0.007133506193134379,0.04197711395604922,0.008000352016369283,0.00483036396269645,0.06301385351638371,0.0012081442871965163,0.039055546718200725,0.046938126604531547,0.0022199540548807927,0.009816107203413523,0.03724903899344148,0.012996793010952658
-0.005494412281632588,-0.036881640253898354,-0.017861997359493183,-0.0148449101651985,-0.010556002753096703,0.00935591955426544,-0.0063279100748375615,-0.027761704479914745,-0.009960991230406268,-0.008922585481636151,-0.015443636407056344,-0.0231945503739742,-0.030442405327154566,-0.017187889438470678,-0.018751202265845174,-0.0366009709631447,-0.027875898600017573,0.004471616335728042,-0.025949269585110946,-0.002325392763644839,0.007548426196981627,-0.02931601359324938,-0.0051979753579016,-0.004599206035231741,-0.04672671635739132,-0.006775753124508637,0.00040695522931370986,0.0016337199715352867,-0.004898099532959758,0.02257421401738927,0.004298518651810963,-0.01090566771012432
-0.007435885669329812,-0.02136507183891586,-0.07671260347406142,-0.006107955783246371,0.011904039482051059,-0.00038470561466274485,0.007236061161768973,-0.024145622501993685,-0.0003589503845489202,-0.003513205745596601,0.0007168535170933149,-0.023963707926594684,-0.010115295988272937,-0.01028685345617609,0.013024597330319927,-0.02224377302473681,-0.0027530510285540834,-0.001784885488654038,0.006060170698468774,0.007209985694931735,0.004304196704215081,-0.004442217643223751,0.004098765366413381,0.010142324154197562,0.02028698837179214,0.002640568990674458,-0.0009602393162000249,0.0037874182197674584,-0.00037378220995316143,-0.00877556371987925,0.016220435598051714,0.003526534176902732
-0.0015403233465366521,0.02284346796570593,0.011954767862743881,-0.008021646186817758,-0.007821231136698586,0.017582704854957287,0.0012473144482968482,0.02512812967702905,-0.0034414639588645317,-0.002704321908419175,0.001766014693003232,0.02171066982258813,0.0217713470025315,0.002764988111816479,-0.010266529266203576,0.0032451328650831565,0.021179974306071034,-0.010090766241761423,-0.011231104279121442,0.007593050574274678,0.00025252004481505027,-0.012138416001920616,0.0029047619543838363,9.978738672359114e-06,-0.0020878711726931617,0.006501491799781443,-0.01023444209454062,0.003596622819891035,0.008221508518183106,-0.012323681237580215,-0.010612861926892746,-0.002101872120166148
0.008174031781590582,0.03251990925956904,0.014053907572249382,0.01905888292576502,0.008428131481655532,0.0020893605117825124,0.00501665556860305,0.0313741863997027,0.026232134520709882,0.020337970440849947,0.0332248553053517,0.023114083455596478,0.030247599396780667,0.019730951159713336,0.01650176193107731,0.037483300503639724,0.02193684322760204,0.026672669510005676,0.01476382985607389,0.006555772053613048,0.005853513989867138,0.029740928821855084,0.0045140694314575154,0.021746080328330964,0.040055705597283886,0.0039752484931774535,0.033177821120516836,0.014923039214167105,0.004669179424697923,0.001565218298209066,0.017305328537845978,0.002580051839468811
-0.0014470672921388238,0.029896171138613852,0.03952357371326715,0.007741126223569206,-0.010754930128870657,-0.027633555492455553,0.002106987862453857,0.02050108078212249,0.01843496031110483,0.012163947648310542,0.006302857197050832,0.02114880736981186,0.026745365544261667,0.015139456127168115,-0.00395405804897194,0.03226874405128542,0.027322086818013562,0.018636381843833608,-0.0011070203534961878,4.936258505368017e-05,3.733174580664769e-05,0.01574234507654922,0.004400942058272938,0.003867736520481749,-0.02067225652589042,0.0019305519579548944,0.010219190697255404,0.001106302090691776,0.0018337884157625622,-0.005715639536929271,-0.010189059779984324,0.0014130545038812357
-0.004012371452234388,-0.0066899456553427845,0.008220496735965607,-0.0022441795302375576,0.006643196636683906,-0.007699673055116038,0.005789395861777287,-0.0037362033703746494,-0.00018554872806389344,-0.008986826938341524,-0.0036588544190035203,-0.006664388188072001,0.0012701634988334892,-0.013727450765067825,-0.01397430402203607,-0.006776232674628788,0.007167225687227813,-0.021139151419008545,-0.008034538865668833,-0.004728713941691344,-0.0022511509411560133,-0.001937980853816865,-0.0036648451000113567,-0.00583143757031239,0.01514531808558255,-0.0016446349307946227,0.000734861537172635,-0.010335698233956522,0.00016794616168835276,0.005859757576571696,0.0015494951917641203,-0.002043855772281759
0.004526015573584445,0.027641517455937948,0.0004921504302402062,0.007893831997952823,0.008040841253101562,-0.0028049737483973264,0.005077655257555689,0.015756759199124053,0.02206371986089407,0.015364211475359426,0.013872888162819397,0.025280128802418422,0.02889258010740265,0.0174473741060832,0.020094230044500356,0.022682644580039997,-0.016097630475008888,0.006799735485211393,0.015151963468315452,0.0014820143626562729,0.008220755476391397,0.02549525760397872,-0.00015713126474910512,0.01188206685946349,0.004378332883344886,0.0006908918858549405,0.020242673507425774,0.02031275728743482,-0.0006780631762453801,-0.0003250975320786527,-0.0031216935740341865,0.0013752723806101264
0.0006065637911024255,0.010744767449089598,0.015076189886386574,-0.003813904858451124,0.006879376350634582,0.013542550421163665,0.0013527667296533105,0.007509241070877382,0.0014135855557075292,0.0018907848202395477,0.005012777259048782,0.017067446411794085,0.0025613377952328014,-0.001102831699097647,0.002918737592356209,-0.007694417037279186,0.027266552040401654,0.02568334594455187,0.006340216903985238,-0.0034619897380956713,0.002471558081383882,-0.007632738880235657,0.0007079819884397261,0.008901020603639127,0.0010503109122238072,-0.0007500868243875642,0.0012114242431660919,-0.003832890598977029,0.00105067147920323,-0.00837499587015631,0.011402006863678758,-0.00200449259273087
0.00441202213868365,0.004425470255880373,0.021261450198217034,0.016102566647060605,0.018496928069985298,-0.0030122075654041166,0.0004607781707746752,0.006831576587750012,0.003653240030356576,0.007348066078614997,0.006957134953592949,0.012293984814026796,0.01672248991556428,0.0031646655977928635,0.004112693006398975,0.01062216819369,0.014584856954335135,0.00805920469551835,0.014656654203699557,0.007719285524399877,0.0015647052448719446,0.008273766360700863,0.0031178662779724245,0.007896472357825094,0.019368733424152625,0.004894577677893006,0.015094080232080007,0.004210479636632509,0.0038949521436221378,-0.003055203936594713,0.007519665379253598,0.0002995290900061773
0.005936150807957549,0.014628793025930769,-0.0038728426354129363,0.01207116323988339,0.010814696581876991,-0.01862871120242923,0.0015240167546920669,0.008450050481814714,0.01115645423609518,0.007722539504444735,0.013064361217625681,0.0027572845145597685,0.006312669550085648,0.013641962675075614,0.024007390139305338,0.014815597754757156,0.000791599068812989,0.027524161403678304,0.010208665464953571,0.0006623008570477045,0.0023390960828394832,-0.0007775457272083452,-0.002718405550835611,0.001816741823403387,0.01177756166142368,-0.0002560296275473092,0.012444941596004736,0.0027988485139962853,0.00034967790262006805,-0.0008136039038852165,0.0010882921831950223,-0.00507334703236243
0.0009268341990308539,0.003574787830068017,-0.004344465394434305,0.0040341026503067775,0.007521778891955827,0.005650418035429518,-0.0007527420386616076,-0.0030458262277383535,-0.003492091484238337,-0.0018705425697299887,-0.0016866461259851715,0.007514787223000882,0.000541558795201493,0.002829778176623165,-0.0006266970102108075,-0.009230194133209534,0.020084770117900073,0.016261562037668608,0.0017320002503051358,0.0075196102756580705,0.004017726597305724,-0.02052365367500218,0.00481079298060596,0.005104066498558839,0.013234592009054778,0.0061839717752814535,0.0073542794909736324,-0.004451750946112605,0.0027592338241078152,-0.016578940848954518,0.040627841118876476,0.003915775345155591
-0.00039668366760091855,-0.015161797488093143,-0.006322104126853902,-0.0027951368213937652,0.005720922358339676,-0.016047558902207708,-0.0008707769082609906,-0.007242621681963338,0.008421263788056594,0.0008361783629029649,0.00776355693772718,-0.00011603896883314174,-0.0037105803892947646,-0.0024820163924567664,0.00989625815756446,0.003856190555596133,-0.021891456009477003,0.013340479449766966,0.004637967076849195,-0.00924886202723001,0.00630515144103881,0.010738218442833054,-0.004807890742662217,-0.01022103549857574,-0.0020402017426772003,-0.008320663614444019,0.0010658817655123357,-0.006503053394440605,-0.002432390766051332,0.03177377728194627,-0.0032312774636378875,-0.0019510476014220333
-0.008969650019057305,-0.010503356738678781,-0.036516339157929484,-0.003633707493748905,-0.001997088009540826,-0.08874189254885781,-0.0017107007680389498,-0.00027401215234430597,-0.00301085805304977,-0.003347409247055389,-0.004819501050332874,-0.0017231822564249114,-0.01902756942977409,-0.008292426851095444,-0.01152942632026136,-0.021093798296141757,-0.029606752382157608,-0.005576873109093003,-0.013722050579885004,-0.008876448477518426,-0.007007097075196927,-0.030601440137971593,-0.001904103054505941,-0.007472434056462776,-0.022684604631798583,-0.0026988787678294706,0.004217502463899979,-0.019525328636921552,-0.006034349979404834,0.012727929827610025,-0.015714074673392118,-0.0010693849291589688
0.005666926203406484,0.03538968341558648,0.03158841433066183,0.007838660746290131,0.015531151302079826,-0.005109790790938443,0.006965327798393639,0.02001059278157969,0.01979455180462682,0.023326611748980052,0.022894299125617634,0.033926773371954246,0.03460221488189899,0.028079179772492708,-0.0013384563887579282,0.040429559647686804,0.024955914159141453,0.0020473036670777653,0.017023540277931615,0.0059174071388172125,0.0019035183431218433,0.028853221993429885,0.0016948769184280377,0.010936938157575746,0.029602001970246494,0.003989930339693306,0.009823324602619983,0.028711327405740793,0.005208069884684254,-0.012994942575992263,0.02311971581857556,0.001245262559206936
-0.007838936140381808,-0.0032365949172855762,0.007206125208273423,-0.011324805883929107,-0.012112160354431568,-0.025507285124047725,0.003837921024692989,-0.0059117512792755044,-0.0031508816555347735,-0.008467750974397658,-0.005541384089034295,0.00479183614385736,0.001812800301764036,-0.007829308298309494,-0.03996057855093296,-0.01274863745916079,0.019508815156196756,-0.010869031889143487,-0.03184871900384668,0.007140669925364591,-0.004416112004003979,-0.0208127285624883,0.004760562466312244,0.0041179620891611994,0.0022042302224257386,0.004722436085604616,-0.011486197296162839,-0.004530459148665137,0.0006668071940110005,-0.015615124380550247,0.010666700653803773,-0.0015068364924748835
0.006327475364441948,-0.0025522481735928172,-0.003348475667025179,0.018441319261547722,0.008067668059925447,0.06716216718120605,-0.0032137779172327955,0.0031061446206122716,0.013118451054180294,0.016634985212248397,0.0075792238020000405,0.009061996300729472,-0.004370253141264298,0.016514489951904042,0.015788469977447667,0.014855283960426683,-0.0018679931849612456,0.008338575320439879,0.016629766944153135,0.0013426168047436101,0.0026469085685381115,0.023066355877068546,0.001208416419445289,0.007509561064246646,0.03899436135401117,0.0014294296137858562,0.013637152407775327,0.001793594839488088,0.0042932130200461095,-0.006762354182025669,-0.006434012521397113,-6.744101622864207e-05
-0.001224378662033751,0.0009402812705695381,0.003687161327513578,-0.006278716061486891,-0.008755251859378935,0.030633917820513647,-0.0034860878951083357,-0.008288923289912101,0.0023100395494369498,-0.007687391954005694,-0.010347463364378601,0.008264523163291432,-0.0010205179262504798,0.0017517021203222456,-0.012622608607342049,0.01041309847198934,0.007467502133658753,-0.00616402056534568,-0.0029917456789084564,-0.0008786462898295273,-0.0028806021816176375,0.007132619292271479,0.0023888283518127057,0.007397338643625242,0.0024218109418537126,-0.0014871630857444154,-0.004271740764855652,-0.006132968511355163,-0.0017308865462754973,-0.005612724117781095,0.012495991779006049,-0.007445145697652099
-0.00389068414343582,-0.008997816200226594,-0.018843423886335326,-0.006227251288420483,-0.0007723271343190473,0.02321357901774678,0.0019504831043772868,-0.0006003091033044393,-0.018346981654363655,-0.006459849670155164,-0.00472519931221109,-0.006452412065643186,-0.009661570429601429,-0.013188114256902764,-0.023575921842683385,-0.025105469365190137,0.03163489683834973,-0.0069151441686469296,-0.014815394396670751,0.009360304723922222,0.0013522835490762182,-0.024786640187227704,0.0038803814345643923,0.002462978625528924,0.007085180091648234,0.00900947819255801,-0.011339251481965056,-0.0046712536192253405,0.007274888599432998,-0.016955890497536368,0.003802354373578093,0.0012023427723938552
0.0039184855245758595,-0.003788575284020137,-0.020692159115495698,0.01873948859807028,0.013522135436567249,-0.08039071526233643,0.00046677440332215555,0.002426699371322922,0.0163861724734825,0.015722311905654904,0.014999131513341295,-0.0033712455691909124,-0.0038132028218294685,0.004918845751646759,0.020594049950229485,0.0033309684689980107,-0.003085251237437951,0.010804966171615185,0.02842419772355609,0.001729452774745105,0.010051868051236574,0.014462541347315238,0.0015823544291958982,-0.0013442883321526072,0.02595291670353807,0.00010267929716243742,0.01842660964362699,0.00788098774583908,-5.589553512597095e-05,-0.004864823688960286,0.004762246662831602,-0.005179915097741938
0.0061825667187383,0.015410231074783273,0.013644793130658046,0.01956639749443364,0.006440568068675522,-0.010070699436509732,-2.978452806732929e-05,0.012311905495797817,0.02111121157620882,0.036587749077419185,0.034389471236745885,0.02022889902992641,0.02020007590557339,0.023305290471707714,0.011912935039380578,0.01890154480095883,-0.015295849708098502,0.034943535866733516,0.016630542758440493,-0.0012870413315284155,0.006547883393382472,0.011881936970916537,-0.0029705695890919247,0.0014217679675822647,0.010987506207755387,-0.000559917050872034,0.023257909167225053,0.01891968434848136,-0.0002555241796262385,0.010554619597164451,-0.002498151476929691,-0.0012513031369401767
-0.0023968525433978975,0.002127691450928727,-0.02536976615240579,0.0030637960438270303,-0.005906637819764723,-0.06284582716584328,0.0021503952558171195,0.0033326961343359664,0.009888373907873988,0.014256527426600635,0.026595896707371548,0.003096668101725503,-0.002966271028332604,0.002082250589534319,0.006390485107110468,-0.010968500317704206,-0.03705209870688476,0.006347435827565295,-0.0006115301510120113,-0.004202615494564862,-0.0038451858032588883,-0.012455159828854106,0.0002694513363194922,-0.002848018262130629,-0.02380297505352858,-0.0028837167970538224,0.011430183707631807,-0.01030703849380892,-0.0007395866382854095,0.012544103199487617,-0.007426501814388101,-0.0010666214958196113
-0.00025475600411604103,0.019163229752236655,-0.016683024905577194,-0.0033065001650566537,-0.0012022906108272446,0.025941128765438675,-0.0010403944367780894,-0.002783266599002355,0.00842909266418515,0.005411656883072984,-0.0030224042770279234,0.02191548894657018,0.026352715181757212,-0.008484112875332264,-0.015851720655812373,0.0007274305443396006,-0.002320566357223755,-0.005403553931675101,-0.014844450991082708,0.0069772571912608715,0.004293225317349126,-0.00487720852228557,0.0026967196941815852,0.0031400895052186746,-0.03096294872796937,0.005506228605215926,0.012634266842253777,0.007924141157647755,0.0015759041580447712,-0.001006240629852276,0.0019792878539344957,0.004006474601345922
-0.003591504821465706,0.007063483333700141,0.032583315298567374,-0.006270583587999298,-9.112332856479836e-05,0.050731711693330926,-0.0028226847045261677,0.0020026582390738575,0.009327799888396719,-0.0017229584468841648,0.0024750566367389647,-0.008468965057510838,-0.014428792892819056,-0.0033335838662539538,-0.010184722365265225,0.009029257161973477,0.026946154214458402,-0.009460468943278887,-0.001084184328862704,0.007441729241654406,0.0022957050592920898,0.004002756950638571,0.0034423811071451343,-0.000498441697486277,0.012292493922287217,0.0036031913207676346,-0.0007195183658933819,-0.006345341237655679,0.003587672441471341,-0.015336183306435635,3.3672686692098365e-05,-0.012602981973018835
0.006196183128529441,0.012258643509009069,0.010384853639332729,0.015592166044523232,0.020514297507225016,-0.016106798627084966,0.0007163628070705203,0.006264083517818794,0.017595826205571943,0.008142224697766506,0.007069342611382172,0.020578844929777927,0.0075165723423535865,0.008796118805318534,0.013963280707323927,0.007770682747791637,0.012510092975501763,0.016719192181459584,0.02458108999156993,-0.0008634004587101997,0.0028552586082015836,0.015549895446398093,0.0030816691985177808,0.004773584574156211,0.03145540258407272,0.00029583595366279445,0.032504529817021906,0.011071357366284711,-0.0007451357552518657,-0.007462679902934713,0.032477636068657535,0.0007064460305861442
0.006273151634110047,0.001000695315773534,-0.017331500737679372,0.016824330949203388,0.017165486597711756,-0.043726078851277446,0.0017935348453929315,0.014137392140625139,0.013156480358755477,0.02147610103042315,0.026178927505416356,0.012548964111383348,-0.0022767922864276803,0.014030367948668812,-0.0020471951875729493,-0.0054284244607834455,0.009237621900608927,0.028488973372087355,0.018381621764126613,0.0050364268345825525,0.001190741736997953,0.004250629983015701,0.0036183225033369604,-0.0005662044966695157,0.009137244993546076,0.0015599235134525229,0.015226088802783177,0.01255218474810479,0.005969356403642407,-0.005249004879813355,0.023593980339628957,-0.0024506742905960966
-0.0052869390068169654,-0.004092574117167529,9.584318796645486e-06,-0.017417547459000156,-0.010636963180283492,-0.043226205856688175,-0.002955918464759675,-0.006016922051292546,-0.008021582072504193,-0.007352199201456087,-0.013495025556410179,-0.0010908299097439863,-0.00040118980610509656,0.004922644214567247,0.03871712104082512,0.00392665264306283,-0.010658095362059868,0.0001581387066077593,-0.00334193867002897,-0.00015166917263316642,0.0006203769993157994,0.014098701692008336,3.6324773707170895e-05,0.0016762943184332763,0.010661090233395773,0.0002814316440290697,-0.01974466297321846,-0.005880064794384142,0.000758154910192997,0.004390446067268017,-0.007427318859659797,0.0017810149645340841
-0.0003130313825037411,-0.004938831493873838,-0.006643791676949157,-0.007356426198647378,-0.0035034922899663604,-0.018884044678564187,0.002855868251037193,0.013775664468752441,-0.00718786605386493,-0.0047848737343969255,-0.004129631130408229,-0.002626470740541711,-0.013857843207074162,-0.007700651836752913,0.0007496829583196103,-0.01457242397535075,-0.012620831057924975,0.0056721771167676195,-0.004113041233727851,0.005929886618751564,0.0009198176497373105,-0.021179462313357787,-0.0006385234584353446,0.005924375061023512,0.029643981203099606,0.0021203259308555642,-0.008106602278207527,-0.009862998366797594,0.0022446439718771887,-0.006769697596703603,0.011992055252020182,-0.0029305315485988054
0.002155969911757886,0.004399936590286033,-0.0013539910404030803,-0.004418711986235767,-0.004033492735224049,-0.04906964055281609,-0.0014251114462926577,-0.005415319146753859,0.0035401108417630923,0.007867941460220098,-0.0009699901317510199,0.0063649328238446655,0.01033266264475904,0.009070329269825412,-0.014839812925703239,0.011865251749410482,0.0012640696101878794,0.03787867184114092,-0.005794407721021778,0.003770835085453067,-0.0012006653043108244,0.0036935347817350582,0.0013292701411980064,0.00492566987338113,0.00862609924441422,0.000662987221493417,0.029337389116260226,-0.0027461963954448464,-0.0006816242316009256,0.0010891058789848419,-0.017166590546293846,-0.0013093248497105408
-0.001354447192923526,0.009092288337054385,0.03152541384234714,0.000722012661871861,-0.007981277182214397,0.07450213372761091,0.0037587458294992757,0.015150053637318892,-0.012787016423373687,-0.006449556716164979,-0.000436749806828561,-0.003980735115344142,0.005732513705168468,0.0069905932379223604,0.024510765503187548,0.014613865338291598,-0.014468706757247096,-0.008230967654224125,0.003608966134167435,-0.005837125933965676,0.0034193787816492655,0.012367847871210588,-0.004115679386253253,0.0076712099106878455,-0.031219612117087507,-0.003156243543243548,-0.030952700668683636,-0.005410812719906373,0.0005735620957132718,0.02127555282592273,-0.026198057974656047,-0.00409634005132931
0.0031786475739168383,0.0071199308517002876,-0.008074717717662095,-0.00727139612807458,-0.009030164680469199,-0.040456907026151866,0.0006203689025548065,-0.006763027561246001,0.0029181267519816146,-0.0007008917179318199,-0.006680582112861237,0.005052851443343562,-0.002422620911214729,-0.0011808315368142235,0.013212583343175346,0.002298271016503875,-0.027973681120867677,-0.0009289894363866391,0.012465351907730368,-0.006257408795052778,-0.0025309235587334796,-0.00539718412047117,-0.0013890930157561495,0.0009383599056534865,-0.0050732274888387425,-0.0035006613311848642,0.0024011759116439927,-0.0007948147555489713,-0.0040188905447981075,0.020311702248899378,-0.008709020164809211,-0.0016026684284021493
0.003243618938005026,0.04676557292803974,0.028545248397331996,0.01064779719698671,0.010861199324385127,0.05305549241137116,0.006335173719386812,0.028191604355552687,0.035575506172081904,0.028814376661218777,0.028203367160337094,0.03954072991031952,0.051740046433155815,0.0345521218060008,-0.0032221178057909214,0.044065836143027996,0.015278875732585078,0.009886846883775894,0.013825014990403747,0.008770344103674017,0.0021224173516743543,0.03320358340253938,0.00339022874580073,0.006161134482699643,-0.0007033534496063969,0.006490940353238541,0.035063308821715454,0.016790810928370013,0.00431652865721468,-0.01693222612158731,0.00423442981660233,0.001660602791611901
-0.0007008810125515413,0.012440559977261473,-0.01314121284011209,0.008071797003221321,0.01201985392438306,-0.022046961036676072,0.009794756109177384,0.004462927834413814,0.00894083817631302,0.007088663971665732,0.008707926115968132,0.0035942540848992086,0.002312052374956947,0.012804805653224186,0.0018356397707482556,0.009279864347616764,0.02537008077539287,0.0056238422084569336,0.007286380289664776,0.008556871268377023,0.0016895921030369316,0.0057100257346366255,0.004497756027916879,0.005011843052670703,0.014046825061489923,0.004253841904800492,0.015386648074233322,0.007957874734759136,0.0049392572072899325,-0.012241794806402532,0.03844042970288446,0.0015381073651412392
-0.0015585684903070256,0.010242769922799376,0.04349119963946346,0.006511394236118911,-0.0054006376963339,0.08742960358992172,-0.0021182628005069924,0.00660014482818713,-0.0020431103136165883,0.003485191289120118,0.001749324658236555,0.010187618381273435,0.011661458760347514,0.003899588786643149,0.003828796207424765,0.00461764452785809,0.014012595513130399,-0.018941078359184415,-0.0021618406467359126,-0.004880377311038799,0.006810999042352118,-0.009983964556771061,-0.00040088617510753295,0.004370134472487521,-0.009652084599402037,-0.0006524916564206293,-0.005499548870530413,-0.002802114155177045,0.0022114115388569082,0.0062344949622598015,-0.008476723370703087,-0.004207231293876867
-0.001910251481700153,0.01288231084355817,-0.0036738970523357817,-0.004508118110126043,-0.0005364812153272946,0.003859136610596266,0.00025518946972013704,0.006816840951048626,0.008605969669211953,0.004788280741681696,0.006642951589035243,0.009159804007920394,0.009967258211894795,0.008600779888744912,0.01138637259019772,0.019462112094288796,-0.010421284013748481,-0.01308056308259753,0.006136188801598591,-0.001276573064871662,-0.000494988084017734,0.005617093602033446,0.00024810603391534254,-0.004528585264570604,0.010160200404654738,-0.0012487700468632,-0.0005012941643529646,0.00045977015757064064,0.0018591808677185565,-0.0007916064526516213,0.017814847825556458,-8.09175299838795e-06
-0.007282032758133409,-0.02696255827213387,0.02750706738908858,-0.012786832362102757,-0.005369161912158028,-0.01943681935868347,0.00013781662730936867,-0.016450596800764147,-0.01750833684755227,-0.019528138110873717,-0.025676113996963477,-0.028078930603131564,-0.017570727797663752,-0.02113719250886715,-0.029769998658714148,-0.022406386056827488,0.03276112181806516,-0.009647342430691703,-0.012349420984270765,0.0011393142376922092,-0.00302647955229843,-0.024407267647669473,0.004164691740902339,-0.01292200965681839,0.003166168539846913,0.002916390921076806,-0.010938838367528519,-0.013947960604151358,0.0016945723581049152,-0.012134888369697738,0.001292017080285894,0.0038540997797090137
-0.004840020839313757,0.01612522144080577,0.028782666503243248,-0.018352252367728725,-0.005629504906589466,-0.003899400327771207,-0.0008777997840713814,0.01014492153208021,0.006649667703715337,-0.004480788471022759,0.0009092852610511872,0.013695861653820623,0.014641737582019426,-0.003765659460064291,-0.007239364214251895,0.010523310969144446,-0.0058054606806843745,-0.0033170049332225753,-0.012176463345017267,0.0010893948798997406,-0.0002359210470781139,0.0018393776764068395,-0.0007521845442553058,0.00642505898426698,0.012577555106902543,0.0006729198558027478,0.003950789440266134,-0.007895283781274706,0.003141758952908394,0.005697513680481518,0.008531759163913721,-0.01754259952645202
0.006199292055186601,0.019843610142958556,0.002023799290644847,0.003649878067194967,-0.00342231896655256,-0.019536237652238858,0.0026666581375365634,0.005615603511949,0.01896813341384321,0.02070967519268629,0.016243665110994544,0.014663059574815687,0.031008943720869275,0.024450733225510536,0.010480008000608304,0.03333121264483134,0.004675687029524871,0.007570277397304187,0.00644778988128533,0.0030078388984703724,0.0029137833277587204,0.025825794516226908,0.0011898854145862329,0.0031229778404688094,0.0035488748805955193,0.0008548287665150481,0.013764687821610758,0.020212382306349183,7.039111708630934e-05,-0.010245947895986198,0.01716087388336334,-0.0013317566128165843
0.006691584400388027,0.01950076419744837,0.029695811606662688,0.016104311661189908,0.008385460536669376,0.005206612949426264,-0.001737991174324848,0.002202104232001183,0.024303800637089954,0.0235073145641646,0.013464537357095538,0.017603697162655606,0.015578825419677362,0.02444694039839727,0.00017970239909424656,0.030601100684389475,0.03217016640167956,0.03532204155359013,0.024021300233916472,-0.0014724109950295747,0.0029905549610285223,0.030967011066446816,-0.0004298591193648641,0.004972452976612111,0.0034449775326497443,-0.0012109658238200409,0.02435169045461865,0.015573138951919965,0.002668110291130289,-0.0036468713504648254,-0.001472524658251048,-0.00042485576278559545
-0.0024973316005955782,0.004417322090377355,-0.01892166755181699,-0.006186687469979733,-0.004870965575778423,0.008739835105901294,0.010850387328777002,0.0023480651249764136,0.0008698838983221049,0.00018657096923596698,-0.00020045427617533667,-0.0007980184650330357,0.0005865005221627553,-0.003610003907701492,-0.02631773421190108,-0.0030698415820901623,0.020043527544593744,0.012213207271914914,-0.005439048797036788,0.005398114634721432,1.4421319184843408e-05,-0.0018079784878417028,0.0038074529460708217,0.0034521360639326814,-0.01880247598861458,0.005163419134823358,-0.012191443932919016,-0.019118587397844024,0.005780751667487117,-0.017054062862646616,0.003907814853907847,0.0019933004786880995
0.008041065452618259,0.015406116268693615,-0.027831352564469853,0.012459507970647732,0.016525429920275538,0.05058834198593465,-0.004960726022007299,-0.0017926810824711466,0.040823536263137394,0.016341488170145416,0.011816506187753994,0.02155442209892179,0.01713670894238896,0.005974864167621128,0.02967576920335583,0.017991885735450037,-0.015509106473163493,0.003750765691958194,0.017001306189983932,-0.0027423647440192366,0.0032370012779149846,0.025994857384464137,-0.002862416040386821,0.0010186639503799125,0.0055348287995784715,-0.003623777491323866,0.016067482166203306,0.01353732938104204,-0.00328425872004962,0.026225272364407054,-0.005295386884978104,0.004385415683775426
0.0030816130472753507,-0.006159856309391728,0.012822933755099635,-0.0035743326261505615,-0.010392286829511937,-0.00031459427121385814,-0.0029129184831139135,-0.005547963263383252,0.0025437902748312704,0.00938811244712484,0.010275999279514714,-0.01122564672378257,-0.019799629522681623,0.005613640239498078,0.02689681503897485,-0.00913724396171646,-0.015919190876200848,-0.01045721473186401,0.035921515018918736,0.0007857247056609711,0.00257323685013931,0.007318747013889069,-0.0009767625744415164,-0.003027949543850306,0.018172458926413105,8.286668420183232e-05,0.00174385942395302,0.010335421692235638,-0.00202867862336056,0.020028287458950765,-0.02767987815122027,-0.00015506440705053415
0.005604867557808743,-0.000817954025506681,-0.0003787610377349187,0.005992212163095579,0.012054262640325658,0.02246930407773682,-0.002425787712570017,-0.007813300161043937,0.006549416287059978,0.011467124102676538,0.01075973561453836,-0.009246530011228066,-0.0066872728891260586,0.008755824413883749,0.023865803147016845,0.0034720066987266388,-0.022609553666055347,0.012082399403652983,0.011961710135379142,0.0007540406758847547,-0.0024583713035898594,0.013994931845664912,-0.0022804128918559943,0.0017930998007630375,0.00669575676460916,0.0001417329277951925,0.00624708493726505,0.005432217080052582,-0.0003355468201638738,0.009327728868303947,-0.0016659806541883578,0.0012764593249202719
0.006341603752922314,0.024732154526688355,0.016282761213925974,0.015237986624890728,0.004865975253645327,-0.044464521785325485,-0.0026545483697885215,-0.002242965483253868,0.0196024484687,0.011063361344431283,0.007693632957622298,0.020291776662961537,0.015523600091261086,0.013409696365172094,0.01595586972327736,0.022147486462719378,-0.005709156522569946,0.01937289896438852,0.02190599513759151,-0.002595660636925609,0.0014428154113868732,0.022275679541998734,-0.0008534615352810797,-0.003655631545572605,0.0007308666035522875,-0.0019168540177239041,0.019099497672576606,0.012984956392659522,-0.0010240155148826143,0.0101507719647469,0.013605552398926779,-0.0008661240242303081
0.0011417673372516542,0.019093100855816524,0.02877951085765993,-0.00647125788646004,0.00975011531139151,0.03514816640245421,0.000594420787646096,0.03307628596732285,0.016616666788559546,0.016977103860930907,0.01936102991791186,0.023959060116621595,0.017786235964973772,0.016168072827011153,-0.004695843357315899,0.01940138739398331,0.02547803432691842,-0.023972579425303286,0.001683683110213352,0.008420077210332427,0.0006751543638178028,0.011868294032526965,0.004229498049286653,0.00839375736882866,0.0027388406099181236,0.005206923901846258,0.00777534734805733,0.0014068295252915052,0.005278410529168232,-0.01394145170454419,0.014010857895064307,0.0017073363078475164
0.006273501364406466,-0.0033713982330182564,0.025638070241321052,0.0028714182580758243,-0.005927786618684945,0.008007879296748163,-0.0036379476108044,-0.006014578697666677,0.0005873180306166133,-0.0037010490640050305,-0.0029255725499034517,-0.008471010004497364,-0.007514599801711559,-0.0027351897687293335,0.01273055961806536,-0.007614879842948691,-0.025540116625260782,0.028460155235517464,0.00676264675938195,-0.004658893651994653,0.003229561761096434,0.0021370500608909235,0.00048745340805419747,-0.003070259082130895,0.019694735630251526,-0.002451261293672575,0.0073579077685531225,-0.005670872723846671,-0.0029706701223585702,0.0177058374770824,0.012113028880827232,-0.001302284676417982
-0.0006061759092390572,0.0019716983347863866,0.01106769054317716,0.0055059035252648155,-0.002421091153879499,0.05250815191180373,-0.00675294576729053,-0.003072849347247911,0.006283031224408525,0.008131637719690507,-0.0004479454710987674,0.013220540244060492,-0.006273997221790608,0.0063042676692470125,0.00329062067098913,0.0005817590767492862,-0.008314614300476754,-0.006078976052771336,-0.00776512900972888,0.0008021330654650046,-0.004479500134219044,-0.003795180252603516,-0.0032676314126825583,-0.005658100137408792,-0.040164607683837374,-0.00013057842242431648,0.019102932833048782,-0.006947137886730263,0.0007068560692840297,0.007230422645462367,0.00735148532114082,-0.001688909898052172
0.0009125478597642643,0.008815972016380626,0.02243670343294409,-0.003946341391795812,-0.005723408141211071,0.02809651439837955,-0.005027552649212462,0.0037267223387591726,0.011231982463500451,0.006647401602591478,0.007225890250429995,0.010373167713792975,0.0008459360194313639,0.01145838584256187,-0.0032584535632361965,0.007390117401139727,-0.0034614891516890635,-0.007424496394737948,0.0015722933229485217,0.0021177159832913572,-0.002491671216888807,-0.003719719732654613,-0.09862298827465618,0.001642055605646528,-0.03427399963125928,-0.00088399478429098,0.011637358881057408,-0.01519621314817488,0.0018181881942654222,-0.010315022930165577,-0.004969625204275701,-0.0012015011377031815
-0.0017415834488524954,0.017324032031532054,-0.008954286382315827,0.00861409734174268,0.001587158223240625,0.033385350640633554,0.0059851327597138515,-0.0007744516137615506,0.0025511095941609537,-0.010754726616600926,-0.012175972771880761,0.0014823674081768851,-0.0013632826400092994,-0.009244056563977967,-0.01836976742327123,-0.0035434515870572045,0.005225615313972006,-0.004981698822130866,-0.013248243149771152,-0.005646752892625892,-0.005763677921262956,-0.00809622597856002,0.20011563164586016,0.0008880083341113292,-0.012225194746871693,-0.0018659559948603923,-0.0014625951423707583,0.004148127760957887,-0.004010150987260901,0.008265533267656514,0.0033432939581125552,0.0038376266459586262
0.0008132498839489285,-0.008130744224583332,0.030812778558839994,0.015295960062268545,0.018154680401911573,-0.010481194847019442,0.00029029220157894607,-0.009192260149129761,0.0015941593846823172,0.0036731207626071786,-0.0021666608523246327,0.013526270749927322,-0.0014865061711865353,-0.0017239463272123927,0.007792795358582259,-0.0002996828974847855,0.017671470148975306,0.011378621077629478,0.0005351512494053752,0.004761776202800591,0.001174209672403387,0.00048465335415001713,0.00014884365669671777,0.0006246372605769783,0.02397726260948143,0.0008790274042464552,0.009868777477570964,0.008938646115612495,0.0031013202110768594,0.004915797725710401,0.011795819280106232,0.0022401686953178084
0.005413683734472602,0.02696771565089901,0.00915523773185122,0.009606235861034661,0.007085485273400338,0.04078475588556652,0.0057813046873007356,0.016927685248766682,0.021510129105928928,0.01981826965666866,0.02820075557319291,0.014159362129424685,0.018560766987468412,0.016253542902887018,0.00703744281386755,0.024239458679748,-0.006455255216675454,0.01949542042778892,0.017824991978114307,0.004595168179741653,0.0014264736794451706,0.016772339759014033,-0.003924131705595505,0.005146123256009991,0.030941463085669085,0.0009590292704716778,0.02203447811745308,0.023065240293745206,0.00204679652465022,-0.002338222413346499,0.0012205781393334815,-0.0011400536182627707
0.013115452706216484,-0.028622988216818156,-0.00520874433416625,0.026147746876082328,0.02437743670206001,-0.012072059815576925,-0.00053977766294878,-0.006954614643352922,-0.027269612799344638,-0.01100198853363792,-0.01130528393534972,-0.02870063934869399,-0.03456486043453057,-0.008049479448039864,0.04302576966320238,-0.0141354912055814,-0.009234847796442,0.016188347390273673,0.014623282507924208,-0.002106080780918025,0.001370316410778597,-0.0011583893394095893,0.0004446520753229619,-0.0014810253840844047,-0.01780942861454461,-0.0017950036159973064,-0.015009132493920479,-0.0021469849176770223,0.00028478316017205437,0.007878248028072094,0.01716764656734216,0.00029661312889162625
0.0041227657983108216,-0.012803518100850775,-0.020155111750000333,0.009167280212813846,0.009329972509686332,-0.022263564359610577,-0.004098424173529611,-0.004979234904652899,-0.016477127945303982,0.0037609087576365823,0.0012346951499244794,0.013689076935029309,-0.0030315912739211012,0.0024773095014553126,0.00906761778838402,-0.0007751278674263936,-0.02905304248240862,-0.011133069972139708,0.0022195930939868927,0.004181551478749169,-0.0001272752187143851,-0.007696497723851103,0.0039063242398805435,-0.0012070031247702737,0.021089268604072266,0.00023240506464078394,-0.0013258603607094132,-0.008475579722677396,0.0015464475676058144,0.0066192087365721615,-0.015923684031384343,0.001636654558123668
0.004235013706259399,0.011349319893170331,0.007379661866080463,0.008368031614963847,0.005279810203777977,0.004552015276105213,-0.0006245582580718786,0.02081810514553852,0.008672387784499693,0.015385075096374805,0.0035779696840009248,0.0061278067125176295,0.010370762147723735,0.01917962720725746,-0.003268849736743758,0.020325994818076475,0.008847757761703694,0.009161875262620623,0.008302110972133247,0.0058227405758065065,0.0010623374468661843,0.008376473624879529,0.000846271938190725,-0.006305296347873644,0.019897809282612734,0.002183738704732764,0.02492460271533732,0.004534704835688617,0.0037691255863193307,-0.004543971603340375,-0.012078476429112117,0.0006352662441666379
0.008036825267129634,0.0061414125970186495,0.03878068984781728,0.009573969477288632,0.008174379665491487,0.023781654487508345,0.0077543147400032765,-0.003778196510078906,0.012345221566952528,-0.00040393059964443365,0.01420574718148063,0.01860749003860252,0.015434037093279358,0.003222380431552712,0.005249993516136663,0.018150165762029147,0.018077345979377473,-0.0017979676102528749,0.0019065050127562342,-0.00841723383041824,-0.0005359031679439584,0.03365961688828052,-0.004587792963235814,0.003002518252533948,-0.01961668088196495,-0.003998779072176365,-0.0038551421703351546,0.009523140961581984,-0.008569216618178263,0.023142412541499645,-0.050908478306118644,-0.005063057945921864
-0.013310830858919978,0.0365133136245855,0.02241498490909223,0.0006588347474450983,0.0014542938670667662,0.036360325282351995,-0.003844461329256925,0.018315190041719654,-0.0030501140553041593,0.0004277328740085972,0.005725738945599036,0.005251291684719353,0.019362317675447153,0.014996780938110275,-0.0007924203094539304,0.012436508143124301,0.025016582890844085,-0.0012652489529369477,0.0021883738979636387,0.006837234332640658,0.0032589759777409237,0.004705877093133649,0.004808235555831042,0.002057120020643858,0.007638562139283968,0.003672299359643768,-0.0094742394779817,0.004697740031225953,0.007663859013527447,-0.010175715014448408,0.009054195045863161,-0.0008431334903271056
0.030495764407799848,0.04310641294970939,0.0066874707445001595,0.028479142542657487,0.0017375029236647254,0.025973261414211725,0.008318586789913004,0.0286831947029594,0.048072784831467597,0.03814586958139151,0.03578067767693603,0.03857492703738724,0.04975171549200671,0.03427661870082184,0.012620930695228457,0.058454205343016576,0.015726731658240546,0.03406757365217268,0.012233768541807976,-0.0022332134093586537,0.010993198916072266,0.03978830245094698,-0.00020522960721243395,0.003637453806585627,-0.01223314021370384,-0.0010383451164959685,0.04588313112807156,0.027555053109563337,0.0028246320755129094,0.010424368464949705,-0.028095060343558576,-0.000820395278704003
0.012248465655873382,0.009432710802224072,0.019361227373902893,0.033550418422728226,0.004215701834663925,0.05252341168055672,0.001672556001209189,-1.3534387009740689e-05,0.012251146163418705,0.017297402536996912,0.016246364722232613,0.009972555660298726,0.011289241591476058,0.02092553595895602,0.02811132787092021,0.025673889447812882,0.015758606389951912,0.025706316577032807,0.02638926828939221,0.0005371933293493887,-0.0020950125587857254,0.018719882372598147,-0.0024550858459471327,6.532808599431914e-05,-0.0299192273686291,-0.0010965890409741987,0.012320559836807186,0.014716695801179156,-0.000702992193864424,0.013499547211612218,-0.021568817415750327,-0.0029476196380811013
0.00420056497071496,-0.0004513298315982735,0.0010031856213937906,0.008854538123901884,0.01881420688319375,-0.007965989070782784,0.0010253542813523746,0.009174436419705218,0.0079056750285576,0.00471039100267563,0.005975864194180799,0.0029635263207257847,0.017489699733055288,0.0013962985599686212,0.006765653753083569,-0.020434869690887154,-0.006383715629137414,0.02144904984946574,0.002452365829309814,-0.007358225920449536,-0.002319112935876828,-0.011406208681425004,0.0005122767873055115,-0.0016398811931396958,0.009506038994811911,-0.0037785781438299656,0.009840129551979635,0.0025601122405127658,-7.477377044366169e-05,0.01689683667130515,-0.006107947811384021,0.0013837935666694806
0.007658791993393863,0.030792632739808184,0.0065169894116809905,0.031006675215597978,0.010083872251354544,0.043206603976909196,0.012932917780707898,0.016648579276378854,0.014185304166950578,0.01105960357783305,0.01597153630835719,0.01812524554033209,0.04065980531546329,0.010678107777186082,0.013002696417744089,0.0219462795504204,0.017225240929500167,0.04392389983860494,0.014475848327587243,0.004754646813652755,0.00010933457911898652,0.010892797782212318,-0.0026298742671538983,-0.0006065241713977729,-0.0071925441340583264,0.001273417574063289,0.029636946529764452,0.006773035175508073,0.0037289670893897488,0.004877830480065523,0.022131820503135093,-7.948806690130372e-05
-0.030245913825728395,-0.05777070950592099,-0.013699587653383383,-0.034765421553343084,-0.03949497380744381,-0.020957854461693896,-0.0037914197838705118,-0.02026024977348694,-0.04410314611502547,-0.041811423254103,-0.046235171203847326,-0.050479989810698525,-0.04689092314003714,-0.03716936973737808,-0.023122333037100963,-0.0472888491381069,-0.016678833943364578,-0.04711848261579563,-0.022448318125238495,-0.013136622577466164,-0.008852854910778581,-0.06043019542793696,-0.006204819301354028,-0.012762107734550018,-0.0669801881193722,-0.007140086006474577,-0.035537375124629914,-0.020326788768155708,-0.0035128804315992927,0.022377829636243733,-0.030845624407275334,0.0003716948854434188
-0.039148028253422486,-0.06083313668609443,-0.0603175215338001,-0.04706491527336679,-0.03994261343902602,-0.10333691807913525,-0.006796340746236615,-0.05725468326955354,-0.05108620482632807,-0.053312918598480696,-0.07185796471393553,-0.03544643988338893,-0.06007703263737023,-0.059847830608349084,-0.05039611740405411,-0.03899002593295935,-0.016939666513411923,-0.06474903063503096,-0.04586065448557891,-0.008457707288079866,-0.004373688572764605,-0.04105966074214459,0.0004942709887792402,-0.010182113986042832,-0.027218349083331532,0.00014858548816380548,-0.046582651922068126,-0.04972253507904707,-0.00541145314253391,-0.010676732675360984,-0.036242061368334924,-0.08330345841769163
0.03036516831666498,0.07045085390272812,0.03553237280716119,0.04203018967400653,0.039492610395366876,0.04765492998651861,0.007061281913850148,0.03854486164589736,0.052721929744312446,0.05250702080834548,0.06531546379689852,0.0439111731809388,0.05865066951600904,0.05685938046937129,0.04578979810870022,0.06835643126220207,0.032150386052720886,0.050838744946383144,0.053579280508902705,0.0009369143194721508,0.006516105830797547,0.07006415110593556,-0.0007954007395380727,0.00906695935047341,0.06647591060673758,-0.0008197750588191775,0.06360452147141202,0.04837041989161283,0.0006348084963565959,0.019612931490950537,0.03957806245226389,-0.017986835662593553
0.002252258094248771,0.004166401943848345,-0.002378632513307977,0.0047942319859867995,-0.01773375977959476,0.03508918105407473,-0.0036598759620689045,0.011965591913370982,0.015537932044515123,0.0026605030593822897,-0.0027970323257229153,0.002423643173499475,0.014463946623542459,-0.0011939333653970727,0.0001561000301445176,0.00745512924667382,-0.016738982061793185,0.0026414192574912123,0.0022479849382178504,-0.0014153149683833956,-0.0007355872382834208,0.00363041207803921,0.00013941735200639075,0.0009356829770529547,-0.02583050427074792,-0.0003341353934162016,0.01603392330207993,0.0014088904072459302,-0.001981605080401195,-0.007448301904380271,0.004517740770188153,-0.001473077323540088
-0.01354654326564495,-0.028031628649721068,-0.027211703979003115,-0.02310850000828732,-0.015141842520170434,-0.029161649335458978,-8.772060374409983e-05,-0.019626352299217532,-0.029811923949418496,-0.024093128229915474,-0.029793709237984266,-0.019433024664559338,-0.02978092841102183,-0.026920634003190363,-0.016706193078026628,-0.04630680483541235,-0.008170878862724416,-0.008343000541421373,-0.020544211581083827,-0.00663602505352308,-0.004353466357439485,-0.032364944449263834,-0.00046204939071917297,0.0008789489237663037,-0.03235896729794389,-0.003530543223549,-0.0013914746420724696,-0.009736202353908768,0.00016994523854313675,-0.002739969336738501,-0.04025341676489551,0.000741358719362667
0.014612281100972725,0.029463549123467048,-0.010470387591251885,0.02631405984580848,0.035336008336328675,0.01399324432164989,-0.0021713787707165963,0.023333704257524953,0.042949506799704704,0.040828610159776756,0.03828051613034394,0.018011740049245988,0.019475101870596697,0.027497594475983156,0.05034668924391272,0.019628678765930857,0.0006786131887230055,0.04890259186974277,0.039442597754840034,0.0022068225533540932,0.008323058815937144,0.030256590325788035,0.000637993344799502,0.0018326072572711787,0.034891727620465704,0.0012131500186293351,0.047599002906558295,0.03398460283523724,0.0014874058707792038,0.004339767437976588,0.015604958355959531,-0.014222075899243836
-0.0037131338770466553,-0.002140624545363406,-0.016822212540805313,-0.00951389792218159,-0.01458809004178544,0.010997204989735393,-0.0019636895840517837,-0.008613117546248985,-0.0020792989159155277,-0.006415415515248171,-0.00710781349247214,-0.0018005715303182923,-0.006231582845349038,-0.009440979270664514,-0.01930189937718396,-0.012505905553492676,-0.010405847592078696,-0.006598463305311398,-0.02038347506239687,0.0037164282483700176,-0.005887932427823104,-0.006303262108199212,0.0010606810988856422,0.0003487064870829917,0.0273154803766823,-0.0008318043045051531,-0.008858074593121323,-0.01495747642129098,0.0023189749321331013,-0.0021490243097978395,0.026510148812841288,0.009612811418476575
-0.030362184523884082,-0.05564790700458231,-0.0002847923832918813,-0.046204156342767755,-0.04513119354420986,0.06496699069187674,0.001378320113118962,-0.029709689041341365,-0.05333760943592133,-0.04332691038697472,-0.04102452029874513,-0.04217658570225398,-0.0375413795788909,-0.03673968447868914,-0.06563554107362451,-0.052616533688424214,0.032492738883672885,-0.06075634815833977,-0.031272156518308676,-0.005416552928342189,-0.006636791666775189,-0.05594165832311957,-0.0006102649690783132,-0.005325815559703688,-0.029360708126545336,-0.0010714120741170295,-0.06776585922733265,-0.03802402917905544,-0.003598574563281039,-0.005621187102813968,-0.02582734185703897,0.032095189457725846
0.013483787526907598,0.01876457176188228,-0.0023930281268513785,0.01282737449812359,0.02375167531132678,-0.01279636836240471,-0.0023355193442198595,0.014670565307605929,0.011123785830224565,0.010464222594485751,0.02160933723034434,0.02587285491580965,0.022999181057827018,0.009193441443465525,0.028676007667900925,0.00702936183552279,-0.018102838406145554,0.021798149596282446,0.021232742442437245,0.010267195748058695,0.004987694738482693,0.013083957800508647,0.0016700649859979371,0.004028799840656084,0.04248458290906541,0.0036488997317947686,0.0046087104611189965,0.004821374044613921,0.006641421612465548,-0.007445351814306682,0.03679580142262466,-0.0023265460447494516
-0.003809475502101039,-0.022289662071176265,-0.0276399867424724,-0.006927135576186498,-0.00041020384311781476,-0.04628467707018481,-0.005341042716965719,-0.010141696502828099,-0.018050799120898166,-0.01183885309079384,-0.003042434921256483,-0.015953467142347334,-0.025059239179873526,-0.011236059328866982,-0.015282027991066188,-0.012763771254146883,0.00463469030794936,-0.018847593726027668,-0.011858914840474397,-0.0025325409812697896,-0.0003604312195468674,-0.0004032334378445409,-0.0014382763784562612,-0.005031894932966601,-0.0007812152048305889,-0.0010929048182994458,-0.023107615856655613,-0.012257051372531653,-0.0016794638970526964,0.005630536261609205,0.004671251162323331,0.0039833243248495855
0.008737671917635493,0.023589521192685897,0.0531762703396962,0.002696330241028294,0.006850603013586813,0.0839885204467837,-0.001817017014774213,0.01623736901852706,0.027397323329145275,0.021644453999227407,0.018121369487950588,0.022791791186527265,0.0009250631706422806,0.02392957853247411,0.011513308960560752,0.026684365834590884,0.00948219796800141,0.028691747527273763,0.01998416328271994,0.0032093314638273348,0.007368098718654362,0.025233531149908554,0.002067635251671958,0.005085843983563245,-0.03277764622335129,0.0012267111413010305,0.034006301057062205,-0.0033590031745412475,0.0019760859653643356,0.004587674154065215,-0.013781892643324911,-0.008722809172742731
0.001997738591080495,-0.004888277864419558,0.03200870656424466,0.016767630800455506,-0.020067415475476615,0.023612830863885655,-0.001743495274010722,-0.01648821048531716,-0.0025836296012142343,0.012211062771039626,0.007414614530636861,-0.009558823012293893,0.001461779044622359,0.011183042530691037,0.016986958972749818,0.02226461079029084,-0.009008232061384704,0.018318553764346206,0.020961423342737755,-0.010592886525418019,0.003349884976088764,0.021775022655333046,-0.0026751425419160187,0.0010761248209380466,0.020624754269626,-0.004568732320949107,0.00920273163926221,0.004190586795518795,-0.004282140625594424,0.021772114334482236,0.014600476157057233,-0.01402919129418383
0.0013359522614628653,-0.0011794204738556375,-0.025718430990712877,0.015248732478812371,7.522261822815665e-05,0.0027991872872141868,-0.008023080497156134,0.0008964598785641754,-0.01658129446440973,-0.009843080867866649,-0.0011127261279450674,0.004974082000528586,-0.0025006693745032874,-0.01362068950665014,-0.002765473961431868,-0.014969980983844347,-0.009585766039873968,0.008561885069051572,-0.03525802580118664,-0.001409897586146351,-0.0034352417411133247,-0.02906752483386474,-0.0026206760932585326,-0.0063726779812069935,0.023672616046629808,-5.5023738387631696e-05,-0.00816048623049527,0.001397577693449155,-0.002699677582963321,0.0010651644423206254,0.030286498221779985,-0.00643442836966499
-0.0025056181916953977,-0.005542726818743951,0.005055712579724303,-0.004072156692216926,-0.017532708431364095,0.022446869795529286,-0.005028360621468589,0.008431992384787146,0.005493964989395167,0.009448606202297172,-0.004276009067305046,-0.010383205286874298,-0.012966392048768444,0.008679180597791752,-0.010547385912258896,0.005721824005991244,-0.009550047390897265,-0.005403241194233808,-0.01836499220821222,-0.005780711655566334,0.0008067693435925532,0.004452724143818863,0.003933937278560286,-0.0010922054604973726,0.018715000193547486,-0.00149650899571464,0.022364629430893346,-0.011165651973361694,-0.002233338514901883,-0.0029421440678056203,0.004118771999960172,-0.003271243465841368
0.008499257237832913,0.02096986680802789,-0.0014813575802315516,0.007397956739693794,0.012834243884883023,0.029850973051994346,-0.0059425411214954135,0.010548968388120297,0.0258562081188138,0.029394358996454355,0.020728022828176873,0.0069223946303983205,0.017963573058631395,0.03192447423080078,0.031418736567093444,0.02543838459457956,0.003853415358793416,0.03218983902686472,0.03931506756870047,0.005757781596865996,0.002973587797394712,0.0187754193271015,0.001960204388632152,0.007151756771983382,0.006998706464598532,0.002369609514456633,0.036326295837562986,0.01061956045208745,0.0031044572779209915,0.007171912254212698,-0.017951126208192635,-0.0094768467631075
0.005463716544436726,-0.0178648794226235,-0.001695712689035023,0.0014258740436505352,0.001947602948677777,0.012879464030120488,-0.007546791504872562,-0.011200227380543661,0.0021797591819461637,0.0007573706148688415,-0.0007215855921206094,-0.020682758034420042,-0.024002983526985468,0.0091994080781887,-0.0031318173476054313,0.010966826135830656,-0.024189896464244208,0.015001664132149817,0.002205602643359092,-0.006732011714448788,0.000258033805273764,0.016648365310352027,-0.0013150989895310667,-0.0025443975912934932,0.001646924655418771,-0.0007797976039807198,-0.014758879641417588,-0.006559282742215729,-0.003857520616503439,0.008271027293473638,-0.030699754920356797,0.0005682544424741861
-0.0011727213560923401,-0.008490030624912038,0.0018727533953427646,0.008649838652852567,0.010920633040447821,-0.0536560906617359,0.006312347337922952,-0.002572818958827573,-0.0009237611603370645,-0.01316685411081171,-0.010726520172929065,0.007290201804296894,-0.005445937271971081,-0.017153573414610074,0.0008871836201572999,-0.02648357511059222,0.006802424679628508,0.0011934410450558173,0.007263761864208207,0.008845385111940315,-0.000726020714623434,-0.0148477607928327,0.002912551469387711,-0.0019075897838287705,0.010408277188498832,0.004916827455213536,0.01127260826557162,0.0010219491075997554,0.0035572721852918376,-0.016855531552532388,0.03117042958063926,-0.011420934950248611
0.0008972063258692823,0.0004613241906083842,0.012225897997670382,0.003313862601886079,0.004358822562636353,-0.02931022111340889,-0.003817693940506707,0.006247245115262955,0.005800486011951367,0.009004957529211825,0.0014879430436571827,0.005076059188564899,-0.0018838619528831538,0.013958433881750009,-0.007481948090297212,0.02479104648646056,-0.007100776286586746,0.011264610352970779,0.00267688090884142,-0.0032250875366374005,-0.002980132474068813,0.01024318119897467,0.0011642878017701576,0.0028730920845633,0.0025909079673818304,-0.0017505751383712724,0.01925684433839526,0.0026653627698642783,-0.0007196058443592853,-0.0029122087960104827,-0.00040679411018016055,0.003001144940820772
0.008121128695215899,0.003366232806953598,0.017449525766824524,0.03405803781973264,0.026525983581345093,-0.0058673282780090635,0.004769863191859694,0.0152112344057763,0.013339546367514096,0.006373560004106903,0.01339577077155558,0.007944548749341229,0.0027380441861546033,0.0008993070966169487,0.02300384310609975,0.013622849938997641,0.004649503353394539,0.022344669695267345,0.020231111632471342,-0.0006644990831711571,0.003964617460459907,0.017536976537857064,0.0017597244899887406,0.007086908827551211,0.010377813747609727,-0.0004382866659065652,0.01728264380250682,0.009443484597291243,-1.86014740373617e-05,0.0034611935050583866,-0.034512511430997,-0.00764611433370897
-0.00317128261576916,-0.03006152256280681,-0.02700667636284218,0.019318337744554857,0.020660663985770926,-0.02334125187766056,-0.0022409004773562904,-0.014405061620309167,-0.010976023173286354,0.0005703325699541134,0.0009156647337177227,-0.018880835129811036,-0.021765562464395767,-0.00859829528548249,-0.015836263942852428,-0.012368437110193569,-0.016675353895133308,0.01879698494113576,-0.018353721435722895,0.0020331146978457074,0.0068542428002163844,-0.021735194510618946,0.0004482398805468272,-0.0021919885516070705,-0.0009847051126886796,-0.00010711128286030022,0.017028784999015847,-0.0021963308749540847,0.00016755405757182135,-0.0031009337438415224,0.022218463553146543,-0.0023528003811880047
-0.003194832790957996,-0.03297596044636621,-0.015284598825986807,-0.002784038804169416,-0.0020899200655353717,0.05855632984514662,-0.006616316433244866,-0.007129588552317774,-0.02951871542104411,-0.02541775093014333,-0.018341366184297117,-0.030224573201041514,-0.025470894989848048,-0.024520301475777433,-0.008108860903535518,-0.020200613631466358,-0.010854270637095226,-0.002880460403608422,-0.017797083195838177,-0.0055275784513005065,-0.0028218027788693223,-0.01827915989191392,-9.895563098703707e-05,-0.006269383875863177,0.020284381163121736,0.0006400480582077876,-0.017364466320779363,-0.008208627580751696,-0.0049621464817300506,0.005024229704020334,0.030337683808627985,-2.875320115841573e-05
-0.005230735368960164,-0.008969073896131571,-0.004612857155735689,-0.022321567925062506,-0.004058947556353038,0.07905785684577334,-0.005450667296548471,-0.007687955665405993,-0.01107353245056705,-0.011958483400293877,-0.02081334320411103,-0.01850482486151611,-0.009913133339377354,-0.01494446380751765,-0.027827956403612797,-0.02607512891749251,-0.016694214685528903,-0.02633935373649684,-0.007143752501482551,0.003947624452830863,-0.00032144954338134363,-0.011284461973427218,0.0008819078659228019,0.0049073842665385585,-0.009995675154172429,0.0018412194599901894,-0.023087626878535175,-0.00038220376825976246,-0.0014775816995913384,-0.007359313965887968,0.0256633040633338,0.01591136571662338
0.005538149002345739,-0.008457546935258973,-0.03672959431888173,0.010875517805854629,0.020298592759266133,-0.01855823539772066,0.00035599436070147834,0.005659345283890547,0.012771646261538682,0.006208791922483347,0.007164435336974054,0.0005737057224040924,0.007380350933449768,0.010806297530351556,0.008982025033128564,0.011301067172135274,0.0018401979179913583,0.03540968566952225,0.015429180111715419,0.004433956624929445,-0.003621935337634255,0.009768281090664988,2.1197120149182152e-05,0.006948780855769651,0.03353138999916981,0.00012009399938169708,0.025996637116390775,0.02112519931373774,0.002228882085327299,0.0006244871669027329,0.03479327040270686,-0.00817594831156106
0.004707765192005114,0.01529835666569889,-0.022762642851910604,0.020214279506735693,0.004224124631400476,-0.026457934500276715,-0.0025707027599170236,-0.0035679453199767156,0.006263404265568616,0.01252708371556525,0.006299291973723186,0.012829590496942956,0.011038106107625715,0.005401513556628898,0.00505089767666931,0.0030370195389854567,-0.014501678535839202,0.014198945107133954,0.019516753266527253,0.007787910572131374,0.003860181045029374,0.0042101921627752965,0.003072675231956918,0.0003629847093038287,-0.01943070531808064,0.003496619745239622,0.02286162073464796,0.005256209314403075,0.0004463617424608285,0.0032940254540495496,-0.02108983007493463,-0.01275172177385427
-2.8857550843294777e-06,-0.008382477395829277,-0.02562584517530687,-0.0018236314011695742,-0.002612580677306772,-0.022904883597172777,0.007244265506808292,0.009602979452047617,-0.008584768280890234,0.007804419247792312,0.007844483998341735,-0.0004328469190474811,0.0024595266866720583,0.004106661677242067,0.01922585063250286,-0.0024849435489377554,-0.010417685312141704,-0.0006137564791208825,0.01211321532632752,-0.005397326438220983,0.0030262654454962607,-0.009126445737539759,-0.0003057801087516459,-0.0012357235200312056,0.023362714642060262,-0.0003392399423169178,-0.0029293780053437795,-0.017336719301385653,-0.0045305408627848535,0.00435840156874358,-0.005887378759246329,0.000931308960021297
0.00137725376675049,0.007516002488748147,0.02224932737856854,-0.004895637432626997,0.004804484282828284,0.02345696710704657,0.00413399973037736,0.010431965528873462,0.006233599453166395,0.006647804577427974,0.011039556636029676,0.013224874575898687,0.02195868709169642,0.017328848106767353,0.009221427890332274,0.01730237142240475,-0.007726530721447927,-0.0037489236491606744,0.0031713421319834443,0.0025637953894675635,0.00416513239876156,0.006347292540310264,-0.000764485646541166,-0.0008449528095696643,-0.005718733315278186,3.5082881065011775e-05,-0.013674336847037533,0.0032140439625115494,3.1615358907582414e-05,0.009215393951188082,0.003977162188509528,0.0005208652398271674
0.005082040880928559,-0.02576379681374928,-0.002115312669773577,0.002359271129014639,0.009859705759411747,-0.008947017315657335,5.3422051037293855e-05,-0.008686246371167498,8.00689049714435e-05,0.004303894151655142,-0.01854048769719586,-0.003870685585047235,-0.009459718305280576,-0.000198824796857211,-0.004772511569064256,-0.015018263015788031,-0.009370578638924319,0.02544902889927637,0.00929760719631086,-0.000571193340428399,0.0016238456648662303,-0.007570530039788496,-0.0006041762891206277,0.00023192282955470113,0.007604781058256368,-0.00010318137803533618,-0.0017387844413129087,0.008563290316082365,0.0020028483388673645,-0.004419338995957097,0.013493514778227522,-0.0027106374007491822
0.0022384901268056962,-0.008710382702667017,-0.0020332573309552833,0.010959358100013266,-0.010783727125287464,-0.008007834860876662,-0.009700889588130908,-0.01369087549620053,-0.008681407107583573,-0.007386108305215347,-0.010098874318699685,-0.0067616102399169434,-0.03125129302051188,-0.005342858218011039,-0.0044552743691046535,-0.011816083614851657,0.0013400767848484592,-0.0008965706672898657,0.0016544571777541734,0.0034257949654878093,0.0047934214251790525,-0.0118096003369642,0.0008401199033818503,-0.0009600420989490571,-0.016493521878722234,0.003356100744097103,0.00936850326409562,-0.008023228926175019,1.4374882842602436e-05,-0.004672241713688319,-0.0008453661439131094,-0.0014626161718480338
-0.003085468274384663,-0.020205291643437453,-0.029970401893796923,0.004405833307845509,0.019514892039993865,-0.029142902114922868,-0.003244208005357927,0.004880333470606301,-0.007930908195269763,-0.014152968813888783,-0.010097258577591865,-0.010348752023038409,-0.01784206976723004,-0.018552610697305218,0.010662767819424955,-0.0264277045615257,-0.030015147538653697,0.016759493547783073,0.01078750360867863,0.004017773724006076,0.0006782719170798397,-0.007017551047399306,0.0021965891817107216,0.0042840346623404645,0.03053322829950571,0.001970198598707268,-0.007810897811570154,0.01595519366845055,-5.7430789665974e-05,-4.7236534314442585e-05,0.03341087385076605,0.001659576319186964
