CBND,CORP,GSY,ICSH,IGHG,IGIB,IGSB,LQD,PFIG,QLTA,SLQD,SPIB,SPLB,USIG,VCIT,VCLT,VCSH
0.004133884815907839,0.002988650430908811,-0.0003979086057541283,0.0005986519521524196,-0.006388611943469545,0.0028540484111994548,0.0013282962054046727,0.008494969448241064,0.006410405081571896,0.004370414942849157,0.0013943203185290485,0.006811135767408303,0.003932504664802892,0.004341507408488138,0.005601441967170073,0.008204572559132142,0.0033792280482069447
-0.0050664625030143505,0.004484051734339236,-0.0007961992177617316,0.000997870148770197,-0.005564549427146139,0.0013766628249677882,0.0003792447381119448,-0.002406668790228303,0.005971523579017435,0.00019788656416635543,0.0011935239529631471,-0.002353242277175639,-0.002611615033433646,0.0,0.002014356185922515,-0.006277815047516887,0.0007488488749346744
0.0008931711773311533,0.0011901909081291821,0.0010256472959904244,0.00021970149193038292,0.01426723945988525,0.002024196323460524,0.0005972791393985276,0.0043820858438904705,-0.004353101390065992,0.0017539295642145394,0.0008362823903535482,0.0029482514165621626,0.007690959039166166,0.003477397478657161,0.002649733204176677,0.0004796285908981224,0.0005630156662884909
0.00478327837599932,0.0010886706802385794,0.0007966040481664332,-0.0011960427771496385,0.00135308048491831,-0.00027502536272765697,0.00037910347374109664,0.0006881877524604887,0.004779736347858842,0.0005930515803109747,-0.001390912344584232,0.00029381647817764133,0.003391190139073373,0.0014704988232513685,0.0004731889336712344,0.005165845687689122,0.0002502145752982888
0.005712450733905404,0.005341560415950071,0.00019899249381551874,0.0013971637247741945,0.006511245662880874,0.0038518407949591077,0.0007572334728008093,0.00877030484329435,0.00435984338957404,0.006720625437352425,0.0007960079202371451,0.004408020284231936,0.014297073563304643,0.006974843631000568,0.007211200724841969,0.014482440584261869,0.0022447513361718826
-0.006942689361295789,-0.0045954737592360465,-0.0005964461709176537,-0.00019941010772098016,-0.0017092452781485366,-0.00639493888771763,-0.0020812682759460714,-0.012785455094740108,-0.005919310297842664,-0.00824640045053713,-0.002385424425482696,-0.005851433412995116,-0.021271671800468864,-0.008931781622209988,-0.01009301680088003,-0.020262809374694404,-0.00473011611084745
0.006697740213748166,0.006045408327748432,0.000847493787348783,-0.0017152520263551694,-0.003904469862143039,0.0050260304176893795,0.0009470331226328754,0.007717987975821847,0.003969750106222924,0.008275685948795032,0.003528062045935604,0.002648326610836381,0.01337431032258395,0.007269842141581988,0.00976820521007393,0.016624208488794784,0.002110244559836832
-0.0044318034535958855,-0.00561496144085686,0.0,0.0007992975820876827,0.008863827536492053,-0.0028421504806896165,-0.0008535347654579818,-0.0006016850187825024,-0.003165644642641359,-0.004131053154883835,-0.0035781030536943146,-0.0029346860583779584,0.007263243721337518,-0.0015562710130470909,-0.005297700821429969,0.0013923261291634225,-0.0017497294405946695
0.006677448285042852,0.007826360009167409,0.00019907672767846654,0.0011977768539199432,0.003903986542218122,0.0013791751990034295,-0.00018940156080795824,0.0055890234938140325,0.003576973940192701,0.003950459238779188,0.0019947198656285,0.0011773047838727494,0.009013489848628941,0.0044925907634102225,0.0043790833138759025,0.009269147666358541,0.00024992987184943284
0.0,0.0001961866146953644,-0.0005965036314559152,-0.00019979643924944348,0.0017012389279554426,0.0005508165435585417,0.0,-0.0010262662375232594,-0.0003956940294112353,0.002164931513813158,0.0007965709110379415,-0.0011759203671989928,0.002552401388388833,-0.0012783166073235713,0.0014140007743697494,0.0008036456616980201,0.0007509224596547698
0.010737971681711724,0.008870297020899922,0.0016069933320014768,0.0004792515239773154,0.000728793433789977,0.006950549933118077,0.0018797782694934039,0.010897178092195335,0.00673501441346991,0.009261760864627364,0.0044026680591771825,0.0041210922984445215,0.01559113010805304,0.011316048297745443,0.009428101820040013,0.017603123074428982,0.00511137246270162
-0.004074012717655797,-0.004786277460325806,0.0,-0.0017950200469796953,0.0007293605278739138,-0.001734994488251465,-0.0007586349251636623,-0.0025473081410743326,-0.005509498072240828,-0.005651800259391738,-0.0035692380653792187,-0.0017590172532892302,0.002264448892982071,-0.004077542934282554,-0.0038578930949895313,-0.00033989463069196494,-0.0017449033878205974
0.009125584879649429,0.004711483852160921,0.0,0.0007989786406320022,-0.000728828948807082,0.0010978264857173126,0.0006640781436260718,0.004086087439185277,0.0047508375011105644,0.002744261662412497,0.0015919714509598356,0.000587115262699288,0.007532081852005212,0.004094237362912975,0.001642908269634578,0.010641146564451635,0.0004985560491400376
0.0018705693709861481,0.003419398316376053,-0.0005964007125934262,0.0009984715400122343,-0.00583349746870387,0.0003652305431585061,0.0,0.005172370780622029,0.004341235498864632,0.004300207320573869,0.0005959749733702648,0.002935518313606711,0.0089711246523628,0.002447034271041645,0.005154616543313318,0.007952535394934799,0.00012542969140842794
0.0031260690783154964,0.003038384201434267,0.0007202384666175281,9.947875460810894e-05,0.005891105799125734,0.0035960656980373743,0.0016412498523763342,0.0013956632959795435,0.0007858550031829174,-0.0019581812772082523,0.00228633841183266,0.0,-0.0052490710243872345,0.002241828796484126,0.002306319441213106,-0.00527541251767844,0.0022230505184679746
0.004044977713194429,0.0054505103428545395,0.0005969774704197172,0.00019931866370832948,-0.003534870079455024,0.003374984805244968,0.0010421223613214523,0.0067585391829611385,0.0031409963314484373,0.005080038771216235,0.0013884803310618553,0.0038043525865237376,0.01370507852088497,0.006964603741080292,0.006529209437744815,0.013566244486664143,0.003241995745495516
0.002168972960592071,-0.0019357821965435996,-0.0005966213009446807,-0.0005980272654136876,-0.0009783528452078872,0.001090804553738356,0.0,-0.002013890808800085,-0.0007862511102836875,-0.0021386564578497885,0.0005943496189791937,0.0005831728054274835,-0.008111790608585419,-0.0025151925874625338,-0.0008112496083578745,-0.01150418189296021,0.0004975492685205863
-0.0015458145109256054,0.002618870132654355,0.00039801388470138817,0.0,0.0015917249283408485,0.002451709422950225,0.0006624821607726715,0.005549467603819456,0.0039245487025134935,0.0035067803155379093,0.0017816424036840328,0.0029133077733852503,0.007434962306058906,0.006033598428101371,0.004637083633701265,0.01275707413610518,-0.00012414134527399934
-0.0037164572463533095,-0.003896677113565311,0.0,0.0,-0.0003666181498120976,-0.005072675701751557,-0.002175179475145357,-0.009197942945518692,-0.001954425925433634,-0.0073768364653532485,-0.001778473799349271,-0.004648142643767493,-0.012054258360318431,-0.008055558874705427,-0.0077312254472443704,-0.015248706133294685,-0.0027333525854595984
0.004245154593455404,0.0003892745474241428,0.0009139192315130076,0.00027936495085427833,0.005701795810971127,0.000855899053935637,0.0002453483108324789,0.002745681105344349,-0.0035250424641641923,0.003885969257267985,-0.0003190644919687652,-0.0005836084826062773,0.00810301750885965,-0.0005022722819430663,0.0017748578069210594,0.004753730982814391,0.0007693065016687293
-0.00031044520525474036,0.002141465381433302,0.00039766545609768974,0.0,0.004510991328078184,0.0008206342302039799,0.00018922760868385092,0.000675332526044524,0.0019700437349262963,-0.0009755392313473873,-0.00039653669140250037,0.0023364105457576874,-0.002975137631659692,0.002353699329857961,0.000582531514664782,-0.0006724733689380066,-0.00012515327202914758
0.0012419111859743375,0.004468117822263597,0.0005967804628931768,-0.0013967521311476238,-0.0024275015367974102,0.00327929934257144,0.0010429517491370355,0.00683185936684316,0.0035375925481544632,0.005470424875461778,0.002379577434543982,0.0037876030426529867,0.008951121031351667,0.005870954330031114,0.006164861360046874,0.011439352011418227,0.0017463072134529672
-0.009612481836673778,-0.008315913621366815,-0.0009936948263783814,0.0005992878788083304,-0.007788107001988089,-0.004811627079371527,-0.0007574920683691829,-0.01206328671809148,-0.003916614988244979,-0.009521949937519451,-0.003164696184008481,-0.005805239598054157,-0.016510578112380898,-0.010146908501790015,-0.00867113891016359,-0.01774078618949509,-0.003236415882422917
0.014941024555346228,0.011955548873110032,0.0007397339560077195,-0.00019973477577354335,0.0054499347439221245,0.005757126424255857,0.0015067140762545215,0.012298915382264995,0.005504990524996254,0.009765687713510288,0.0029960991575985283,0.003503408723658803,0.017917391896765417,0.011167676621386765,0.009657345179729864,0.020732157703105016,0.003234051116111011
-0.0012370524715757528,0.004734911325570862,-0.00019888045856609888,0.00019977467772400384,-0.0046470260038305,-0.00045431659848131173,-0.0013260339564120135,0.0015960568446962455,-0.0007820710142454615,0.0011678865298294474,-0.002574787926159473,-0.00029091619749642325,0.005928905631024159,0.0017090171261478365,0.0009264299884081973,0.0034413059409076486,-0.0007482821104050019
0.008981135508824145,-0.002789053751557373,-0.00019885510525529906,0.0,0.0024575550284042435,0.0010912822516243482,-9.431355629724696e-05,0.0018450040285658907,-0.0019582817877400707,0.0029168668465308907,0.00019862872724692494,0.00058236847799047,0.007858523443548995,0.0027840670639339327,0.002083301553068276,0.006526403654649753,-0.00012514329568199498
-0.013505099180229407,-0.006655050997696653,-0.0011944717067914597,-0.0009980383880116136,-0.004535026870790207,-0.002452614419757636,-9.496551266632482e-05,-0.005357368677499158,0.0007855515728846269,-0.005234912719090074,0.001588388341296891,0.0005815713275896491,-0.011695872874149223,-0.006358482428171757,-0.004503663957854489,-0.009891352663006869,-0.00012421278737142474
0.013300623100987487,0.005436420256072995,0.00016301130658814773,-9.99777610443166e-05,-0.005183606765598257,0.0034700638119144387,0.0014905068204493558,0.0047253553413139065,0.00628218747166015,0.006642094295464978,0.002998693385081917,-0.0002907845565773195,0.007615249555179322,0.006540077420500116,0.004875692977470154,0.006131133491730693,0.003636559472571801
0.0009235593748831805,0.007455932551845709,0.0003990017179366895,0.0,0.001738282385721293,0.003818473118523795,9.46674626191142e-05,0.006552405726049293,0.0011701622435002126,0.00581954372481164,0.0009890782669089813,0.0026170893328591963,0.010805322961351078,0.004578721514535099,0.007407273925963945,0.009412294975571209,0.0006226618981249722
-0.002768552821959653,-0.002690899956192298,0.0007977068143435199,0.000999707925474868,0.004584046300245288,-0.0032600453691622555,-0.0010422584549098222,-0.0005009067875019401,-0.0007786823362478586,-0.003857167598496521,-0.0007902041990325767,-0.0026102580543491487,-0.0007287337696369375,-0.0005360757431202083,-0.004251096113178529,0.0010966226346212883,-0.002488335593472603
0.008328068330007547,0.004336788765384736,0.0005974732449445659,-0.00019969105721537995,0.003947185917450714,0.003180289761635121,0.0009485886278885119,0.0068470992249077866,0.0007818466591057607,0.005808099123782789,0.0013845780451374468,0.0026170893328591963,0.014830893262733184,0.005186688592824448,0.005538363018043987,0.014573930071275129,0.0009978421460428695
-0.006117797878662155,-0.0040453245182080115,-0.0009954896955292204,0.0,-0.003931666897241814,-0.005163337402673046,-0.0009476896602540275,-0.013103398744624021,-0.0015620311004216265,-0.007699552491784789,-0.00395051381404702,-0.006670425962950127,-0.023478602676917384,-0.01058624120662881,-0.00895003013816202,-0.02268069729801362,-0.0011219963449801908
-0.008602384917270962,-0.0106268873738002,0.00046797751603770254,7.994746902485784e-05,0.00012485855741958276,-0.0039151994496037824,-0.0004754450859578453,-0.008729374854322767,-0.009386054823961454,-0.0056255109152043535,-0.0007981577333205281,-0.005547753713353264,-0.02133251062634236,-0.00577201077603284,-0.007139345631176747,-0.01566714532465136,-0.002450341370041356
0.006540295522879297,0.00224578667694726,0.00019923773391344532,-0.00039976895269909447,-0.0002473812799234818,0.0012820047781352823,0.000284946366044963,0.003060947220319236,0.000789827309359509,0.0013684990250718446,0.0003975317103789413,-0.00029334818348139265,0.013081625524822877,0.0018135073052634352,0.0010522633784090037,0.005971485034800186,0.0008766318673588033
0.005568959460487369,-0.000389807148066112,0.00019930621189606418,-0.00019994321977119973,-0.005071606960587594,0.0,0.0,0.0009320311575044141,0.004349212743440862,-0.001171342056141022,-0.0007941618982865861,0.0,0.00124166001137876,0.001538680167837364,0.0004673051671713738,0.002352840641461617,0.00025065438982898783
-0.005846147473204368,0.002144260158229464,-0.000996289226549758,0.0005999920159360521,-0.003606037818223312,0.00027471847278999793,-0.00047480988887869003,0.007027791378166503,0.004722341503488067,0.007035603454563267,0.0,0.0011747856879706898,0.014385083853550909,0.0040669701540799255,0.0042024472879893145,0.011062438814080415,-0.0010014203157248057
0.011852785758793352,0.009225055852438458,0.0006760773346562287,0.0012793750620532715,-0.004499553829552361,0.008705789814042674,0.002880546855736389,0.00874339128850701,0.0043089228089979075,0.006830448193050481,0.0029652422092717,0.008507001858382606,0.011420820512137182,0.009698810844720566,0.011559228280384798,0.014559881509018562,0.005418777720142602
0.003680344279170776,0.007344173151071837,-0.0011967400069190835,-0.0009983781460120328,-0.008045257589276664,0.002270995960104325,0.0005687776097750963,0.0029260846220609577,0.0,0.008304287739910944,0.002776657113717973,0.0023265296808936678,0.000727916901665249,0.0023239945215843315,0.0023049178745717307,0.0016399959600460214,0.002993890099069568
-0.006416444519703159,-0.00517978196918605,0.0015976374184472205,0.0,0.00557664675850217,-0.002084497624069409,0.0,-0.0019171330501014413,-0.0014777566981315274,-0.006895134034741977,-0.0007914792000392326,-0.0011608999816689275,-0.005333388719441864,-0.001961948810606043,-0.0025289437700091962,-0.0028382837037480035,-0.0011200411118113534
-0.006765047197800104,-0.005593378465211381,0.00039912910915087645,0.0,0.002015962777349637,-0.0017256798314127788,-0.0006631139583357947,-0.00342391542175602,-0.0027397322940428963,-0.004628649384336006,-0.0013853541921138232,-0.002614473449196793,0.0007313323788511992,-0.002680835933576492,-0.0027666178187021875,-0.0012042846497971956,-0.002241114773945261
-0.0006189479496062942,0.003045867259502423,-0.0007976370779831348,-0.0005992951054241917,-0.00955905258720208,-0.0014555945945867016,-0.0013270458680699597,-0.0019270432701145308,0.0015699316257350867,-0.0013564356339583045,-0.002973188615343229,-0.004077877849167298,-0.004870779771570574,-0.004031560237597861,-0.00277386287961718,-0.003506701926210845,-0.0021213079613082732
0.002700010896775852,-0.000388214363010924,0.0012115172459899782,0.0017799096188262288,-0.0001309952610938953,0.0011837498597187352,0.00029314314988650826,-0.002236606190948738,-0.004701751830172811,0.0014266600508866599,0.0011711202179438948,-0.0020477175379668413,-0.004291172194975085,0.00013300400971002493,0.0014568966305463582,-0.005223148204383382,0.001687876775317649
-0.010839224286316815,-0.0027153400899227052,0.0001996727182626667,0.00019967777786678327,-0.002547951927182925,-0.0004558629343801802,-0.00037988288066423886,0.0012658657119807046,0.002756397121357883,-0.002523861624702567,0.000795138123749568,0.002638045635674887,0.0002462975330114636,0.0009922113481495183,0.0003483832584815668,0.002108369491497382,0.0006248090356860495
0.007200886758668659,0.00330648504939903,0.0,-0.002395866500996865,0.0016602081605098266,0.00538265634649851,0.002280577880938904,0.012051651419549213,0.006687431079275082,0.00778475326648477,0.00039691760882018095,0.005261472568272664,0.01923550975723791,0.00819971430291872,0.008235854162695358,0.012734040103066136,0.0019996947864165874
-0.004662725723512592,-0.0005449178310163507,-0.0009973432842101553,0.0,-0.005482402761587835,-0.008983368486137087,-0.003507661756255826,-0.014406191046165287,-0.009378563132734429,-0.008690423951804561,-0.004367521115958018,-0.009595963683041536,-0.01596898733807684,-0.00947348899467216,-0.011045016646004966,-0.01312047247715327,-0.005487636400261812
0.011645569308723376,0.0009727145250713986,-0.00014247773363689736,0.0,-0.01653833863829395,0.005422121798779817,0.001301503290654505,0.008644361694592468,0.006311701609922628,0.013163787225576368,0.0034686918805760442,0.007927338450451299,0.018029232540628257,0.009102546793249537,0.01156483107832685,0.021499629415736826,0.0039855173453557545
-0.00030953231820402883,-0.0019324567858244577,-0.0013993921468095415,0.0,0.0007819685382058108,-0.002372656401010404,-0.0011413545716556213,0.002771847489850609,-0.003919966759075786,-0.001541184425957032,-0.0017903139830650152,-0.005825959315685831,0.005817037507149513,0.0,-0.004843166733967231,0.004026970816510485,-0.002751966276207293
-0.006811103741000281,-0.0003906872847119435,0.002401710172036733,-0.00039981067090354177,0.0024750931280632512,-0.0029271760557032524,-0.0005709767539841728,-0.003183079343801607,-0.0021780357623223104,-0.00443860855853087,-0.0005978488854588149,0.0011723707828990453,-0.003373647246601127,-0.0018829086480524949,-0.005098684517132247,-0.005528252338889563,-0.0038881636131983728
0.011533545484356995,0.010647856621651668,-0.0025953576614575987,-0.0007011363843902256,0.002912773706963521,0.006723980688859302,0.0024688871611184588,0.009711695704036492,0.0047435125581093964,0.00922579901026566,0.0047896691752907705,0.002926342321044575,0.009912904760170215,0.01047122650661248,0.010474245368124515,0.01911620486306239,0.005257241131483197
0.009267280685756066,0.009230554783134995,0.002790787899838028,0.002805961391168474,-0.007535662490621452,0.004291493736352274,0.0014264685788106606,0.008929706535622408,0.007867678546756133,0.006350955390538241,0.0029799515132539253,0.004668578058262053,0.019158478746735114,0.007314888875640341,0.008102541190190033,0.008910357862787122,0.003896890179415893
0.010407290125478613,0.003839915065874385,0.0008014758493558173,0.0,-0.002486907066872125,0.004636903533455335,0.00047466750585245293,0.004135549419258596,0.0015609115251493677,0.0045897019286278255,0.00019832886226178934,0.0031948984112043174,0.00047197280094686105,0.002833828853234504,0.00505214140009301,0.008193020255196172,0.003005964649676351
0.005452600568443626,0.00593025552519282,-0.0006003124888893996,0.0,0.0030179975454392442,0.002172209069258765,0.0006647564853587062,0.007248649554645558,0.0059690656991099635,0.004949623830010101,0.002574123450390393,0.0020267251769113827,0.013665826293545328,0.005033535167549462,0.002970678219409469,0.01361499626876978,-0.0003752856574942209
0.006327211061889496,0.005323580376841465,0.0006006730804413282,-0.0015987899735331078,-0.0003923616356301334,0.0047856369585619314,0.00037930169954120715,0.013166805708235776,0.0031057905656793907,0.008335031212442525,0.003357626198306617,0.005778857366582683,0.020456028389773052,0.009401497515503187,0.01036542278031378,0.016555541911583732,0.0037467161886599923
-0.0155687259200039,-0.013265959467540788,-0.0010007726629837391,0.0014011045671863127,-0.0014393203435749033,-0.010424872312723356,-0.002749761638127164,-0.0219552924964703,-0.004643894330407468,-0.014653450198390459,-0.00866150363761387,-0.009192581879695731,-0.029384983803610727,-0.01758330239565584,-0.013415495111170135,-0.03380139997837379,-0.005225908081595847
-0.00043685405602693486,-0.0029779037911266946,0.0016435941801700561,0.00038055892853913883,0.01253817009377522,0.00133486302864476,0.0010066032802599598,-0.00010069543260641008,-0.0054432916697842795,-0.0024139976930103078,0.002674295818306995,-0.0069586380696740995,-0.014671437857657215,-0.002529041188635939,-0.0011330643471557126,-0.006438674703323289,0.0016961771459044965
0.0009144719777753351,-0.0009631738254447412,0.0008010543404225027,0.0001996565881287721,0.009868846115566052,0.000454279865885384,0.0017115105890307862,0.0002484783945667136,0.003654762428216165,-0.003446635453339688,0.002577347017080562,0.0014597689659889244,0.0,0.00026685407198629124,-0.00034371834292430025,-0.009202812562704972,-0.00012526931007823586
0.001219291964499637,0.006268203704945166,0.0010006457927942414,-0.00019961673333286146,0.0011573712233868742,0.005177984789256098,-9.537102290181588e-05,0.0077775538734552035,0.0015614993735206793,0.010568513293452491,0.0007910308635049433,0.0046644945339679176,0.018876806941491624,0.008456784662901565,0.005047393585266082,0.017820521121314815,0.001626156654716493
-0.015216269552788413,-0.016471128124369728,-0.000799699173912578,-0.0015992209118034172,0.00834856380057367,-0.00994059947446228,-0.002182759580969105,-0.021757068105171643,-0.007404689496232415,-0.017874281589950424,-0.002963956691732007,-0.008995641558530866,-0.03494354025986933,-0.017212432891362275,-0.013468849567539552,-0.02801329268397357,-0.0041202113550383905
0.009848197616659395,0.005957662754521573,0.001561217479377144,0.0003396037542145134,-0.005456147372928836,0.003912593889795449,0.0013687401021917859,0.009596087632436969,0.001570520359589993,0.007669662436630889,0.002278191693499789,0.0035137906642806658,0.013189691715344426,0.006037716535406915,0.0033169614451650357,0.010342462445157885,0.002680556780589453
0.01042916071502442,0.013592312158875736,0.00019988050205838932,0.00020079849398585358,-0.010660911918647722,0.006103848524935629,0.0020919376060177138,0.012669534683163652,0.013892699290638296,0.010011337956765023,0.0017816433240308023,0.007294831336443914,0.018050436540588504,0.009483480978075916,0.01202419337539291,0.022224732130416282,0.00325584094811287
-0.0018212492974424954,-0.002011361051714077,0.0001994963389743412,-0.00020075818204524362,0.0009093648202340154,0.0,0.00028441566097284535,-0.0017286602186051875,-0.0023248133129273123,-0.0009529701008853552,0.0,-0.00028965209743893653,0.0016550159320115807,-0.00044286781257887723,-0.0014849304385747663,-0.000424636178868406,0.00037463906326810914
0.0015206630701107618,0.0019196167571199367,-0.0005991439823112479,-0.0002000568363994371,-0.0007783536080396651,0.0010861929620535886,0.0005695353265778441,0.0020616673382401573,0.005048437153294178,0.004388303949359696,0.0007903617137031059,0.002318344629568963,0.001180115864837908,0.002837283593719287,0.0054920092565494795,0.00010634391857110916,0.0008732861003803509
0.0023693810972068765,0.00259482244377188,0.0017000665942456653,0.00042058280178340087,0.011509658976998766,0.0019829559884711736,0.0005780902576866218,0.0036183252983400405,-0.00850050174483595,0.0006143505096727178,0.0029628980662939203,-0.0011564456283836495,-0.003921615138690229,0.002467307441847078,0.0018537217587221652,0.0012621931194352575,0.0014240062285040087
0.0042516477290604395,0.0056507055851571465,-0.0001998175214828693,0.0006014364817485715,-0.005274780673498194,0.003799080890672721,0.0019911909104676586,0.004768257099787791,0.003507236557930191,0.00437607309246877,-0.0007883874561948525,0.004920295546617772,0.009024442550031608,0.002386454574370115,0.003986162645401954,0.008507280597680102,0.002618642283381661
0.0033259083046406315,-0.0021907611416582913,0.0,0.0012006890226017425,0.003233493378612424,8.989231027502174e-05,0.0001894560748968404,-0.0046636595396867256,0.0005333695709031159,-0.0026518196397220532,0.0009862618767357831,0.0,-0.015062641768061762,-0.0010581574176069671,0.0006802321151180172,-0.013812675443730956,-0.0014924451476466243
-0.02622041122013383,-0.016893895745825848,-0.0003997149130084978,-0.0011992490973751588,-0.0019339796032293711,-0.008829771465373488,-0.0017032408561513874,-0.022194917913775536,-0.006612363752535007,-0.017663925833896758,-0.0033497941444370263,-0.010368618676683244,-0.03201903258007989,-0.01739357248253864,-0.014735616353773445,-0.033465027422989006,-0.003239036501007282
0.0007726070116344794,0.0025153971538460136,0.0017804530688396516,0.0011802572585640823,0.00212562018399412,0.0029260999362206346,0.001498581586015466,0.0032659209302988014,0.0011748313600053026,0.0007187125459983973,0.002966426832142918,0.002328343040035077,-0.010820593504733607,0.002315015313693484,0.0017820954510498976,-0.004644304629866277,0.0015499833830387114
-0.007439635134280268,-0.0015532047645819913,0.0005997332639846596,0.0,-0.0010335958063479671,0.0008172248732082364,0.0005683988876715663,-0.0021847261706886114,-0.004302443045891548,-0.00019330876690220773,0.0009869814874237867,-0.000870883156022191,0.0,-0.0007192069789019999,-0.0012665799531895328,-0.004350709314935429,0.0027493300005627373
-0.0021860225338192624,-0.005153967715266757,-0.00039991139579766464,-0.0007997060448493491,0.0,-0.0035388868703853564,-0.0012311564904679238,-0.007747391875303083,0.0005765098900394147,-0.00871419753541026,-0.002562904228233724,-0.004068762563428869,-0.012271409296812759,-0.006296366595872097,-0.005879946984858271,-0.013107803458006424,-0.003240118200984861
0.002503784797208256,0.001955041120860961,0.0009987194540045543,0.0014009601613265215,-0.005174678896715061,0.0014567380693380847,9.528611135432128e-05,0.0037341396768400025,0.004327258486813625,0.007032519133227043,-0.00019761846629826497,0.0014591317468944473,0.010142003210456834,0.00018118036314965588,0.004523169930594955,0.009195410707276244,0.0012502355062276591
-0.013424588524443162,-0.013404515988932329,-0.0007978868943884233,-0.0017990466897644657,0.0016901980140498108,-0.011639229283051666,-0.0034122500892579746,-0.019700364155214024,-0.008617531680781144,-0.016876620550644258,-0.005140487356833835,-0.0113637883190762,-0.03162639168632966,-0.014932359565715625,-0.01777880717617689,-0.030258807950187414,-0.006368804640796962
0.0014722715090033785,-0.0005947990918242734,0.0013585891798320233,0.00015975224914017205,-4.688522700787692e-05,0.0017553117464624932,0.00094872923695459,0.002007707490266261,-0.0019755443840210603,0.002275537462052986,0.0021228204913715915,-0.0011789406594502185,0.00401375305731298,0.0015082558522575026,0.002024403424226261,0.003842379393957279,0.00071998908106302
0.003484344075737869,0.0030744803866959904,-0.0005991944572819506,0.0012020680346119534,-0.0007816908050135071,0.0053374182863520645,0.0011411019103991238,0.005438002618996364,0.0031672593558126896,0.003748246960478168,0.003375045532544954,0.005901630017388007,0.004923601581477682,0.003126810862298439,0.009174588613994223,0.007074674349066169,0.002012442949349321
-0.010101068233566114,-0.00988809871158929,0.0,-0.00040039151930326526,-0.0005211068970984731,-0.0066820924595565505,-0.0009496525420905529,-0.013221173681515454,-0.0045728359244773175,-0.009434121890155977,-0.0029678044456068267,-0.006747414784345275,-0.024239208019545187,-0.011002328905414369,-0.012471047330117243,-0.024300344805655568,-0.0027617508092136487
0.003188750899602398,0.0007990397819171724,-0.0003992809042441984,0.000800532664641187,-0.003911131120725654,0.0018431346532587266,0.001235760965042213,0.004524394542172362,0.010329669760301408,0.000595253815956275,-0.0013890793747590904,0.002363222104387813,0.007135144299810295,0.0028740882256865787,0.003540657629186586,0.005193532968431362,0.0007554359785364293
0.0018749105792651675,0.002527340413149186,0.00045956982154597286,0.0006207646340771107,0.002987278972053153,6.315525910913992e-06,-0.0002470035714976245,-0.0006981624145373996,-0.002358879963792539,-0.0006468907100342818,0.0009327939911153977,-0.002062677268580123,-0.005339112128236457,0.0023073740869351232,-0.0016355746100186407,-0.00031357503666778737,0.0017371465910365415
0.00031804034220812833,0.002295285488429569,0.0003997498958879095,-0.0005999114359118662,-0.002093761842047409,0.000644945715498937,-0.00019020330095664663,0.003563810462530477,-0.001183034629105509,0.00696010932199105,0.003975536251866359,0.0014763640670692993,0.018008447104546004,0.003976425880988981,0.002480182134543177,0.014740868679959326,0.00025111226640950107
0.0015898406906549227,0.004979269300317105,0.0005995994971034862,0.0,-0.007083462086050655,0.00046069194552027834,-0.00047569137196502766,0.0032911437478431805,-0.006192414019146333,0.007108579792299782,-0.0001981266019574245,0.0005897060123418276,0.007023948713579128,0.0026711187205508235,0.0022383659642401564,0.015339781474314097,0.0002516949841496582
0.0038095033273256077,0.001287989224154624,0.00039909375439907435,-0.0028007810948681177,-0.007925935651548135,0.003682887002168908,0.0008562687981541452,0.004402514703601484,0.015519809021534676,0.0007845324614982867,-0.00019784493018359017,0.002062429729979937,0.010333104651487963,0.0029395075939221537,0.0021162501534151877,-0.0004578718096676094,0.002514311026389604
-0.004427541785247086,0.003429270134494589,-0.000798297171516101,0.0024073001139101173,-0.009187434512034607,-0.005779399698570571,-0.0028519520953228373,-0.004125263805075416,-0.011363891727663928,0.002938727404481109,-0.005149715453092456,-0.004410982840554663,-0.0015341885200601626,-0.003846933327207669,-0.0034022821940012274,-0.001259714135764394,-0.006144163133398928
0.0040545287191240415,-0.0036583867261910773,0.0004991201347461344,0.00040144074643870764,-0.002037338244617233,0.0011069539278955422,0.0021158217605377525,-0.0010546453359299216,-0.0015856160313235993,-0.0019831633849997973,0.0025850993794518783,-0.0026575897268398914,-0.007949196865559333,0.0016218062020451913,-0.0016728071081221053,0.0005364711141950126,0.00278278999943717
0.003805592700816881,0.002183442568977097,0.0003998891092962823,0.0004002228786596243,-0.005267953810662031,0.002401300481680494,0.0009521189017569693,0.005111846748205602,0.006530421500028846,0.007257563630234775,0.0005965811732189124,0.0041459979659981775,0.01114263031989867,0.0021169217488983686,0.005201776781565472,0.005176035615442997,0.0013865370473878384
-0.0126378378723075,-0.005743648156420542,0.00019970411430917076,-0.0006000096381829434,0.0012219305804190086,-0.00248748352530137,0.0001903743509630699,-0.005689122280481976,0.0,-0.008957927853855283,-0.0001988561845441525,-0.0038341100893969603,-0.016401657610616467,-0.0072561781139280565,-0.008939248197306687,-0.01865180202014301,-0.0006297246769518376
0.006399798552677922,0.0008964256511857119,-0.0013983558160131607,-0.0004003875091524465,0.0002710336842912441,0.002586099740296724,-0.00038034703302763977,0.006155210480344148,-0.0059287602266013635,0.004323068194000484,0.0003972124142766087,0.0032564682228461536,0.00755561449534405,0.003700807832770625,0.0092572454361237,0.005946533964555137,0.0013854897013644931
0.003446847790006483,0.0009000826964912203,0.0014242489292365073,0.002023210925068069,0.0044328126371360466,0.0010568197256382618,0.00033337795662217513,-0.0008836950623213123,0.0,-0.002760897604163377,-0.003260410557260184,-0.001180425165017085,-0.003041819559573186,-0.001803252477564004,0.0016786277559030574,-0.0011489046981375468,0.0017409999724799206
0.004447312070884507,0.00468448795078685,0.00039972548802362734,-0.0015995052521268179,0.00027128635126800945,0.002305589945653743,0.0007619027160784902,0.005449072028713611,0.003578664569365467,0.0029495266952089434,0.002593674638604593,0.0041362001183712,0.009374592598439813,0.004537175435157168,0.002236828144644132,0.006290654193878607,0.00037729351489425484
-0.006957782214699115,-0.0032738745641084912,0.0,0.0,-0.002031552279793375,-0.0029440875113334376,0.00019020216448472062,-0.004214987287564175,0.003207285613492806,-0.002940852572041034,-0.0005969819972857683,-0.002942210332306641,-0.010835643939840276,-0.003963772301454638,-0.003994202241515977,-0.0065987269818832605,-0.00012575357859351144
0.003184806983752725,0.003384175758455905,-0.0011992320363411759,0.0,-0.012889820400944508,0.003598709933599274,0.0004757336083377165,0.004146386489275043,0.001978587188351544,0.005309073688782075,0.0017920372584049515,0.002655824922369045,0.0015650767264274172,0.006385683876794728,0.006605092286258338,0.005710553111811851,0.002011529901714585
0.00493568741134724,0.002999825409639891,7.555059099299832e-05,-0.00014023853445865742,0.00874184326643677,0.001726202652027901,0.000866486531488866,0.0021961455475013915,0.0003946323922055417,0.0004350516906978364,0.0015722905238226153,-0.00029413145472443014,0.00463508461071724,0.0009935774716013069,0.0017245517448341305,0.0008375828485177942,0.002412805097238254
0.004434700634750565,0.003767811369675429,0.0012009238231345102,0.0,0.004511218401543463,0.002851470460796522,0.0015217310260608448,0.007145276218168145,-0.0015790775583808506,0.0037224813062619842,0.0003972744278689033,0.0017660190057960422,0.00962776200573468,0.0041453489373180046,0.005864239098096229,0.006973532217213863,0.001504322309478793
-0.0006307315564734281,0.002371164231145591,-0.00040002739280835085,0.0018034405798358847,0.008981917411976435,0.00045829048740795165,0.00019001191212731177,0.0014530450491904762,0.007968412448561642,0.002342651123984759,0.001986310402764848,0.002056851879723534,0.005154719219489224,0.0013761340796234144,0.00221559149375216,0.006233147127192677,0.0008758947487937384
-0.0037867777790828094,-0.007588550813956129,0.00019996536444158282,0.00019998404095273388,-0.001484011089767693,-0.0025666101337013343,-0.0006645874527635075,-0.0063159410054861006,-0.005110265661691936,0.0009739547985890259,-0.0013873024032609864,-0.004398879858446469,-0.0035896053726660955,-0.0028402501326388924,-0.006050150949430859,-0.007570880620730477,-0.0035018591817315525
-0.011086626531870264,-0.009930657521934677,-0.0011997020585514007,-0.002399729564904167,0.00229665799462438,-0.00864015274798693,-0.002755230290610657,-0.014344728448480473,-0.011062439451231618,-0.013813336941558237,-0.0019852977430479517,-0.007069075890169119,-0.024189845028571518,-0.01433135331469848,-0.010417843844903749,-0.01907064655078041,-0.005020173750135738
-0.0019586019565786513,0.0025887185607142093,0.000768557658326214,0.002645690652651649,0.0033203003648554826,0.00399592148992294,0.001694650642122364,0.00625750498142393,0.01398259012885972,0.00800388339386889,0.0036817087462902467,0.0026697568392560125,0.0008856585572478911,0.005848712854894454,0.003785116501956576,0.007555050221291814,0.002271089447456144
0.006113523617442242,0.0048142270689494355,0.00020033281656138628,-0.001599591162151123,-0.0002694517009687256,0.001202664230619594,-0.0008568851698528523,0.0042557700294341225,-0.011221386899333118,0.0021595372185640237,-0.0021824023866354307,0.00029610181801250263,0.006083184901542145,0.002415628777011548,0.0031816246911629976,0.008216937450348615,0.00012590854523808427
0.007994693160755519,0.0016973588093913087,0.0002001215193153272,0.0,0.0016180427922117134,0.0010170675725388984,0.0005717740967962363,0.001988943605122649,0.0023964070839974827,0.002350876767831517,0.0023858640457992283,0.0017743766346976157,0.0007881172962534915,0.0022247809359138824,0.00023473118633695372,-0.0005821870778281389,0.002264823389283793
-0.002538208233309845,-0.0035876913263887117,-0.00020008147870582174,0.0004004117156186064,0.0013457785128447677,-0.0034162380786668216,-0.00161901870775469,-0.0052648359392194885,0.002788790339478552,-0.005471757043425568,-0.0017853469209752058,-0.0035428396730324595,-0.0057784382845462575,-0.0046243004568981725,-0.0048143548996325385,-0.007455685769952649,-0.004269027429429232
-0.0015384811387007718,0.0008927148722118318,0.0006704381146400624,0.0006616367042344863,-0.01209253057286214,0.0020438642943297067,0.0012582849795397285,0.002407198716381957,-0.0035755228284249773,0.00856385159600077,0.0009338900073704814,-0.0008889367945028783,0.00662416167548257,0.0067695553133009356,0.0032511592875668124,0.01227774923815954,0.0006646250847938826
-0.002555075502450691,-0.004107158062476656,-0.0004004880523168045,-0.0014013573886001074,-0.004639655029316302,-0.0037984790469585993,-0.0016210853087464034,-0.006336688720662601,-0.00518364178459879,-0.00703436841071676,-0.0017894120005357375,-0.005041406223235225,0.00026395586852616317,-0.0068473477697450465,-0.006487612512091329,-0.008147353245711244,-0.0023981418257686808
-0.0019212064939616714,-0.0012073853969387653,0.0008012114515653457,0.00140332394698181,-0.0001374668834510617,-0.0013949025625648445,-0.0013369322027269024,0.0006987076960994597,-0.0025644294039377288,-0.003935773532754075,0.00039842172978565664,0.00029802646754221757,-0.003161400008430455,-0.0038197732094830033,0.00011871061833211592,-0.006923114427067704,-0.00037972975146271913
-0.0057748939151268715,-0.0031220907794292005,-0.0020014891850696887,-0.0035069710010939945,0.006307004227791873,0.0014613937139736901,0.0016933465027073322,-0.001905149575340781,0.007651982751331723,0.0026075724164549893,0.0015154221316839632,-0.003873440106485181,-0.006871008770547822,0.001306153332064226,0.0014268622548901206,-0.0009699595297322227,0.0026642564518402504
0.008798369813625223,0.01062526301688976,0.001925041473008169,0.002212149364413322,-0.006283130557840748,0.004661071522715703,0.0013383306288154509,0.005525406583235399,0.0031973542986759897,0.010095329060405424,-0.001791158382825131,0.007478316153391016,0.014043490098240729,0.004310602975191542,0.005827566404938999,0.007602734593177327,0.00012669471480618354
-0.00224481547811308,-0.0019041740899064863,0.00020082121448387424,0.0,-0.014569868819940553,0.0005563944405423983,-0.00047696225084103966,-0.004361186028971279,-0.0051792879086666925,-0.0011758725021964725,0.0007975392344266067,-0.0005942510436577179,-0.011591041193990374,-0.006158253447217509,-0.0016554552956262302,-0.005894814555651697,0.0010121688380817571
-0.005143219031702338,-0.006326989989023633,0.0004005359770616119,-0.0030097629309233953,-0.005580094702034728,-0.003894672742361382,0.00028645776711551727,-0.0052567412164802345,0.0014201969406181824,-0.004316270684204555,-0.0009960387735423878,-0.004456069739875118,-0.005863438211660354,-0.0026289197581871736,-0.004618731327978158,-0.00782707859242428,-0.0005055179458665783
0.007108224489851329,0.006164999601346453,-0.0010018576172293099,0.0012074420708251788,-0.0077146875212317735,0.004096117730572803,0.000668203194337568,0.0053726407550891775,0.00040094353516724696,0.004334981638366803,0.0031905789430646085,0.0041777583250782345,0.005629994625044589,0.006589379804555642,0.005234944801720017,0.002151085661178104,0.0013915279289159128
-0.005133247884531785,-0.0043187994993524464,0.0002004954864459333,-0.0010048718138453477,-0.018942657891997502,0.0002783302807283948,-0.0002860202535025054,-0.0064827331666468535,0.0004006083628828322,-0.004120129455796614,-0.0017893205586150005,-0.0047546901343315726,-0.003199419660822709,-0.0034601224911134077,-0.0018934297024362585,-0.007156535356237542,-0.0015156226588053144
6.43180148299646e-05,0.002618364889943877,-0.0014446849105074426,0.005132942892415436,-0.0023651845837609955,0.0007621010839873898,0.0011940053901623895,0.003669851452863949,-0.003604598296953828,0.006530057401043998,-0.005147833414067921,-0.0005973402819518562,0.0004170459365350038,0.006586491618835761,0.0003399554760972948,0.010125635092848344,-0.0010034164092910147
0.004202886682591628,0.005245501709404263,0.0,-0.0038050776032400734,0.0028984606754543386,0.0009279672842740324,9.585533077799643e-05,0.002379170297448546,0.011885401000400515,0.002354527072374675,0.0026060974121206123,0.0056765712977210605,0.006978255764691879,0.00018710249750846346,0.0035650978834234656,0.004177107630801318,0.0012683178387997034
0.006439152462123507,0.005318456614608147,0.00020108787857196482,0.0034172719962079997,0.0041909801745709544,0.003616086588547072,0.0007633438731957426,0.010284764150718708,-0.0031847168189903623,0.0029367011309662343,0.00199925544556073,0.005050767726990353,0.008795241585541418,0.005887056417978184,0.00888080536295659,0.0061802621604082324,0.0038003391205385416
-0.003838665902904336,0.000898173763520257,-0.0004023303694249349,0.0006014223156831883,0.014533960376661638,-0.0027715859310662107,-0.0004772255799715471,-0.0011310632828665519,0.00319489164414432,-0.002928102170011976,0.0,-0.0044337693996618095,0.0007925091074120052,0.0005570437115699708,-0.002582400468116453,0.0,-0.003407365647986652
0.003939348543480204,0.012582112567872646,0.0014080270820892918,0.0,0.00992956576820588,0.003298360005407451,0.0017667314876940786,0.015326904868028915,0.0035828010155493275,0.008817781603633489,0.0015968884803853865,0.0011873483834315586,0.020683339340322026,0.006379717521366907,0.005799254502715786,0.034285618847692524,0.003863223887070752
0.012508125527233188,0.011845809636652526,0.0010049335688079577,-0.001201447057307457,0.010533850230333696,0.00814247759849785,0.002669760645903897,0.012820425209091274,0.00952008513280671,0.01011446857136438,0.0003983615729274509,0.010082905879091941,0.014022057788769294,0.010639321836028068,0.013962283320464544,0.014792258615497787,0.0059392886831394105
0.0009505160357305898,0.0003906182505665603,0.0006022522709595504,0.0008018507892259948,0.00833901845346568,0.000826478604041656,0.00028526664531074397,0.0015289565067690002,-0.0013134833757552096,0.0013484499991570378,0.0011947794696041331,0.0011744410667231435,0.00973115185688477,0.0015560048739777365,-0.0012730890762405215,-0.0021470022830284447,0.0007535196394772338
0.00379715006051659,0.006534016847936954,-0.0006018897814717918,0.0012018230542422002,-0.0008274182859547912,0.005135563213078054,0.0005705542574302908,0.008312782756486252,0.010252413121967304,0.0067305012609509395,0.004177387640473409,0.004105875790974632,0.015217041226793147,0.007129604107946073,0.006024953497182482,0.015060756837625472,0.0036396598348656813
0.00979853078722948,0.008448747462248217,0.0017873375899244363,-0.0006002428649699153,-0.0012415616269884527,0.002951553550754573,0.003727119123872893,0.005672183757058986,0.003902967814170375,0.007717080603408043,0.001585035328248247,0.002920482510981297,0.01142069209592056,0.0065939619656160955,0.006497726203881501,0.011537389367291722,0.003506320019204102
0.000938822782966197,-0.004910660000692304,0.0006022226964938508,-0.0008009590600575313,0.004696253414108337,0.002643422213922335,0.0001894517808437318,0.002936015616816173,-0.002721594789898453,0.0024695733447765256,0.0009890290472315422,-0.002329729296954513,0.006197284469972214,0.003887347486647293,0.0033269525839629737,-0.003319812935801985,0.001248873892863583
-0.0021889022579127827,0.003387198697887762,0.0008019404110621294,0.00020062176081872787,0.013885298227000615,-0.0005455214041591237,0.00028413400202443467,0.0008365066323701929,0.0041298967012382394,-0.0007579554580368602,0.0015806459326447074,0.0017514385141380552,0.001231907508115423,0.0002701549499784707,0.0003431268958899456,0.004441426903379996,-0.0004988082726317027
0.007207651104096123,0.006653991241924221,0.0006010585444864043,0.0008014403233599073,0.004203543765821943,0.002001270075343316,0.0005687971692734161,0.00559931865802339,0.0019456670211754504,0.003223826549411773,0.001183613575499782,0.004370650153832549,0.006889653373553135,0.0027906800007158642,0.0008001096066963544,0.008290885311719972,0.0003739838495194876
0.0018671681163784442,0.0011493882771721744,-0.0004005572174203047,0.00040006210497951403,-0.006886663220505493,-0.0006353503990674437,-0.0003788336839132925,-0.004072370464409393,0.0023302076983422407,-0.0011340774672138126,0.00019707792046090236,0.0005802966395258476,0.0,-0.0011666914716564065,0.002398194400275957,0.002302662267401361,0.00024954277579331517
0.0050565969695941,0.0022088725190307504,0.0017245915025443704,0.0008011312774916625,-0.002885804159642089,0.0027660099454919307,0.001317627269352717,0.004211608091094679,0.0003871647529968216,0.0031135231931151753,0.0006907022847398036,-0.00029014751423601714,0.010318923452566306,0.004493288199950119,0.005192807138046673,0.003421946902191325,0.0013365027842767256
-0.009006441569910702,-0.008517449040716451,0.0008007358250853793,0.00019984361894801944,-0.0008201615202182907,-0.004539078155111959,-0.0017993449128735153,-0.009165215224240018,-0.0017077834232869288,-0.010586154074578469,-0.003548767532998024,-0.004930406215375177,-0.016321563746771104,-0.007176839287777747,-0.010910552181171658,-0.014768646065787353,-0.002493875883088692
0.0062676282997415275,0.003571326794397315,0.00019992822207297168,-0.00019980368945563947,0.006159966777378326,0.0003649698078365169,9.486131058996629e-05,0.0021864860527444963,-0.0015549040236162695,0.004585640901675085,0.0009892489190055065,-0.0026230690192186237,-0.0014856187044797009,0.0018073152311654025,0.0016089182181832475,0.0037751225406175907,-0.0007506153981466457
0.004671588607845369,0.006444412987306849,-0.0001998882587687828,0.0,-0.0019044445254931008,0.0044667822664598905,0.001422845637642871,0.009733114768815776,0.009735091600461206,0.007226815567610158,0.002569615227371932,0.0061364478641152105,0.018352963096091086,0.006223663051293111,0.009636402983873572,0.015044201024069647,0.0041290842150766074
0.0068954053738944105,0.0041041171361402605,0.001300510360641894,-0.00038040795880629676,0.0005252477977684426,0.005053234287968624,0.002428716882585714,0.007806472378706391,0.0007710722461731336,0.0055445029232926955,0.0035173313511039665,0.004647371750423246,0.012368073864938664,0.00710591461732837,0.006365857230419457,0.012361513245604229,0.0034262673187406816
0.0009258293251310826,-0.0018120245800206237,0.0006001085599651805,-0.0004004709976881663,-0.007926586246241991,-0.00018111120754564213,0.0004731486042186188,-0.001488266074339893,-0.002697671667926373,-0.0005643495652049557,-0.001377251388024227,0.0002889747831702372,-0.0007241248961700098,8.936346642251102e-05,-0.00124540441796623,0.0004321688970687412,0.0004978830123813276
-0.00030855088680086786,0.004395886367708096,0.000999588141790266,0.0016023572462981524,-0.0009649363514433838,0.002533711423696169,0.0011347566564020243,0.003395304662915112,0.004812688469998039,0.003012511478291375,0.001970242515063416,0.0020233014296324263,-0.000724895805459451,0.0022307416880807387,0.004647186169444303,0.0006481627829343125,0.0026111669563250684
0.009871032563882602,0.013891704173223359,-0.0017972586453460586,0.0,0.0011038626739329684,0.004964857454099818,0.0013226886236533965,0.01551532806157614,0.0019267201408804,0.009386106371930348,0.0011800267527044984,0.005768400859180864,0.03022242623736988,0.011307057803515423,0.008123652632544583,0.02751981519975982,0.002852396355990851
0.011953338470130736,0.009224439865514591,0.0016415594197160869,-0.0003406228344364922,0.002583844445747216,0.005806580586235841,0.001614210443500543,0.013708833401633213,0.005384566347373638,0.012156939852968658,0.00489761630645885,0.002868291083929749,0.02958718568928241,0.012167648456551279,0.00975045297817637,0.02524394858517676,0.0017844469104604421
-0.007564482526403381,-0.007270077734598828,0.0005997107554107699,0.0,0.008818801520590086,-0.005368883365510071,-0.0016976106010421102,-0.010530831689095374,-0.005355728074219511,-0.010863324686542173,-0.0025450774233025625,-0.006005318901500256,-0.025617674347344514,-0.010551340474656494,-0.010002537117344244,-0.021278431879595223,-0.00494651444690975
0.003049144294141184,0.003567674925487492,0.0005996053162775572,0.0012012008600580677,0.002732023590170289,0.002608913982954481,9.468396552669392e-05,0.002031123473187269,0.005915761710498664,0.0031645653262868537,-0.0005889883348546949,0.004315144168964478,0.010328754133287295,0.003084749350546545,0.005613032155950071,0.006826987964232253,0.002733856232719209
0.00455909444084829,0.005239273250519743,0.00039921528557932247,-0.0009996211550548368,-0.005993765195354597,0.003679156246624371,0.0019834332065142113,0.0052696332174475636,0.0019157001348263454,0.003339961553293841,0.002749708676847917,0.003150848733179418,0.0065053480334657425,0.0041291564193196295,0.005358311921391035,0.007928101270077051,0.0030986303047156358
-0.008169319116734934,-0.008562186768951546,-0.0001996548605629009,0.0022014764455398073,-0.0015072377429243926,-0.0060795039296552035,-0.0019795069866244135,-0.01233942628465812,-0.0038241155892726024,-0.007582719538042463,-0.0021544491228429738,-0.006282263993692799,-0.023083768370913905,-0.008836965583148988,-0.00999310437727923,-0.01976804081854673,-0.004695063293269556
0.008550638571955557,0.009012306954487185,0.0013385595741178702,-0.0008776027026226497,0.011751019961199365,0.0051342688707470725,0.00187005323370315,0.01325282479429652,0.004606595962195132,0.008590714066382586,0.0013724020349966547,0.0043108499133223495,0.0196937557714514,0.01067719328136738,0.009036845596329678,0.020516278427305013,0.004878983974622574
-0.0009096993303209561,-0.003916516607172027,0.0005988113875923447,0.0014001632144410915,0.008571298780424376,-0.0002689104077347729,-0.00028327331020612913,-0.002666360671084529,-0.006113867564669917,-0.004629018530914128,0.0011780129545693595,-0.0014308622126475525,-0.0009297944593050588,-0.00175144533980706,-0.001560083550116592,-0.003736775374114399,-0.000742274450643699
0.0012139591825323275,-0.0002807217135046587,0.00019960395838967,0.00039952624037040927,0.0009443225342619303,-0.0003588332527470789,-0.0012272946955767829,-0.00024308972733060865,0.0016479996264594644,0.0005580494233084429,-0.001960843038117113,-0.0022922267076487656,0.003490886823503773,-8.776557891270308e-05,-0.001451002705900878,0.00010394816036217215,-0.0008670407863385097
-0.0039405919468517864,0.001123632255805113,-0.00019956412460044718,-0.0011981629510000535,0.006468952110112297,-0.0014352792386371116,0.0,-0.0004052184164611858,0.0019229612563775144,-0.00018586580537109128,-0.00039286799976060533,0.0,-0.0011596592089931762,-0.0005260785335576424,-0.0004471394487535361,-0.002812926967671949,-0.0009916916819185488
0.00121811851155636,-0.005822242665380506,0.0006386229015567745,-0.0009996458970791613,-0.012504068023563634,-0.003684261551603319,0.000254373474964634,-0.009847828040169973,-0.0015354082240006954,-0.006880626185936905,-0.00021785997406860392,-0.004020612894643934,-0.018358268557908168,-0.008426372260241753,-0.004189409410491425,-0.018790678238979563,0.0007431865760483079
-0.004874780048014745,-0.004621040708967747,0.0009976148880400065,0.0020012923778725696,0.00013570583586141208,0.0007214765888213008,0.0004731058931012667,-0.0007385723101750418,-0.004614050249193187,-0.003376964166163078,0.00039381948023115856,0.0014416389679009168,-0.002373295733377634,-0.00256702106316998,0.0002249929019361936,0.00032077493976998266,0.00037284904130717363
0.004898659937741256,0.009663676548557513,0.0,-0.0017972888601876004,0.0,0.0024333536050393924,0.0,0.009446960449106787,0.008575587958822054,0.008847840527780931,0.0009836486710148326,0.003455442591960747,0.019029493853957413,0.008786054971995343,0.005629239391844946,0.01602017565203729,0.0003721930682468674
0.004570320896545418,0.0015950880865224749,0.0005977068515746563,0.0012005600428557953,0.009109500243792734,0.0010789569752291713,0.00028355595942986304,0.0024414334400877985,-0.0007672569453101263,0.002425818700215326,0.00019639849993257868,0.0017214554015551524,0.0011670426588057585,0.001231528168987452,0.0027982084905919173,0.0059918481492187954,-0.0002480054741158594
-0.008189336400996781,-0.009274886469115395,-0.000796761278084273,0.0007991198392276064,-0.00633211139663313,-0.005208945294183329,-0.002458306340216996,-0.008686487767142419,-0.003840340303923843,-0.01079651331646733,-0.004717610638659691,-0.006015521946034264,-0.013989167021857749,-0.007995794329127694,-0.006809091707213955,-0.013583946655747164,-0.0028556401587210376
-0.0005909440154989755,0.0010212876011025881,0.0010169915880454113,6.086845594898315e-05,0.011892371098984585,0.001807585090088036,0.0021039755860698408,-0.001404424453294426,0.00038546501829645163,0.0022826996929059718,0.0037512516171685135,-0.0008643881233115253,-0.005218999407875957,0.000343502823445846,0.00012835369562777467,-0.0033742426142596518,0.0016162888524455178
0.003681004187798432,0.004734277394390473,0.0005982716199900438,0.0011989077051986945,0.006717641567434768,0.003160344827518285,0.0005681830894868838,0.0073177802484323436,0.003544284728469025,0.004515279129082017,0.0013796794948593776,0.004038038113658858,0.013117089568700606,0.004882307091655439,0.005634016397436681,0.013758665888013315,0.002116802929496297
-0.005806959305154178,-0.009046161866241556,0.00019910120568294561,-0.00019956820393093741,-0.006939823001560807,-0.004410559633681374,-0.0006627691056522004,-0.013386823195853848,-0.004617209458388207,-0.008990409913342644,-0.0017714087477654753,-0.004021797940290531,-0.022598823035243368,-0.009010707784440776,-0.008067759572951003,-0.02619658375524656,-0.0023606861064740426
